25 x[1,0] 0
26 x[2,0] 0
27 x[3,0] 0
28 x[4,0] 0
29 x[5,0] 0
30 x[6,0] 0
31 x[7,0] 0
32 x[8,0] 0
33 x[9,0] 0
34 x[10,0] 0
35 x[11,0] 0
36 x[12,0] 0
29023 f[1,1,0] 0
29024 f[1,2,0] 0
29025 f[1,3,0] 0
29026 f[1,4,0] 0
29027 f[1,5,0] 0
29028 f[1,6,0] 0
29029 f[1,7,0] 0
29030 f[1,8,0] 0
29031 f[1,9,0] 0
29032 f[1,10,0] 0
29033 f[1,11,0] 0
29034 f[1,12,0] 0
29035 f[1,13,0] 0
29036 f[1,14,0] 0
29037 f[1,15,0] 0
29038 f[1,16,0] 0
29039 f[1,17,0] 0
29040 f[1,18,0] 0
29041 f[1,19,0] 0
29042 f[1,20,0] 0
29043 f[1,21,0] 0
29044 f[1,22,0] 0
29045 f[1,23,0] 0
29046 f[1,24,0] 0
29047 f[1,25,0] 0
29048 f[1,26,0] 2
29049 f[1,27,0] 0
29050 f[1,28,0] 0
29051 f[1,29,0] 0
29052 f[1,30,0] 0
29053 f[1,31,0] 0
29054 f[1,32,0] 0
29055 f[1,33,0] 0
29056 f[1,34,0] 0
29057 f[1,35,0] 0
29058 f[1,36,0] 0
29059 f[1,37,0] 0
29060 f[1,38,0] 0
29061 f[1,39,0] 0
29062 f[1,40,0] 0
29063 f[1,41,0] 0
29064 f[1,42,0] 0
29065 f[1,43,0] 0
29066 f[1,44,0] 0
29067 f[1,45,0] 0
29068 f[1,46,0] 0
29069 f[1,47,0] 0
29070 f[1,48,0] 0
29071 f[1,49,0] 0
29072 f[1,50,0] 0
29073 f[1,51,0] 0
29074 f[1,52,0] 0
29075 f[1,53,0] 0
29076 f[1,54,0] 0
29077 f[1,55,0] 0
29078 f[1,56,0] 0
29079 f[1,57,0] 0
29080 f[1,58,0] 0
29081 f[1,59,0] 0
29082 f[1,60,0] 0
29083 f[1,61,0] 0
29084 f[1,62,0] 0
29085 f[1,63,0] 0
29086 f[1,64,0] 0
29087 f[1,65,0] 0
29088 f[1,66,0] 0
29089 f[1,67,0] 0
29090 f[1,68,0] 0
29091 f[1,69,0] 0
29092 f[1,70,0] 0
29093 f[1,71,0] 0
29094 f[1,72,0] 0
29095 f[1,73,0] 0
29096 f[1,74,0] 0
29097 f[1,75,0] 0
29098 f[1,76,0] 0
29099 f[1,77,0] 0
29100 f[1,78,0] 0
29101 f[1,79,0] 0
29102 f[1,80,0] 1
29103 f[1,81,0] 0
29104 f[1,82,0] 0
29105 f[1,83,0] 0
29106 f[1,84,0] 0
29107 f[1,85,0] 0
29108 f[1,86,0] 0
29109 f[1,87,0] 0
29110 f[1,88,0] 0
29111 f[1,89,0] 0
29112 f[1,90,0] 0
29113 f[1,91,0] 0
29114 f[1,92,0] 0
29115 f[1,93,0] 0
29116 f[1,94,0] 0
29117 f[1,95,0] 0
29118 f[1,96,0] 0
29119 f[1,97,0] 0
29120 f[1,98,0] 0
29121 f[1,99,0] 0
29122 f[1,100,0] 0
29123 f[1,101,0] 0
29124 f[1,102,0] 0
29125 f[1,103,0] 0
29126 f[1,104,0] 0
29127 f[1,105,0] 0
29128 f[1,106,0] 0
29129 f[1,107,0] 0
29130 f[1,108,0] 0
29131 f[1,109,0] 0
29132 f[1,110,0] 0
29133 f[1,111,0] 0
29134 f[1,112,0] 0
29135 f[1,113,0] 0
29136 f[1,114,0] 0
29137 f[1,115,0] 0
29138 f[1,116,0] 0
29139 f[1,117,0] 0
29140 f[1,118,0] 0
29141 f[1,119,0] 0
29142 f[1,120,0] 0
29143 f[1,121,0] 0
29144 f[1,122,0] 0
29145 f[1,123,0] 0
29146 f[1,124,0] 0
29147 f[1,125,0] 0
29148 f[1,126,0] 0
29149 f[1,127,0] 0
29150 f[1,128,0] 2
29151 f[1,129,0] 0
29152 f[1,130,0] 0
29153 f[1,131,0] 0
29154 f[1,132,0] 0
29155 f[1,133,0] 0
29156 f[1,134,0] 0
29157 f[1,135,0] 0
29158 f[1,136,0] 0
29159 f[1,137,0] 0
29160 f[1,138,0] 0
29161 f[1,139,0] 0
29162 f[1,140,0] 0
29163 f[1,141,0] 0
29164 f[1,142,0] 0
29165 f[1,143,0] 0
29166 f[1,144,0] 0
29167 f[1,145,0] 0
29168 f[1,146,0] 0
29169 f[1,147,0] 0
29170 f[1,148,0] 0
29171 f[1,149,0] 0
29172 f[1,150,0] 0
29173 f[1,151,0] 0
29174 f[1,152,0] 0
29175 f[1,153,0] 0
29176 f[1,154,0] 0
29177 f[1,155,0] 0
29178 f[1,156,0] 0
29179 f[1,157,0] 0
29180 f[1,158,0] 0
29181 f[1,159,0] 0
29182 f[1,160,0] 0
29183 f[1,161,0] 0
29184 f[1,162,0] 0
29185 f[1,163,0] 0
29186 f[1,164,0] 0
29187 f[1,165,0] 0
29188 f[1,166,0] 0
29189 f[1,167,0] 0
29190 f[1,168,0] 0
29191 f[1,169,0] 0
29192 f[1,170,0] 0
29193 f[1,171,0] 0
29194 f[1,172,0] 0
29195 f[1,173,0] 0
29196 f[1,174,0] 0
29197 f[1,175,0] 0
29198 f[1,176,0] 0
29199 f[1,177,0] 0
29200 f[1,178,0] 0
29201 f[1,179,0] 0
29202 f[1,180,0] 0
29203 f[1,181,0] 0
29204 f[1,182,0] 0
29205 f[1,183,0] 0
29206 f[1,184,0] 0
29207 f[1,185,0] 0
29208 f[1,186,0] 0
29209 f[1,187,0] 0
29210 f[1,188,0] 0
29211 f[1,189,0] 0
29212 f[1,190,0] 0
29213 f[1,191,0] 0
29214 f[1,192,0] 0
29215 f[1,193,0] 0
29216 f[1,194,0] 0
29217 f[1,195,0] 0
29218 f[1,196,0] 0
29219 f[1,197,0] 0
29220 f[1,198,0] 0
29221 f[1,199,0] 0
29222 f[1,200,0] 0
29223 f[1,201,0] 0
29224 f[1,202,0] 0
29225 f[1,203,0] 0
29226 f[1,204,0] 0
29227 f[1,205,0] 0
29228 f[1,206,0] 0
29229 f[1,207,0] 0
29230 f[1,208,0] 0
29231 f[1,209,0] 0
29232 f[1,210,0] 0
29233 f[1,211,0] 0
29234 f[1,212,0] 1
29235 f[1,213,0] 0
29236 f[1,214,0] 0
29237 f[1,215,0] 0
29238 f[1,216,0] 0
28807 g[1,1,0] 1.999999999999999
28808 g[1,2,0] 4.885339367793269e-17
28809 g[1,3,0] 0.9999999999999996
28810 g[1,4,0] 1.5707963267948963
28811 g[1,5,0] -8.659560562354932e-17
28812 g[1,6,0] 3.141592653589793
28813 g[1,7,0] 1.499999999999999
28814 g[1,8,0] 3.141958014147385e-16
28815 g[1,9,0] 0.9999999999999992
28816 g[1,10,0] 1.5707963267948963
28817 g[1,11,0] -8.659560562354932e-17
28818 g[1,12,0] 3.141592653589793
28819 g[1,13,0] 0.9999999999999994
28820 g[1,14,0] 1.3544899930148195e-16
28821 g[1,15,0] 0.9999999999999994
28822 g[1,16,0] 1.5707963267948963
28823 g[1,17,0] -8.659560562354932e-17
28824 g[1,18,0] 3.141592653589793
28825 g[1,19,0] 0.49999999999999956
28826 g[1,20,0] 1.7874680211325653e-16
28827 g[1,21,0] 0.9999999999999991
28828 g[1,22,0] 1.5707963267948963
28829 g[1,23,0] -8.659560562354932e-17
28830 g[1,24,0] 3.141592653589793
28831 g[1,25,0] -1.3544899930148193e-16
28832 g[1,26,0] -1.6653345369377328e-16
28833 g[1,27,0] 0.9999999999999993
28834 g[1,28,0] 1.5707963267948963
28835 g[1,29,0] -8.659560562354932e-17
28836 g[1,30,0] 3.141592653589793
28837 g[1,31,0] -0.49999999999999967
28838 g[1,32,0] 4.3297802811774646e-17
28839 g[1,33,0] 0.9999999999999991
28840 g[1,34,0] 1.5707963267948963
28841 g[1,35,0] -8.659560562354932e-17
28842 g[1,36,0] 3.141592653589793
28843 g[1,37,0] -1
28844 g[1,38,0] -1.3544899930148186e-16
28845 g[1,39,0] 0.999999999999999
28846 g[1,40,0] 1.5707963267948963
28847 g[1,41,0] -8.659560562354932e-17
28848 g[1,42,0] 3.141592653589793
28849 g[1,43,0] -1.4999999999999991
28850 g[1,44,0] 1.2989340843532388e-16
28851 g[1,45,0] 0.999999999999999
28852 g[1,46,0] 1.5707963267948963
28853 g[1,47,0] -8.659560562354932e-17
28854 g[1,48,0] 3.141592653589793
28855 g[1,49,0] -1.9999999999999991
28856 g[1,50,0] -4.929426035279949e-16
28857 g[1,51,0] 0.9999999999999991
28858 g[1,52,0] 1.5707963267948963
28859 g[1,53,0] -8.659560562354932e-17
28860 g[1,54,0] 3.141592653589793
28861 g[1,55,0] -2.000000000000001
28862 g[1,56,0] -2.2204460492503136e-16
28863 g[1,57,0] 0.9999999999999998
28864 g[1,58,0] 1.5707963267948963
28865 g[1,59,0] 4.440892098500626e-16
28866 g[1,60,0] -1.5707963267948963
28867 g[1,61,0] -2
28868 g[1,62,0] -3.885780586188047e-16
28869 g[1,63,0] 0.7499999999999992
28870 g[1,64,0] 1.5707963267948963
28871 g[1,65,0] 4.440892098500626e-16
28872 g[1,66,0] -1.5707963267948963
28873 g[1,67,0] -2.0000000000000018
28874 g[1,68,0] -4.44089209850063e-16
28875 g[1,69,0] 0.5000000000000001
28876 g[1,70,0] 1.5707963267948963
28877 g[1,71,0] 4.440892098500626e-16
28878 g[1,72,0] -1.5707963267948963
28879 g[1,73,0] -2.0000000000000004
28880 g[1,74,0] -4.996003610813203e-16
28881 g[1,75,0] 0.24999999999999967
28882 g[1,76,0] 1.5707963267948963
28883 g[1,77,0] 4.440892098500626e-16
28884 g[1,78,0] -1.5707963267948963
28885 g[1,79,0] -2.0000000000000004
28886 g[1,80,0] -2.2204460492503106e-16
28887 g[1,81,0] -4.440892098500625e-16
28888 g[1,82,0] 1.5707963267948963
28889 g[1,83,0] 4.440892098500626e-16
28890 g[1,84,0] -1.5707963267948963
28891 g[1,85,0] -2.0000000000000004
28892 g[1,86,0] -7.216449660063518e-16
28893 g[1,87,0] -0.2500000000000005
28894 g[1,88,0] 1.5707963267948963
28895 g[1,89,0] 4.440892098500626e-16
28896 g[1,90,0] -1.5707963267948963
28897 g[1,91,0] -2.000000000000001
28898 g[1,92,0] -7.771561172376098e-16
28899 g[1,93,0] -0.5000000000000006
28900 g[1,94,0] 1.5707963267948963
28901 g[1,95,0] 4.440892098500626e-16
28902 g[1,96,0] -1.5707963267948963
28903 g[1,97,0] -2.000000000000001
28904 g[1,98,0] -1.0547118733938991e-15
28905 g[1,99,0] -0.7500000000000011
28906 g[1,100,0] 1.5707963267948963
28907 g[1,101,0] 4.440892098500626e-16
28908 g[1,102,0] -1.5707963267948963
28909 g[1,103,0] -2.000000000000001
28910 g[1,104,0] -1.3322676295501882e-15
28911 g[1,105,0] -1.0000000000000007
28912 g[1,106,0] 1.5707963267948963
28913 g[1,107,0] 4.440892098500626e-16
28914 g[1,108,0] -1.5707963267948963
28915 g[1,109,0] -1.9999999999999991
28916 g[1,110,0] -4.929426035279949e-16
28917 g[1,111,0] -0.9999999999999991
28918 g[1,112,0] -1.5707963267948963
28919 g[1,113,0] 8.659560562354932e-17
28920 g[1,114,0] 3.141592653589793
28921 g[1,115,0] -1.4999999999999991
28922 g[1,116,0] 1.2989340843532388e-16
28923 g[1,117,0] -0.999999999999999
28924 g[1,118,0] -1.5707963267948963
28925 g[1,119,0] 8.659560562354932e-17
28926 g[1,120,0] 3.141592653589793
28927 g[1,121,0] -1
28928 g[1,122,0] -1.3544899930148186e-16
28929 g[1,123,0] -0.999999999999999
28930 g[1,124,0] -1.5707963267948963
28931 g[1,125,0] 8.659560562354932e-17
28932 g[1,126,0] 3.141592653589793
28933 g[1,127,0] -0.49999999999999967
28934 g[1,128,0] 4.3297802811774646e-17
28935 g[1,129,0] -0.9999999999999991
28936 g[1,130,0] -1.5707963267948963
28937 g[1,131,0] 8.659560562354932e-17
28938 g[1,132,0] 3.141592653589793
28939 g[1,133,0] -1.3544899930148193e-16
28940 g[1,134,0] -1.6653345369377328e-16
28941 g[1,135,0] -0.9999999999999993
28942 g[1,136,0] -1.5707963267948963
28943 g[1,137,0] 8.659560562354932e-17
28944 g[1,138,0] 3.141592653589793
28945 g[1,139,0] 0.49999999999999956
28946 g[1,140,0] 1.7874680211325653e-16
28947 g[1,141,0] -0.9999999999999991
28948 g[1,142,0] -1.5707963267948963
28949 g[1,143,0] 8.659560562354932e-17
28950 g[1,144,0] 3.141592653589793
28951 g[1,145,0] 0.9999999999999994
28952 g[1,146,0] 1.3544899930148195e-16
28953 g[1,147,0] -0.9999999999999994
28954 g[1,148,0] -1.5707963267948963
28955 g[1,149,0] 8.659560562354932e-17
28956 g[1,150,0] 3.141592653589793
28957 g[1,151,0] 1.499999999999999
28958 g[1,152,0] 3.141958014147385e-16
28959 g[1,153,0] -0.9999999999999992
28960 g[1,154,0] -1.5707963267948963
28961 g[1,155,0] 8.659560562354932e-17
28962 g[1,156,0] 3.141592653589793
28963 g[1,157,0] 1.999999999999999
28964 g[1,158,0] 4.885339367793269e-17
28965 g[1,159,0] -0.9999999999999996
28966 g[1,160,0] -1.5707963267948963
28967 g[1,161,0] 8.659560562354932e-17
28968 g[1,162,0] 3.141592653589793
28969 g[1,163,0] 2.000000000000001
28970 g[1,164,0] -2.2204460492503136e-16
28971 g[1,165,0] -0.9999999999999998
28972 g[1,166,0] -1.5707963267948963
28973 g[1,167,0] 4.440892098500626e-16
28974 g[1,168,0] 1.5707963267948963
28975 g[1,169,0] 2
28976 g[1,170,0] -3.885780586188047e-16
28977 g[1,171,0] -0.7499999999999992
28978 g[1,172,0] -1.5707963267948963
28979 g[1,173,0] 4.440892098500626e-16
28980 g[1,174,0] 1.5707963267948963
28981 g[1,175,0] 2.0000000000000018
28982 g[1,176,0] -4.44089209850063e-16
28983 g[1,177,0] -0.5000000000000001
28984 g[1,178,0] -1.5707963267948963
28985 g[1,179,0] 4.440892098500626e-16
28986 g[1,180,0] 1.5707963267948963
28987 g[1,181,0] 2.0000000000000004
28988 g[1,182,0] -4.996003610813203e-16
28989 g[1,183,0] -0.24999999999999967
28990 g[1,184,0] -1.5707963267948963
28991 g[1,185,0] 4.440892098500626e-16
28992 g[1,186,0] 1.5707963267948963
28993 g[1,187,0] 2.0000000000000004
28994 g[1,188,0] -2.2204460492503106e-16
28995 g[1,189,0] 4.440892098500625e-16
28996 g[1,190,0] -1.5707963267948963
28997 g[1,191,0] 4.440892098500626e-16
28998 g[1,192,0] 1.5707963267948963
28999 g[1,193,0] 2.0000000000000004
29000 g[1,194,0] -7.216449660063518e-16
29001 g[1,195,0] 0.2500000000000005
29002 g[1,196,0] -1.5707963267948963
29003 g[1,197,0] 4.440892098500626e-16
29004 g[1,198,0] 1.5707963267948963
29005 g[1,199,0] 2.000000000000001
29006 g[1,200,0] -7.771561172376098e-16
29007 g[1,201,0] 0.5000000000000006
29008 g[1,202,0] -1.5707963267948963
29009 g[1,203,0] 4.440892098500626e-16
29010 g[1,204,0] 1.5707963267948963
29011 g[1,205,0] 2.000000000000001
29012 g[1,206,0] -1.0547118733938991e-15
29013 g[1,207,0] 0.7500000000000011
29014 g[1,208,0] -1.5707963267948963
29015 g[1,209,0] 4.440892098500626e-16
29016 g[1,210,0] 1.5707963267948963
29017 g[1,211,0] 2.000000000000001
29018 g[1,212,0] -1.3322676295501882e-15
29019 g[1,213,0] 1.0000000000000007
29020 g[1,214,0] -1.5707963267948963
29021 g[1,215,0] 4.440892098500626e-16
29022 g[1,216,0] 1.5707963267948963
18223 OSIM_X_c0[1,1,1,1,1,0] -0.9999999999999996
18224 OSIM_X_c0[1,1,1,1,2,0] 8.659560562354932e-17
18225 OSIM_X_c0[1,1,1,1,3,0] 8.659560562354932e-17
18226 OSIM_X_c0[1,1,1,1,4,0] 0
18227 OSIM_X_c0[1,1,1,1,5,0] 0
18228 OSIM_X_c0[1,1,1,1,6,0] 0
18229 OSIM_X_c0[1,1,1,2,1,0] -8.659560562354932e-17
18230 OSIM_X_c0[1,1,1,2,2,0] 2.220446049250313e-16
18231 OSIM_X_c0[1,1,1,2,3,0] -0.9999999999999998
18232 OSIM_X_c0[1,1,1,2,4,0] 0
18233 OSIM_X_c0[1,1,1,2,5,0] 0
18234 OSIM_X_c0[1,1,1,2,6,0] 0
18235 OSIM_X_c0[1,1,1,3,1,0] -8.659560562354932e-17
18236 OSIM_X_c0[1,1,1,3,2,0] -0.9999999999999998
18237 OSIM_X_c0[1,1,1,3,3,0] 2.220446049250313e-16
18238 OSIM_X_c0[1,1,1,3,4,0] 0
18239 OSIM_X_c0[1,1,1,3,5,0] 0
18240 OSIM_X_c0[1,1,1,3,6,0] 0
18241 OSIM_X_c0[1,1,1,4,1,0] -8.659560562354935e-17
18242 OSIM_X_c0[1,1,1,4,2,0] -1.0000000000000002
18243 OSIM_X_c0[1,1,1,4,3,0] 2.220446049250314e-16
18244 OSIM_X_c0[1,1,1,4,4,0] -0.9999999999999996
18245 OSIM_X_c0[1,1,1,4,5,0] 8.659560562354932e-17
18246 OSIM_X_c0[1,1,1,4,6,0] 8.659560562354932e-17
18247 OSIM_X_c0[1,1,1,5,1,0] 1.731912112470986e-16
18248 OSIM_X_c0[1,1,1,5,2,0] 1.9999999999999993
18249 OSIM_X_c0[1,1,1,5,3,0] -4.4408920985006257e-16
18250 OSIM_X_c0[1,1,1,5,4,0] -8.659560562354932e-17
18251 OSIM_X_c0[1,1,1,5,5,0] 2.220446049250313e-16
18252 OSIM_X_c0[1,1,1,5,6,0] -0.9999999999999998
18253 OSIM_X_c0[1,1,1,6,1,0] 0.9999999999999998
18254 OSIM_X_c0[1,1,1,6,2,0] 3.574936042265132e-16
18255 OSIM_X_c0[1,1,1,6,3,0] -1.9999999999999993
18256 OSIM_X_c0[1,1,1,6,4,0] -8.659560562354932e-17
18257 OSIM_X_c0[1,1,1,6,5,0] -0.9999999999999998
18258 OSIM_X_c0[1,1,1,6,6,0] 2.220446049250313e-16
18259 OSIM_X_c0[1,2,2,1,1,0] -0.9999999999999996
18260 OSIM_X_c0[1,2,2,1,2,0] 8.659560562354932e-17
18261 OSIM_X_c0[1,2,2,1,3,0] 8.659560562354932e-17
18262 OSIM_X_c0[1,2,2,1,4,0] 0
18263 OSIM_X_c0[1,2,2,1,5,0] 0
18264 OSIM_X_c0[1,2,2,1,6,0] 0
18265 OSIM_X_c0[1,2,2,2,1,0] -8.659560562354932e-17
18266 OSIM_X_c0[1,2,2,2,2,0] 2.220446049250313e-16
18267 OSIM_X_c0[1,2,2,2,3,0] -0.9999999999999998
18268 OSIM_X_c0[1,2,2,2,4,0] 0
18269 OSIM_X_c0[1,2,2,2,5,0] 0
18270 OSIM_X_c0[1,2,2,2,6,0] 0
18271 OSIM_X_c0[1,2,2,3,1,0] -8.659560562354932e-17
18272 OSIM_X_c0[1,2,2,3,2,0] -0.9999999999999998
18273 OSIM_X_c0[1,2,2,3,3,0] 2.220446049250313e-16
18274 OSIM_X_c0[1,2,2,3,4,0] 0
18275 OSIM_X_c0[1,2,2,3,5,0] 0
18276 OSIM_X_c0[1,2,2,3,6,0] 0
18277 OSIM_X_c0[1,2,2,4,1,0] -8.659560562354935e-17
18278 OSIM_X_c0[1,2,2,4,2,0] -1.0000000000000002
18279 OSIM_X_c0[1,2,2,4,3,0] 2.220446049250314e-16
18280 OSIM_X_c0[1,2,2,4,4,0] -0.9999999999999996
18281 OSIM_X_c0[1,2,2,4,5,0] 8.659560562354932e-17
18282 OSIM_X_c0[1,2,2,4,6,0] 8.659560562354932e-17
18283 OSIM_X_c0[1,2,2,5,1,0] 1.731912112470986e-16
18284 OSIM_X_c0[1,2,2,5,2,0] 1.9999999999999993
18285 OSIM_X_c0[1,2,2,5,3,0] -4.4408920985006257e-16
18286 OSIM_X_c0[1,2,2,5,4,0] -8.659560562354932e-17
18287 OSIM_X_c0[1,2,2,5,5,0] 2.220446049250313e-16
18288 OSIM_X_c0[1,2,2,5,6,0] -0.9999999999999998
18289 OSIM_X_c0[1,2,2,6,1,0] 0.9999999999999998
18290 OSIM_X_c0[1,2,2,6,2,0] 3.574936042265132e-16
18291 OSIM_X_c0[1,2,2,6,3,0] -1.9999999999999993
18292 OSIM_X_c0[1,2,2,6,4,0] -8.659560562354932e-17
18293 OSIM_X_c0[1,2,2,6,5,0] -0.9999999999999998
18294 OSIM_X_c0[1,2,2,6,6,0] 2.220446049250313e-16
18295 OSIM_X_c0[1,3,3,1,1,0] -0.9999999999999996
18296 OSIM_X_c0[1,3,3,1,2,0] 8.659560562354932e-17
18297 OSIM_X_c0[1,3,3,1,3,0] 8.659560562354932e-17
18298 OSIM_X_c0[1,3,3,1,4,0] 0
18299 OSIM_X_c0[1,3,3,1,5,0] 0
18300 OSIM_X_c0[1,3,3,1,6,0] 0
18301 OSIM_X_c0[1,3,3,2,1,0] -8.659560562354932e-17
18302 OSIM_X_c0[1,3,3,2,2,0] 2.220446049250313e-16
18303 OSIM_X_c0[1,3,3,2,3,0] -0.9999999999999998
18304 OSIM_X_c0[1,3,3,2,4,0] 0
18305 OSIM_X_c0[1,3,3,2,5,0] 0
18306 OSIM_X_c0[1,3,3,2,6,0] 0
18307 OSIM_X_c0[1,3,3,3,1,0] -8.659560562354932e-17
18308 OSIM_X_c0[1,3,3,3,2,0] -0.9999999999999998
18309 OSIM_X_c0[1,3,3,3,3,0] 2.220446049250313e-16
18310 OSIM_X_c0[1,3,3,3,4,0] 0
18311 OSIM_X_c0[1,3,3,3,5,0] 0
18312 OSIM_X_c0[1,3,3,3,6,0] 0
18313 OSIM_X_c0[1,3,3,4,1,0] -8.659560562354935e-17
18314 OSIM_X_c0[1,3,3,4,2,0] -1.0000000000000002
18315 OSIM_X_c0[1,3,3,4,3,0] 2.220446049250314e-16
18316 OSIM_X_c0[1,3,3,4,4,0] -0.9999999999999996
18317 OSIM_X_c0[1,3,3,4,5,0] 8.659560562354932e-17
18318 OSIM_X_c0[1,3,3,4,6,0] 8.659560562354932e-17
18319 OSIM_X_c0[1,3,3,5,1,0] 1.731912112470986e-16
18320 OSIM_X_c0[1,3,3,5,2,0] 1.9999999999999993
18321 OSIM_X_c0[1,3,3,5,3,0] -4.4408920985006257e-16
18322 OSIM_X_c0[1,3,3,5,4,0] -8.659560562354932e-17
18323 OSIM_X_c0[1,3,3,5,5,0] 2.220446049250313e-16
18324 OSIM_X_c0[1,3,3,5,6,0] -0.9999999999999998
18325 OSIM_X_c0[1,3,3,6,1,0] 0.9999999999999998
18326 OSIM_X_c0[1,3,3,6,2,0] 3.574936042265132e-16
18327 OSIM_X_c0[1,3,3,6,3,0] -1.9999999999999993
18328 OSIM_X_c0[1,3,3,6,4,0] -8.659560562354932e-17
18329 OSIM_X_c0[1,3,3,6,5,0] -0.9999999999999998
18330 OSIM_X_c0[1,3,3,6,6,0] 2.220446049250313e-16
18331 OSIM_X_c0[1,4,4,1,1,0] -0.9999999999999996
18332 OSIM_X_c0[1,4,4,1,2,0] 8.659560562354932e-17
18333 OSIM_X_c0[1,4,4,1,3,0] 8.659560562354932e-17
18334 OSIM_X_c0[1,4,4,1,4,0] 0
18335 OSIM_X_c0[1,4,4,1,5,0] 0
18336 OSIM_X_c0[1,4,4,1,6,0] 0
18337 OSIM_X_c0[1,4,4,2,1,0] -8.659560562354932e-17
18338 OSIM_X_c0[1,4,4,2,2,0] 2.220446049250313e-16
18339 OSIM_X_c0[1,4,4,2,3,0] -0.9999999999999998
18340 OSIM_X_c0[1,4,4,2,4,0] 0
18341 OSIM_X_c0[1,4,4,2,5,0] 0
18342 OSIM_X_c0[1,4,4,2,6,0] 0
18343 OSIM_X_c0[1,4,4,3,1,0] -8.659560562354932e-17
18344 OSIM_X_c0[1,4,4,3,2,0] -0.9999999999999998
18345 OSIM_X_c0[1,4,4,3,3,0] 2.220446049250313e-16
18346 OSIM_X_c0[1,4,4,3,4,0] 0
18347 OSIM_X_c0[1,4,4,3,5,0] 0
18348 OSIM_X_c0[1,4,4,3,6,0] 0
18349 OSIM_X_c0[1,4,4,4,1,0] -8.659560562354935e-17
18350 OSIM_X_c0[1,4,4,4,2,0] -1.0000000000000002
18351 OSIM_X_c0[1,4,4,4,3,0] 2.220446049250314e-16
18352 OSIM_X_c0[1,4,4,4,4,0] -0.9999999999999996
18353 OSIM_X_c0[1,4,4,4,5,0] 8.659560562354932e-17
18354 OSIM_X_c0[1,4,4,4,6,0] 8.659560562354932e-17
18355 OSIM_X_c0[1,4,4,5,1,0] 1.731912112470986e-16
18356 OSIM_X_c0[1,4,4,5,2,0] 1.9999999999999993
18357 OSIM_X_c0[1,4,4,5,3,0] -4.4408920985006257e-16
18358 OSIM_X_c0[1,4,4,5,4,0] -8.659560562354932e-17
18359 OSIM_X_c0[1,4,4,5,5,0] 2.220446049250313e-16
18360 OSIM_X_c0[1,4,4,5,6,0] -0.9999999999999998
18361 OSIM_X_c0[1,4,4,6,1,0] 0.9999999999999998
18362 OSIM_X_c0[1,4,4,6,2,0] 3.574936042265132e-16
18363 OSIM_X_c0[1,4,4,6,3,0] -1.9999999999999993
18364 OSIM_X_c0[1,4,4,6,4,0] -8.659560562354932e-17
18365 OSIM_X_c0[1,4,4,6,5,0] -0.9999999999999998
18366 OSIM_X_c0[1,4,4,6,6,0] 2.220446049250313e-16
18367 OSIM_X_c0[1,5,5,1,1,0] -0.9999999999999996
18368 OSIM_X_c0[1,5,5,1,2,0] 8.659560562354932e-17
18369 OSIM_X_c0[1,5,5,1,3,0] 8.659560562354932e-17
18370 OSIM_X_c0[1,5,5,1,4,0] 0
18371 OSIM_X_c0[1,5,5,1,5,0] 0
18372 OSIM_X_c0[1,5,5,1,6,0] 0
18373 OSIM_X_c0[1,5,5,2,1,0] -8.659560562354932e-17
18374 OSIM_X_c0[1,5,5,2,2,0] 2.220446049250313e-16
18375 OSIM_X_c0[1,5,5,2,3,0] -0.9999999999999998
18376 OSIM_X_c0[1,5,5,2,4,0] 0
18377 OSIM_X_c0[1,5,5,2,5,0] 0
18378 OSIM_X_c0[1,5,5,2,6,0] 0
18379 OSIM_X_c0[1,5,5,3,1,0] -8.659560562354932e-17
18380 OSIM_X_c0[1,5,5,3,2,0] -0.9999999999999998
18381 OSIM_X_c0[1,5,5,3,3,0] 2.220446049250313e-16
18382 OSIM_X_c0[1,5,5,3,4,0] 0
18383 OSIM_X_c0[1,5,5,3,5,0] 0
18384 OSIM_X_c0[1,5,5,3,6,0] 0
18385 OSIM_X_c0[1,5,5,4,1,0] -8.659560562354935e-17
18386 OSIM_X_c0[1,5,5,4,2,0] -1.0000000000000002
18387 OSIM_X_c0[1,5,5,4,3,0] 2.220446049250314e-16
18388 OSIM_X_c0[1,5,5,4,4,0] -0.9999999999999996
18389 OSIM_X_c0[1,5,5,4,5,0] 8.659560562354932e-17
18390 OSIM_X_c0[1,5,5,4,6,0] 8.659560562354932e-17
18391 OSIM_X_c0[1,5,5,5,1,0] 1.731912112470986e-16
18392 OSIM_X_c0[1,5,5,5,2,0] 1.9999999999999993
18393 OSIM_X_c0[1,5,5,5,3,0] -4.4408920985006257e-16
18394 OSIM_X_c0[1,5,5,5,4,0] -8.659560562354932e-17
18395 OSIM_X_c0[1,5,5,5,5,0] 2.220446049250313e-16
18396 OSIM_X_c0[1,5,5,5,6,0] -0.9999999999999998
18397 OSIM_X_c0[1,5,5,6,1,0] 0.9999999999999998
18398 OSIM_X_c0[1,5,5,6,2,0] 3.574936042265132e-16
18399 OSIM_X_c0[1,5,5,6,3,0] -1.9999999999999993
18400 OSIM_X_c0[1,5,5,6,4,0] -8.659560562354932e-17
18401 OSIM_X_c0[1,5,5,6,5,0] -0.9999999999999998
18402 OSIM_X_c0[1,5,5,6,6,0] 2.220446049250313e-16
18403 OSIM_X_c0[1,6,6,1,1,0] -0.9999999999999996
18404 OSIM_X_c0[1,6,6,1,2,0] 8.659560562354932e-17
18405 OSIM_X_c0[1,6,6,1,3,0] 8.659560562354932e-17
18406 OSIM_X_c0[1,6,6,1,4,0] 0
18407 OSIM_X_c0[1,6,6,1,5,0] 0
18408 OSIM_X_c0[1,6,6,1,6,0] 0
18409 OSIM_X_c0[1,6,6,2,1,0] -8.659560562354932e-17
18410 OSIM_X_c0[1,6,6,2,2,0] 2.220446049250313e-16
18411 OSIM_X_c0[1,6,6,2,3,0] -0.9999999999999998
18412 OSIM_X_c0[1,6,6,2,4,0] 0
18413 OSIM_X_c0[1,6,6,2,5,0] 0
18414 OSIM_X_c0[1,6,6,2,6,0] 0
18415 OSIM_X_c0[1,6,6,3,1,0] -8.659560562354932e-17
18416 OSIM_X_c0[1,6,6,3,2,0] -0.9999999999999998
18417 OSIM_X_c0[1,6,6,3,3,0] 2.220446049250313e-16
18418 OSIM_X_c0[1,6,6,3,4,0] 0
18419 OSIM_X_c0[1,6,6,3,5,0] 0
18420 OSIM_X_c0[1,6,6,3,6,0] 0
18421 OSIM_X_c0[1,6,6,4,1,0] -8.659560562354935e-17
18422 OSIM_X_c0[1,6,6,4,2,0] -1.0000000000000002
18423 OSIM_X_c0[1,6,6,4,3,0] 2.220446049250314e-16
18424 OSIM_X_c0[1,6,6,4,4,0] -0.9999999999999996
18425 OSIM_X_c0[1,6,6,4,5,0] 8.659560562354932e-17
18426 OSIM_X_c0[1,6,6,4,6,0] 8.659560562354932e-17
18427 OSIM_X_c0[1,6,6,5,1,0] 1.731912112470986e-16
18428 OSIM_X_c0[1,6,6,5,2,0] 1.9999999999999993
18429 OSIM_X_c0[1,6,6,5,3,0] -4.4408920985006257e-16
18430 OSIM_X_c0[1,6,6,5,4,0] -8.659560562354932e-17
18431 OSIM_X_c0[1,6,6,5,5,0] 2.220446049250313e-16
18432 OSIM_X_c0[1,6,6,5,6,0] -0.9999999999999998
18433 OSIM_X_c0[1,6,6,6,1,0] 0.9999999999999998
18434 OSIM_X_c0[1,6,6,6,2,0] 3.574936042265132e-16
18435 OSIM_X_c0[1,6,6,6,3,0] -1.9999999999999993
18436 OSIM_X_c0[1,6,6,6,4,0] -8.659560562354932e-17
18437 OSIM_X_c0[1,6,6,6,5,0] -0.9999999999999998
18438 OSIM_X_c0[1,6,6,6,6,0] 2.220446049250313e-16
18439 OSIM_X_c0[1,7,7,1,1,0] -0.9999999999999996
18440 OSIM_X_c0[1,7,7,1,2,0] 8.659560562354932e-17
18441 OSIM_X_c0[1,7,7,1,3,0] 8.659560562354932e-17
18442 OSIM_X_c0[1,7,7,1,4,0] 0
18443 OSIM_X_c0[1,7,7,1,5,0] 0
18444 OSIM_X_c0[1,7,7,1,6,0] 0
18445 OSIM_X_c0[1,7,7,2,1,0] -8.659560562354932e-17
18446 OSIM_X_c0[1,7,7,2,2,0] 2.220446049250313e-16
18447 OSIM_X_c0[1,7,7,2,3,0] -0.9999999999999998
18448 OSIM_X_c0[1,7,7,2,4,0] 0
18449 OSIM_X_c0[1,7,7,2,5,0] 0
18450 OSIM_X_c0[1,7,7,2,6,0] 0
18451 OSIM_X_c0[1,7,7,3,1,0] -8.659560562354932e-17
18452 OSIM_X_c0[1,7,7,3,2,0] -0.9999999999999998
18453 OSIM_X_c0[1,7,7,3,3,0] 2.220446049250313e-16
18454 OSIM_X_c0[1,7,7,3,4,0] 0
18455 OSIM_X_c0[1,7,7,3,5,0] 0
18456 OSIM_X_c0[1,7,7,3,6,0] 0
18457 OSIM_X_c0[1,7,7,4,1,0] -8.659560562354929e-17
18458 OSIM_X_c0[1,7,7,4,2,0] -0.9999999999999998
18459 OSIM_X_c0[1,7,7,4,3,0] 4.4408920985006257e-16
18460 OSIM_X_c0[1,7,7,4,4,0] -0.9999999999999996
18461 OSIM_X_c0[1,7,7,4,5,0] 8.659560562354932e-17
18462 OSIM_X_c0[1,7,7,4,6,0] 8.659560562354932e-17
18463 OSIM_X_c0[1,7,7,5,1,0] -9.21511964897073e-17
18464 OSIM_X_c0[1,7,7,5,2,0] 1.4999999999999991
18465 OSIM_X_c0[1,7,7,5,3,0] -3.330669073875468e-16
18466 OSIM_X_c0[1,7,7,5,4,0] -8.659560562354932e-17
18467 OSIM_X_c0[1,7,7,5,5,0] 2.220446049250313e-16
18468 OSIM_X_c0[1,7,7,5,6,0] -0.9999999999999998
18469 OSIM_X_c0[1,7,7,6,1,0] 0.9999999999999994
18470 OSIM_X_c0[1,7,7,6,2,0] 2.464713017639975e-16
18471 OSIM_X_c0[1,7,7,6,3,0] -1.4999999999999991
18472 OSIM_X_c0[1,7,7,6,4,0] -8.659560562354932e-17
18473 OSIM_X_c0[1,7,7,6,5,0] -0.9999999999999998
18474 OSIM_X_c0[1,7,7,6,6,0] 2.220446049250313e-16
18475 OSIM_X_c0[1,8,8,1,1,0] -0.9999999999999996
18476 OSIM_X_c0[1,8,8,1,2,0] 8.659560562354932e-17
18477 OSIM_X_c0[1,8,8,1,3,0] 8.659560562354932e-17
18478 OSIM_X_c0[1,8,8,1,4,0] 0
18479 OSIM_X_c0[1,8,8,1,5,0] 0
18480 OSIM_X_c0[1,8,8,1,6,0] 0
18481 OSIM_X_c0[1,8,8,2,1,0] -8.659560562354932e-17
18482 OSIM_X_c0[1,8,8,2,2,0] 2.220446049250313e-16
18483 OSIM_X_c0[1,8,8,2,3,0] -0.9999999999999998
18484 OSIM_X_c0[1,8,8,2,4,0] 0
18485 OSIM_X_c0[1,8,8,2,5,0] 0
18486 OSIM_X_c0[1,8,8,2,6,0] 0
18487 OSIM_X_c0[1,8,8,3,1,0] -8.659560562354932e-17
18488 OSIM_X_c0[1,8,8,3,2,0] -0.9999999999999998
18489 OSIM_X_c0[1,8,8,3,3,0] 2.220446049250313e-16
18490 OSIM_X_c0[1,8,8,3,4,0] 0
18491 OSIM_X_c0[1,8,8,3,5,0] 0
18492 OSIM_X_c0[1,8,8,3,6,0] 0
18493 OSIM_X_c0[1,8,8,4,1,0] -8.659560562354929e-17
18494 OSIM_X_c0[1,8,8,4,2,0] -0.9999999999999998
18495 OSIM_X_c0[1,8,8,4,3,0] 4.4408920985006257e-16
18496 OSIM_X_c0[1,8,8,4,4,0] -0.9999999999999996
18497 OSIM_X_c0[1,8,8,4,5,0] 8.659560562354932e-17
18498 OSIM_X_c0[1,8,8,4,6,0] 8.659560562354932e-17
18499 OSIM_X_c0[1,8,8,5,1,0] -9.21511964897073e-17
18500 OSIM_X_c0[1,8,8,5,2,0] 1.4999999999999991
18501 OSIM_X_c0[1,8,8,5,3,0] -3.330669073875468e-16
18502 OSIM_X_c0[1,8,8,5,4,0] -8.659560562354932e-17
18503 OSIM_X_c0[1,8,8,5,5,0] 2.220446049250313e-16
18504 OSIM_X_c0[1,8,8,5,6,0] -0.9999999999999998
18505 OSIM_X_c0[1,8,8,6,1,0] 0.9999999999999994
18506 OSIM_X_c0[1,8,8,6,2,0] 2.464713017639975e-16
18507 OSIM_X_c0[1,8,8,6,3,0] -1.4999999999999991
18508 OSIM_X_c0[1,8,8,6,4,0] -8.659560562354932e-17
18509 OSIM_X_c0[1,8,8,6,5,0] -0.9999999999999998
18510 OSIM_X_c0[1,8,8,6,6,0] 2.220446049250313e-16
18511 OSIM_X_c0[1,9,9,1,1,0] -0.9999999999999996
18512 OSIM_X_c0[1,9,9,1,2,0] 8.659560562354932e-17
18513 OSIM_X_c0[1,9,9,1,3,0] 8.659560562354932e-17
18514 OSIM_X_c0[1,9,9,1,4,0] 0
18515 OSIM_X_c0[1,9,9,1,5,0] 0
18516 OSIM_X_c0[1,9,9,1,6,0] 0
18517 OSIM_X_c0[1,9,9,2,1,0] -8.659560562354932e-17
18518 OSIM_X_c0[1,9,9,2,2,0] 2.220446049250313e-16
18519 OSIM_X_c0[1,9,9,2,3,0] -0.9999999999999998
18520 OSIM_X_c0[1,9,9,2,4,0] 0
18521 OSIM_X_c0[1,9,9,2,5,0] 0
18522 OSIM_X_c0[1,9,9,2,6,0] 0
18523 OSIM_X_c0[1,9,9,3,1,0] -8.659560562354932e-17
18524 OSIM_X_c0[1,9,9,3,2,0] -0.9999999999999998
18525 OSIM_X_c0[1,9,9,3,3,0] 2.220446049250313e-16
18526 OSIM_X_c0[1,9,9,3,4,0] 0
18527 OSIM_X_c0[1,9,9,3,5,0] 0
18528 OSIM_X_c0[1,9,9,3,6,0] 0
18529 OSIM_X_c0[1,9,9,4,1,0] -8.659560562354929e-17
18530 OSIM_X_c0[1,9,9,4,2,0] -0.9999999999999998
18531 OSIM_X_c0[1,9,9,4,3,0] 4.4408920985006257e-16
18532 OSIM_X_c0[1,9,9,4,4,0] -0.9999999999999996
18533 OSIM_X_c0[1,9,9,4,5,0] 8.659560562354932e-17
18534 OSIM_X_c0[1,9,9,4,6,0] 8.659560562354932e-17
18535 OSIM_X_c0[1,9,9,5,1,0] -9.21511964897073e-17
18536 OSIM_X_c0[1,9,9,5,2,0] 1.4999999999999991
18537 OSIM_X_c0[1,9,9,5,3,0] -3.330669073875468e-16
18538 OSIM_X_c0[1,9,9,5,4,0] -8.659560562354932e-17
18539 OSIM_X_c0[1,9,9,5,5,0] 2.220446049250313e-16
18540 OSIM_X_c0[1,9,9,5,6,0] -0.9999999999999998
18541 OSIM_X_c0[1,9,9,6,1,0] 0.9999999999999994
18542 OSIM_X_c0[1,9,9,6,2,0] 2.464713017639975e-16
18543 OSIM_X_c0[1,9,9,6,3,0] -1.4999999999999991
18544 OSIM_X_c0[1,9,9,6,4,0] -8.659560562354932e-17
18545 OSIM_X_c0[1,9,9,6,5,0] -0.9999999999999998
18546 OSIM_X_c0[1,9,9,6,6,0] 2.220446049250313e-16
18547 OSIM_X_c0[1,10,10,1,1,0] -0.9999999999999996
18548 OSIM_X_c0[1,10,10,1,2,0] 8.659560562354932e-17
18549 OSIM_X_c0[1,10,10,1,3,0] 8.659560562354932e-17
18550 OSIM_X_c0[1,10,10,1,4,0] 0
18551 OSIM_X_c0[1,10,10,1,5,0] 0
18552 OSIM_X_c0[1,10,10,1,6,0] 0
18553 OSIM_X_c0[1,10,10,2,1,0] -8.659560562354932e-17
18554 OSIM_X_c0[1,10,10,2,2,0] 2.220446049250313e-16
18555 OSIM_X_c0[1,10,10,2,3,0] -0.9999999999999998
18556 OSIM_X_c0[1,10,10,2,4,0] 0
18557 OSIM_X_c0[1,10,10,2,5,0] 0
18558 OSIM_X_c0[1,10,10,2,6,0] 0
18559 OSIM_X_c0[1,10,10,3,1,0] -8.659560562354932e-17
18560 OSIM_X_c0[1,10,10,3,2,0] -0.9999999999999998
18561 OSIM_X_c0[1,10,10,3,3,0] 2.220446049250313e-16
18562 OSIM_X_c0[1,10,10,3,4,0] 0
18563 OSIM_X_c0[1,10,10,3,5,0] 0
18564 OSIM_X_c0[1,10,10,3,6,0] 0
18565 OSIM_X_c0[1,10,10,4,1,0] -8.659560562354929e-17
18566 OSIM_X_c0[1,10,10,4,2,0] -0.9999999999999998
18567 OSIM_X_c0[1,10,10,4,3,0] 4.4408920985006257e-16
18568 OSIM_X_c0[1,10,10,4,4,0] -0.9999999999999996
18569 OSIM_X_c0[1,10,10,4,5,0] 8.659560562354932e-17
18570 OSIM_X_c0[1,10,10,4,6,0] 8.659560562354932e-17
18571 OSIM_X_c0[1,10,10,5,1,0] -9.21511964897073e-17
18572 OSIM_X_c0[1,10,10,5,2,0] 1.4999999999999991
18573 OSIM_X_c0[1,10,10,5,3,0] -3.330669073875468e-16
18574 OSIM_X_c0[1,10,10,5,4,0] -8.659560562354932e-17
18575 OSIM_X_c0[1,10,10,5,5,0] 2.220446049250313e-16
18576 OSIM_X_c0[1,10,10,5,6,0] -0.9999999999999998
18577 OSIM_X_c0[1,10,10,6,1,0] 0.9999999999999994
18578 OSIM_X_c0[1,10,10,6,2,0] 2.464713017639975e-16
18579 OSIM_X_c0[1,10,10,6,3,0] -1.4999999999999991
18580 OSIM_X_c0[1,10,10,6,4,0] -8.659560562354932e-17
18581 OSIM_X_c0[1,10,10,6,5,0] -0.9999999999999998
18582 OSIM_X_c0[1,10,10,6,6,0] 2.220446049250313e-16
18583 OSIM_X_c0[1,11,11,1,1,0] -0.9999999999999996
18584 OSIM_X_c0[1,11,11,1,2,0] 8.659560562354932e-17
18585 OSIM_X_c0[1,11,11,1,3,0] 8.659560562354932e-17
18586 OSIM_X_c0[1,11,11,1,4,0] 0
18587 OSIM_X_c0[1,11,11,1,5,0] 0
18588 OSIM_X_c0[1,11,11,1,6,0] 0
18589 OSIM_X_c0[1,11,11,2,1,0] -8.659560562354932e-17
18590 OSIM_X_c0[1,11,11,2,2,0] 2.220446049250313e-16
18591 OSIM_X_c0[1,11,11,2,3,0] -0.9999999999999998
18592 OSIM_X_c0[1,11,11,2,4,0] 0
18593 OSIM_X_c0[1,11,11,2,5,0] 0
18594 OSIM_X_c0[1,11,11,2,6,0] 0
18595 OSIM_X_c0[1,11,11,3,1,0] -8.659560562354932e-17
18596 OSIM_X_c0[1,11,11,3,2,0] -0.9999999999999998
18597 OSIM_X_c0[1,11,11,3,3,0] 2.220446049250313e-16
18598 OSIM_X_c0[1,11,11,3,4,0] 0
18599 OSIM_X_c0[1,11,11,3,5,0] 0
18600 OSIM_X_c0[1,11,11,3,6,0] 0
18601 OSIM_X_c0[1,11,11,4,1,0] -8.659560562354929e-17
18602 OSIM_X_c0[1,11,11,4,2,0] -0.9999999999999998
18603 OSIM_X_c0[1,11,11,4,3,0] 4.4408920985006257e-16
18604 OSIM_X_c0[1,11,11,4,4,0] -0.9999999999999996
18605 OSIM_X_c0[1,11,11,4,5,0] 8.659560562354932e-17
18606 OSIM_X_c0[1,11,11,4,6,0] 8.659560562354932e-17
18607 OSIM_X_c0[1,11,11,5,1,0] -9.21511964897073e-17
18608 OSIM_X_c0[1,11,11,5,2,0] 1.4999999999999991
18609 OSIM_X_c0[1,11,11,5,3,0] -3.330669073875468e-16
18610 OSIM_X_c0[1,11,11,5,4,0] -8.659560562354932e-17
18611 OSIM_X_c0[1,11,11,5,5,0] 2.220446049250313e-16
18612 OSIM_X_c0[1,11,11,5,6,0] -0.9999999999999998
18613 OSIM_X_c0[1,11,11,6,1,0] 0.9999999999999994
18614 OSIM_X_c0[1,11,11,6,2,0] 2.464713017639975e-16
18615 OSIM_X_c0[1,11,11,6,3,0] -1.4999999999999991
18616 OSIM_X_c0[1,11,11,6,4,0] -8.659560562354932e-17
18617 OSIM_X_c0[1,11,11,6,5,0] -0.9999999999999998
18618 OSIM_X_c0[1,11,11,6,6,0] 2.220446049250313e-16
18619 OSIM_X_c0[1,12,12,1,1,0] -0.9999999999999996
18620 OSIM_X_c0[1,12,12,1,2,0] 8.659560562354932e-17
18621 OSIM_X_c0[1,12,12,1,3,0] 8.659560562354932e-17
18622 OSIM_X_c0[1,12,12,1,4,0] 0
18623 OSIM_X_c0[1,12,12,1,5,0] 0
18624 OSIM_X_c0[1,12,12,1,6,0] 0
18625 OSIM_X_c0[1,12,12,2,1,0] -8.659560562354932e-17
18626 OSIM_X_c0[1,12,12,2,2,0] 2.220446049250313e-16
18627 OSIM_X_c0[1,12,12,2,3,0] -0.9999999999999998
18628 OSIM_X_c0[1,12,12,2,4,0] 0
18629 OSIM_X_c0[1,12,12,2,5,0] 0
18630 OSIM_X_c0[1,12,12,2,6,0] 0
18631 OSIM_X_c0[1,12,12,3,1,0] -8.659560562354932e-17
18632 OSIM_X_c0[1,12,12,3,2,0] -0.9999999999999998
18633 OSIM_X_c0[1,12,12,3,3,0] 2.220446049250313e-16
18634 OSIM_X_c0[1,12,12,3,4,0] 0
18635 OSIM_X_c0[1,12,12,3,5,0] 0
18636 OSIM_X_c0[1,12,12,3,6,0] 0
18637 OSIM_X_c0[1,12,12,4,1,0] -8.659560562354929e-17
18638 OSIM_X_c0[1,12,12,4,2,0] -0.9999999999999998
18639 OSIM_X_c0[1,12,12,4,3,0] 4.4408920985006257e-16
18640 OSIM_X_c0[1,12,12,4,4,0] -0.9999999999999996
18641 OSIM_X_c0[1,12,12,4,5,0] 8.659560562354932e-17
18642 OSIM_X_c0[1,12,12,4,6,0] 8.659560562354932e-17
18643 OSIM_X_c0[1,12,12,5,1,0] -9.21511964897073e-17
18644 OSIM_X_c0[1,12,12,5,2,0] 1.4999999999999991
18645 OSIM_X_c0[1,12,12,5,3,0] -3.330669073875468e-16
18646 OSIM_X_c0[1,12,12,5,4,0] -8.659560562354932e-17
18647 OSIM_X_c0[1,12,12,5,5,0] 2.220446049250313e-16
18648 OSIM_X_c0[1,12,12,5,6,0] -0.9999999999999998
18649 OSIM_X_c0[1,12,12,6,1,0] 0.9999999999999994
18650 OSIM_X_c0[1,12,12,6,2,0] 2.464713017639975e-16
18651 OSIM_X_c0[1,12,12,6,3,0] -1.4999999999999991
18652 OSIM_X_c0[1,12,12,6,4,0] -8.659560562354932e-17
18653 OSIM_X_c0[1,12,12,6,5,0] -0.9999999999999998
18654 OSIM_X_c0[1,12,12,6,6,0] 2.220446049250313e-16
18655 OSIM_X_c0[1,13,13,1,1,0] -0.9999999999999996
18656 OSIM_X_c0[1,13,13,1,2,0] 8.659560562354932e-17
18657 OSIM_X_c0[1,13,13,1,3,0] 8.659560562354932e-17
18658 OSIM_X_c0[1,13,13,1,4,0] 0
18659 OSIM_X_c0[1,13,13,1,5,0] 0
18660 OSIM_X_c0[1,13,13,1,6,0] 0
18661 OSIM_X_c0[1,13,13,2,1,0] -8.659560562354932e-17
18662 OSIM_X_c0[1,13,13,2,2,0] 2.220446049250313e-16
18663 OSIM_X_c0[1,13,13,2,3,0] -0.9999999999999998
18664 OSIM_X_c0[1,13,13,2,4,0] 0
18665 OSIM_X_c0[1,13,13,2,5,0] 0
18666 OSIM_X_c0[1,13,13,2,6,0] 0
18667 OSIM_X_c0[1,13,13,3,1,0] -8.659560562354932e-17
18668 OSIM_X_c0[1,13,13,3,2,0] -0.9999999999999998
18669 OSIM_X_c0[1,13,13,3,3,0] 2.220446049250313e-16
18670 OSIM_X_c0[1,13,13,3,4,0] 0
18671 OSIM_X_c0[1,13,13,3,5,0] 0
18672 OSIM_X_c0[1,13,13,3,6,0] 0
18673 OSIM_X_c0[1,13,13,4,1,0] -8.659560562354934e-17
18674 OSIM_X_c0[1,13,13,4,2,0] -1
18675 OSIM_X_c0[1,13,13,4,3,0] 2.2204460492503136e-16
18676 OSIM_X_c0[1,13,13,4,4,0] -0.9999999999999996
18677 OSIM_X_c0[1,13,13,4,5,0] 8.659560562354932e-17
18678 OSIM_X_c0[1,13,13,4,6,0] 8.659560562354932e-17
18679 OSIM_X_c0[1,13,13,5,1,0] 8.659560562354929e-17
18680 OSIM_X_c0[1,13,13,5,2,0] 0.9999999999999996
18681 OSIM_X_c0[1,13,13,5,3,0] -2.2204460492503126e-16
18682 OSIM_X_c0[1,13,13,5,4,0] -8.659560562354932e-17
18683 OSIM_X_c0[1,13,13,5,5,0] 2.220446049250313e-16
18684 OSIM_X_c0[1,13,13,5,6,0] -0.9999999999999998
18685 OSIM_X_c0[1,13,13,6,1,0] 0.9999999999999997
18686 OSIM_X_c0[1,13,13,6,2,0] 1.354489993014819e-16
18687 OSIM_X_c0[1,13,13,6,3,0] -0.9999999999999997
18688 OSIM_X_c0[1,13,13,6,4,0] -8.659560562354932e-17
18689 OSIM_X_c0[1,13,13,6,5,0] -0.9999999999999998
18690 OSIM_X_c0[1,13,13,6,6,0] 2.220446049250313e-16
18691 OSIM_X_c0[1,14,14,1,1,0] -0.9999999999999996
18692 OSIM_X_c0[1,14,14,1,2,0] 8.659560562354932e-17
18693 OSIM_X_c0[1,14,14,1,3,0] 8.659560562354932e-17
18694 OSIM_X_c0[1,14,14,1,4,0] 0
18695 OSIM_X_c0[1,14,14,1,5,0] 0
18696 OSIM_X_c0[1,14,14,1,6,0] 0
18697 OSIM_X_c0[1,14,14,2,1,0] -8.659560562354932e-17
18698 OSIM_X_c0[1,14,14,2,2,0] 2.220446049250313e-16
18699 OSIM_X_c0[1,14,14,2,3,0] -0.9999999999999998
18700 OSIM_X_c0[1,14,14,2,4,0] 0
18701 OSIM_X_c0[1,14,14,2,5,0] 0
18702 OSIM_X_c0[1,14,14,2,6,0] 0
18703 OSIM_X_c0[1,14,14,3,1,0] -8.659560562354932e-17
18704 OSIM_X_c0[1,14,14,3,2,0] -0.9999999999999998
18705 OSIM_X_c0[1,14,14,3,3,0] 2.220446049250313e-16
18706 OSIM_X_c0[1,14,14,3,4,0] 0
18707 OSIM_X_c0[1,14,14,3,5,0] 0
18708 OSIM_X_c0[1,14,14,3,6,0] 0
18709 OSIM_X_c0[1,14,14,4,1,0] -8.659560562354934e-17
18710 OSIM_X_c0[1,14,14,4,2,0] -1
18711 OSIM_X_c0[1,14,14,4,3,0] 2.2204460492503136e-16
18712 OSIM_X_c0[1,14,14,4,4,0] -0.9999999999999996
18713 OSIM_X_c0[1,14,14,4,5,0] 8.659560562354932e-17
18714 OSIM_X_c0[1,14,14,4,6,0] 8.659560562354932e-17
18715 OSIM_X_c0[1,14,14,5,1,0] 8.659560562354929e-17
18716 OSIM_X_c0[1,14,14,5,2,0] 0.9999999999999996
18717 OSIM_X_c0[1,14,14,5,3,0] -2.2204460492503126e-16
18718 OSIM_X_c0[1,14,14,5,4,0] -8.659560562354932e-17
18719 OSIM_X_c0[1,14,14,5,5,0] 2.220446049250313e-16
18720 OSIM_X_c0[1,14,14,5,6,0] -0.9999999999999998
18721 OSIM_X_c0[1,14,14,6,1,0] 0.9999999999999997
18722 OSIM_X_c0[1,14,14,6,2,0] 1.354489993014819e-16
18723 OSIM_X_c0[1,14,14,6,3,0] -0.9999999999999997
18724 OSIM_X_c0[1,14,14,6,4,0] -8.659560562354932e-17
18725 OSIM_X_c0[1,14,14,6,5,0] -0.9999999999999998
18726 OSIM_X_c0[1,14,14,6,6,0] 2.220446049250313e-16
18727 OSIM_X_c0[1,15,15,1,1,0] -0.9999999999999996
18728 OSIM_X_c0[1,15,15,1,2,0] 8.659560562354932e-17
18729 OSIM_X_c0[1,15,15,1,3,0] 8.659560562354932e-17
18730 OSIM_X_c0[1,15,15,1,4,0] 0
18731 OSIM_X_c0[1,15,15,1,5,0] 0
18732 OSIM_X_c0[1,15,15,1,6,0] 0
18733 OSIM_X_c0[1,15,15,2,1,0] -8.659560562354932e-17
18734 OSIM_X_c0[1,15,15,2,2,0] 2.220446049250313e-16
18735 OSIM_X_c0[1,15,15,2,3,0] -0.9999999999999998
18736 OSIM_X_c0[1,15,15,2,4,0] 0
18737 OSIM_X_c0[1,15,15,2,5,0] 0
18738 OSIM_X_c0[1,15,15,2,6,0] 0
18739 OSIM_X_c0[1,15,15,3,1,0] -8.659560562354932e-17
18740 OSIM_X_c0[1,15,15,3,2,0] -0.9999999999999998
18741 OSIM_X_c0[1,15,15,3,3,0] 2.220446049250313e-16
18742 OSIM_X_c0[1,15,15,3,4,0] 0
18743 OSIM_X_c0[1,15,15,3,5,0] 0
18744 OSIM_X_c0[1,15,15,3,6,0] 0
18745 OSIM_X_c0[1,15,15,4,1,0] -8.659560562354934e-17
18746 OSIM_X_c0[1,15,15,4,2,0] -1
18747 OSIM_X_c0[1,15,15,4,3,0] 2.2204460492503136e-16
18748 OSIM_X_c0[1,15,15,4,4,0] -0.9999999999999996
18749 OSIM_X_c0[1,15,15,4,5,0] 8.659560562354932e-17
18750 OSIM_X_c0[1,15,15,4,6,0] 8.659560562354932e-17
18751 OSIM_X_c0[1,15,15,5,1,0] 8.659560562354929e-17
18752 OSIM_X_c0[1,15,15,5,2,0] 0.9999999999999996
18753 OSIM_X_c0[1,15,15,5,3,0] -2.2204460492503126e-16
18754 OSIM_X_c0[1,15,15,5,4,0] -8.659560562354932e-17
18755 OSIM_X_c0[1,15,15,5,5,0] 2.220446049250313e-16
18756 OSIM_X_c0[1,15,15,5,6,0] -0.9999999999999998
18757 OSIM_X_c0[1,15,15,6,1,0] 0.9999999999999997
18758 OSIM_X_c0[1,15,15,6,2,0] 1.354489993014819e-16
18759 OSIM_X_c0[1,15,15,6,3,0] -0.9999999999999997
18760 OSIM_X_c0[1,15,15,6,4,0] -8.659560562354932e-17
18761 OSIM_X_c0[1,15,15,6,5,0] -0.9999999999999998
18762 OSIM_X_c0[1,15,15,6,6,0] 2.220446049250313e-16
18763 OSIM_X_c0[1,16,16,1,1,0] -0.9999999999999996
18764 OSIM_X_c0[1,16,16,1,2,0] 8.659560562354932e-17
18765 OSIM_X_c0[1,16,16,1,3,0] 8.659560562354932e-17
18766 OSIM_X_c0[1,16,16,1,4,0] 0
18767 OSIM_X_c0[1,16,16,1,5,0] 0
18768 OSIM_X_c0[1,16,16,1,6,0] 0
18769 OSIM_X_c0[1,16,16,2,1,0] -8.659560562354932e-17
18770 OSIM_X_c0[1,16,16,2,2,0] 2.220446049250313e-16
18771 OSIM_X_c0[1,16,16,2,3,0] -0.9999999999999998
18772 OSIM_X_c0[1,16,16,2,4,0] 0
18773 OSIM_X_c0[1,16,16,2,5,0] 0
18774 OSIM_X_c0[1,16,16,2,6,0] 0
18775 OSIM_X_c0[1,16,16,3,1,0] -8.659560562354932e-17
18776 OSIM_X_c0[1,16,16,3,2,0] -0.9999999999999998
18777 OSIM_X_c0[1,16,16,3,3,0] 2.220446049250313e-16
18778 OSIM_X_c0[1,16,16,3,4,0] 0
18779 OSIM_X_c0[1,16,16,3,5,0] 0
18780 OSIM_X_c0[1,16,16,3,6,0] 0
18781 OSIM_X_c0[1,16,16,4,1,0] -8.659560562354934e-17
18782 OSIM_X_c0[1,16,16,4,2,0] -1
18783 OSIM_X_c0[1,16,16,4,3,0] 2.2204460492503136e-16
18784 OSIM_X_c0[1,16,16,4,4,0] -0.9999999999999996
18785 OSIM_X_c0[1,16,16,4,5,0] 8.659560562354932e-17
18786 OSIM_X_c0[1,16,16,4,6,0] 8.659560562354932e-17
18787 OSIM_X_c0[1,16,16,5,1,0] 8.659560562354929e-17
18788 OSIM_X_c0[1,16,16,5,2,0] 0.9999999999999996
18789 OSIM_X_c0[1,16,16,5,3,0] -2.2204460492503126e-16
18790 OSIM_X_c0[1,16,16,5,4,0] -8.659560562354932e-17
18791 OSIM_X_c0[1,16,16,5,5,0] 2.220446049250313e-16
18792 OSIM_X_c0[1,16,16,5,6,0] -0.9999999999999998
18793 OSIM_X_c0[1,16,16,6,1,0] 0.9999999999999997
18794 OSIM_X_c0[1,16,16,6,2,0] 1.354489993014819e-16
18795 OSIM_X_c0[1,16,16,6,3,0] -0.9999999999999997
18796 OSIM_X_c0[1,16,16,6,4,0] -8.659560562354932e-17
18797 OSIM_X_c0[1,16,16,6,5,0] -0.9999999999999998
18798 OSIM_X_c0[1,16,16,6,6,0] 2.220446049250313e-16
18799 OSIM_X_c0[1,17,17,1,1,0] -0.9999999999999996
18800 OSIM_X_c0[1,17,17,1,2,0] 8.659560562354932e-17
18801 OSIM_X_c0[1,17,17,1,3,0] 8.659560562354932e-17
18802 OSIM_X_c0[1,17,17,1,4,0] 0
18803 OSIM_X_c0[1,17,17,1,5,0] 0
18804 OSIM_X_c0[1,17,17,1,6,0] 0
18805 OSIM_X_c0[1,17,17,2,1,0] -8.659560562354932e-17
18806 OSIM_X_c0[1,17,17,2,2,0] 2.220446049250313e-16
18807 OSIM_X_c0[1,17,17,2,3,0] -0.9999999999999998
18808 OSIM_X_c0[1,17,17,2,4,0] 0
18809 OSIM_X_c0[1,17,17,2,5,0] 0
18810 OSIM_X_c0[1,17,17,2,6,0] 0
18811 OSIM_X_c0[1,17,17,3,1,0] -8.659560562354932e-17
18812 OSIM_X_c0[1,17,17,3,2,0] -0.9999999999999998
18813 OSIM_X_c0[1,17,17,3,3,0] 2.220446049250313e-16
18814 OSIM_X_c0[1,17,17,3,4,0] 0
18815 OSIM_X_c0[1,17,17,3,5,0] 0
18816 OSIM_X_c0[1,17,17,3,6,0] 0
18817 OSIM_X_c0[1,17,17,4,1,0] -8.659560562354934e-17
18818 OSIM_X_c0[1,17,17,4,2,0] -1
18819 OSIM_X_c0[1,17,17,4,3,0] 2.2204460492503136e-16
18820 OSIM_X_c0[1,17,17,4,4,0] -0.9999999999999996
18821 OSIM_X_c0[1,17,17,4,5,0] 8.659560562354932e-17
18822 OSIM_X_c0[1,17,17,4,6,0] 8.659560562354932e-17
18823 OSIM_X_c0[1,17,17,5,1,0] 8.659560562354929e-17
18824 OSIM_X_c0[1,17,17,5,2,0] 0.9999999999999996
18825 OSIM_X_c0[1,17,17,5,3,0] -2.2204460492503126e-16
18826 OSIM_X_c0[1,17,17,5,4,0] -8.659560562354932e-17
18827 OSIM_X_c0[1,17,17,5,5,0] 2.220446049250313e-16
18828 OSIM_X_c0[1,17,17,5,6,0] -0.9999999999999998
18829 OSIM_X_c0[1,17,17,6,1,0] 0.9999999999999997
18830 OSIM_X_c0[1,17,17,6,2,0] 1.354489993014819e-16
18831 OSIM_X_c0[1,17,17,6,3,0] -0.9999999999999997
18832 OSIM_X_c0[1,17,17,6,4,0] -8.659560562354932e-17
18833 OSIM_X_c0[1,17,17,6,5,0] -0.9999999999999998
18834 OSIM_X_c0[1,17,17,6,6,0] 2.220446049250313e-16
18835 OSIM_X_c0[1,18,18,1,1,0] -0.9999999999999996
18836 OSIM_X_c0[1,18,18,1,2,0] 8.659560562354932e-17
18837 OSIM_X_c0[1,18,18,1,3,0] 8.659560562354932e-17
18838 OSIM_X_c0[1,18,18,1,4,0] 0
18839 OSIM_X_c0[1,18,18,1,5,0] 0
18840 OSIM_X_c0[1,18,18,1,6,0] 0
18841 OSIM_X_c0[1,18,18,2,1,0] -8.659560562354932e-17
18842 OSIM_X_c0[1,18,18,2,2,0] 2.220446049250313e-16
18843 OSIM_X_c0[1,18,18,2,3,0] -0.9999999999999998
18844 OSIM_X_c0[1,18,18,2,4,0] 0
18845 OSIM_X_c0[1,18,18,2,5,0] 0
18846 OSIM_X_c0[1,18,18,2,6,0] 0
18847 OSIM_X_c0[1,18,18,3,1,0] -8.659560562354932e-17
18848 OSIM_X_c0[1,18,18,3,2,0] -0.9999999999999998
18849 OSIM_X_c0[1,18,18,3,3,0] 2.220446049250313e-16
18850 OSIM_X_c0[1,18,18,3,4,0] 0
18851 OSIM_X_c0[1,18,18,3,5,0] 0
18852 OSIM_X_c0[1,18,18,3,6,0] 0
18853 OSIM_X_c0[1,18,18,4,1,0] -8.659560562354934e-17
18854 OSIM_X_c0[1,18,18,4,2,0] -1
18855 OSIM_X_c0[1,18,18,4,3,0] 2.2204460492503136e-16
18856 OSIM_X_c0[1,18,18,4,4,0] -0.9999999999999996
18857 OSIM_X_c0[1,18,18,4,5,0] 8.659560562354932e-17
18858 OSIM_X_c0[1,18,18,4,6,0] 8.659560562354932e-17
18859 OSIM_X_c0[1,18,18,5,1,0] 8.659560562354929e-17
18860 OSIM_X_c0[1,18,18,5,2,0] 0.9999999999999996
18861 OSIM_X_c0[1,18,18,5,3,0] -2.2204460492503126e-16
18862 OSIM_X_c0[1,18,18,5,4,0] -8.659560562354932e-17
18863 OSIM_X_c0[1,18,18,5,5,0] 2.220446049250313e-16
18864 OSIM_X_c0[1,18,18,5,6,0] -0.9999999999999998
18865 OSIM_X_c0[1,18,18,6,1,0] 0.9999999999999997
18866 OSIM_X_c0[1,18,18,6,2,0] 1.354489993014819e-16
18867 OSIM_X_c0[1,18,18,6,3,0] -0.9999999999999997
18868 OSIM_X_c0[1,18,18,6,4,0] -8.659560562354932e-17
18869 OSIM_X_c0[1,18,18,6,5,0] -0.9999999999999998
18870 OSIM_X_c0[1,18,18,6,6,0] 2.220446049250313e-16
18871 OSIM_X_c0[1,19,19,1,1,0] -0.9999999999999996
18872 OSIM_X_c0[1,19,19,1,2,0] 8.659560562354932e-17
18873 OSIM_X_c0[1,19,19,1,3,0] 8.659560562354932e-17
18874 OSIM_X_c0[1,19,19,1,4,0] 0
18875 OSIM_X_c0[1,19,19,1,5,0] 0
18876 OSIM_X_c0[1,19,19,1,6,0] 0
18877 OSIM_X_c0[1,19,19,2,1,0] -8.659560562354932e-17
18878 OSIM_X_c0[1,19,19,2,2,0] 2.220446049250313e-16
18879 OSIM_X_c0[1,19,19,2,3,0] -0.9999999999999998
18880 OSIM_X_c0[1,19,19,2,4,0] 0
18881 OSIM_X_c0[1,19,19,2,5,0] 0
18882 OSIM_X_c0[1,19,19,2,6,0] 0
18883 OSIM_X_c0[1,19,19,3,1,0] -8.659560562354932e-17
18884 OSIM_X_c0[1,19,19,3,2,0] -0.9999999999999998
18885 OSIM_X_c0[1,19,19,3,3,0] 2.220446049250313e-16
18886 OSIM_X_c0[1,19,19,3,4,0] 0
18887 OSIM_X_c0[1,19,19,3,5,0] 0
18888 OSIM_X_c0[1,19,19,3,6,0] 0
18889 OSIM_X_c0[1,19,19,4,1,0] -8.659560562354929e-17
18890 OSIM_X_c0[1,19,19,4,2,0] -0.9999999999999996
18891 OSIM_X_c0[1,19,19,4,3,0] 2.2204460492503126e-16
18892 OSIM_X_c0[1,19,19,4,4,0] -0.9999999999999996
18893 OSIM_X_c0[1,19,19,4,5,0] 8.659560562354932e-17
18894 OSIM_X_c0[1,19,19,4,6,0] 8.659560562354932e-17
18895 OSIM_X_c0[1,19,19,5,1,0] 4.329780281177463e-17
18896 OSIM_X_c0[1,19,19,5,2,0] 0.49999999999999956
18897 OSIM_X_c0[1,19,19,5,3,0] -1.1102230246251558e-16
18898 OSIM_X_c0[1,19,19,5,4,0] -8.659560562354932e-17
18899 OSIM_X_c0[1,19,19,5,5,0] 2.220446049250313e-16
18900 OSIM_X_c0[1,19,19,5,6,0] -0.9999999999999998
18901 OSIM_X_c0[1,19,19,6,1,0] 0.9999999999999993
18902 OSIM_X_c0[1,19,19,6,2,0] 2.442669683896629e-17
18903 OSIM_X_c0[1,19,19,6,3,0] -0.49999999999999967
18904 OSIM_X_c0[1,19,19,6,4,0] -8.659560562354932e-17
18905 OSIM_X_c0[1,19,19,6,5,0] -0.9999999999999998
18906 OSIM_X_c0[1,19,19,6,6,0] 2.220446049250313e-16
18907 OSIM_X_c0[1,20,20,1,1,0] -0.9999999999999996
18908 OSIM_X_c0[1,20,20,1,2,0] 8.659560562354932e-17
18909 OSIM_X_c0[1,20,20,1,3,0] 8.659560562354932e-17
18910 OSIM_X_c0[1,20,20,1,4,0] 0
18911 OSIM_X_c0[1,20,20,1,5,0] 0
18912 OSIM_X_c0[1,20,20,1,6,0] 0
18913 OSIM_X_c0[1,20,20,2,1,0] -8.659560562354932e-17
18914 OSIM_X_c0[1,20,20,2,2,0] 2.220446049250313e-16
18915 OSIM_X_c0[1,20,20,2,3,0] -0.9999999999999998
18916 OSIM_X_c0[1,20,20,2,4,0] 0
18917 OSIM_X_c0[1,20,20,2,5,0] 0
18918 OSIM_X_c0[1,20,20,2,6,0] 0
18919 OSIM_X_c0[1,20,20,3,1,0] -8.659560562354932e-17
18920 OSIM_X_c0[1,20,20,3,2,0] -0.9999999999999998
18921 OSIM_X_c0[1,20,20,3,3,0] 2.220446049250313e-16
18922 OSIM_X_c0[1,20,20,3,4,0] 0
18923 OSIM_X_c0[1,20,20,3,5,0] 0
18924 OSIM_X_c0[1,20,20,3,6,0] 0
18925 OSIM_X_c0[1,20,20,4,1,0] -8.659560562354929e-17
18926 OSIM_X_c0[1,20,20,4,2,0] -0.9999999999999996
18927 OSIM_X_c0[1,20,20,4,3,0] 2.2204460492503126e-16
18928 OSIM_X_c0[1,20,20,4,4,0] -0.9999999999999996
18929 OSIM_X_c0[1,20,20,4,5,0] 8.659560562354932e-17
18930 OSIM_X_c0[1,20,20,4,6,0] 8.659560562354932e-17
18931 OSIM_X_c0[1,20,20,5,1,0] 4.329780281177463e-17
18932 OSIM_X_c0[1,20,20,5,2,0] 0.49999999999999956
18933 OSIM_X_c0[1,20,20,5,3,0] -1.1102230246251558e-16
18934 OSIM_X_c0[1,20,20,5,4,0] -8.659560562354932e-17
18935 OSIM_X_c0[1,20,20,5,5,0] 2.220446049250313e-16
18936 OSIM_X_c0[1,20,20,5,6,0] -0.9999999999999998
18937 OSIM_X_c0[1,20,20,6,1,0] 0.9999999999999993
18938 OSIM_X_c0[1,20,20,6,2,0] 2.442669683896629e-17
18939 OSIM_X_c0[1,20,20,6,3,0] -0.49999999999999967
18940 OSIM_X_c0[1,20,20,6,4,0] -8.659560562354932e-17
18941 OSIM_X_c0[1,20,20,6,5,0] -0.9999999999999998
18942 OSIM_X_c0[1,20,20,6,6,0] 2.220446049250313e-16
18943 OSIM_X_c0[1,21,21,1,1,0] -0.9999999999999996
18944 OSIM_X_c0[1,21,21,1,2,0] 8.659560562354932e-17
18945 OSIM_X_c0[1,21,21,1,3,0] 8.659560562354932e-17
18946 OSIM_X_c0[1,21,21,1,4,0] 0
18947 OSIM_X_c0[1,21,21,1,5,0] 0
18948 OSIM_X_c0[1,21,21,1,6,0] 0
18949 OSIM_X_c0[1,21,21,2,1,0] -8.659560562354932e-17
18950 OSIM_X_c0[1,21,21,2,2,0] 2.220446049250313e-16
18951 OSIM_X_c0[1,21,21,2,3,0] -0.9999999999999998
18952 OSIM_X_c0[1,21,21,2,4,0] 0
18953 OSIM_X_c0[1,21,21,2,5,0] 0
18954 OSIM_X_c0[1,21,21,2,6,0] 0
18955 OSIM_X_c0[1,21,21,3,1,0] -8.659560562354932e-17
18956 OSIM_X_c0[1,21,21,3,2,0] -0.9999999999999998
18957 OSIM_X_c0[1,21,21,3,3,0] 2.220446049250313e-16
18958 OSIM_X_c0[1,21,21,3,4,0] 0
18959 OSIM_X_c0[1,21,21,3,5,0] 0
18960 OSIM_X_c0[1,21,21,3,6,0] 0
18961 OSIM_X_c0[1,21,21,4,1,0] -8.659560562354929e-17
18962 OSIM_X_c0[1,21,21,4,2,0] -0.9999999999999996
18963 OSIM_X_c0[1,21,21,4,3,0] 2.2204460492503126e-16
18964 OSIM_X_c0[1,21,21,4,4,0] -0.9999999999999996
18965 OSIM_X_c0[1,21,21,4,5,0] 8.659560562354932e-17
18966 OSIM_X_c0[1,21,21,4,6,0] 8.659560562354932e-17
18967 OSIM_X_c0[1,21,21,5,1,0] 4.329780281177463e-17
18968 OSIM_X_c0[1,21,21,5,2,0] 0.49999999999999956
18969 OSIM_X_c0[1,21,21,5,3,0] -1.1102230246251558e-16
18970 OSIM_X_c0[1,21,21,5,4,0] -8.659560562354932e-17
18971 OSIM_X_c0[1,21,21,5,5,0] 2.220446049250313e-16
18972 OSIM_X_c0[1,21,21,5,6,0] -0.9999999999999998
18973 OSIM_X_c0[1,21,21,6,1,0] 0.9999999999999993
18974 OSIM_X_c0[1,21,21,6,2,0] 2.442669683896629e-17
18975 OSIM_X_c0[1,21,21,6,3,0] -0.49999999999999967
18976 OSIM_X_c0[1,21,21,6,4,0] -8.659560562354932e-17
18977 OSIM_X_c0[1,21,21,6,5,0] -0.9999999999999998
18978 OSIM_X_c0[1,21,21,6,6,0] 2.220446049250313e-16
18979 OSIM_X_c0[1,22,22,1,1,0] -0.9999999999999996
18980 OSIM_X_c0[1,22,22,1,2,0] 8.659560562354932e-17
18981 OSIM_X_c0[1,22,22,1,3,0] 8.659560562354932e-17
18982 OSIM_X_c0[1,22,22,1,4,0] 0
18983 OSIM_X_c0[1,22,22,1,5,0] 0
18984 OSIM_X_c0[1,22,22,1,6,0] 0
18985 OSIM_X_c0[1,22,22,2,1,0] -8.659560562354932e-17
18986 OSIM_X_c0[1,22,22,2,2,0] 2.220446049250313e-16
18987 OSIM_X_c0[1,22,22,2,3,0] -0.9999999999999998
18988 OSIM_X_c0[1,22,22,2,4,0] 0
18989 OSIM_X_c0[1,22,22,2,5,0] 0
18990 OSIM_X_c0[1,22,22,2,6,0] 0
18991 OSIM_X_c0[1,22,22,3,1,0] -8.659560562354932e-17
18992 OSIM_X_c0[1,22,22,3,2,0] -0.9999999999999998
18993 OSIM_X_c0[1,22,22,3,3,0] 2.220446049250313e-16
18994 OSIM_X_c0[1,22,22,3,4,0] 0
18995 OSIM_X_c0[1,22,22,3,5,0] 0
18996 OSIM_X_c0[1,22,22,3,6,0] 0
18997 OSIM_X_c0[1,22,22,4,1,0] -8.659560562354929e-17
18998 OSIM_X_c0[1,22,22,4,2,0] -0.9999999999999996
18999 OSIM_X_c0[1,22,22,4,3,0] 2.2204460492503126e-16
19000 OSIM_X_c0[1,22,22,4,4,0] -0.9999999999999996
19001 OSIM_X_c0[1,22,22,4,5,0] 8.659560562354932e-17
19002 OSIM_X_c0[1,22,22,4,6,0] 8.659560562354932e-17
19003 OSIM_X_c0[1,22,22,5,1,0] 4.329780281177463e-17
19004 OSIM_X_c0[1,22,22,5,2,0] 0.49999999999999956
19005 OSIM_X_c0[1,22,22,5,3,0] -1.1102230246251558e-16
19006 OSIM_X_c0[1,22,22,5,4,0] -8.659560562354932e-17
19007 OSIM_X_c0[1,22,22,5,5,0] 2.220446049250313e-16
19008 OSIM_X_c0[1,22,22,5,6,0] -0.9999999999999998
19009 OSIM_X_c0[1,22,22,6,1,0] 0.9999999999999993
19010 OSIM_X_c0[1,22,22,6,2,0] 2.442669683896629e-17
19011 OSIM_X_c0[1,22,22,6,3,0] -0.49999999999999967
19012 OSIM_X_c0[1,22,22,6,4,0] -8.659560562354932e-17
19013 OSIM_X_c0[1,22,22,6,5,0] -0.9999999999999998
19014 OSIM_X_c0[1,22,22,6,6,0] 2.220446049250313e-16
19015 OSIM_X_c0[1,23,23,1,1,0] -0.9999999999999996
19016 OSIM_X_c0[1,23,23,1,2,0] 8.659560562354932e-17
19017 OSIM_X_c0[1,23,23,1,3,0] 8.659560562354932e-17
19018 OSIM_X_c0[1,23,23,1,4,0] 0
19019 OSIM_X_c0[1,23,23,1,5,0] 0
19020 OSIM_X_c0[1,23,23,1,6,0] 0
19021 OSIM_X_c0[1,23,23,2,1,0] -8.659560562354932e-17
19022 OSIM_X_c0[1,23,23,2,2,0] 2.220446049250313e-16
19023 OSIM_X_c0[1,23,23,2,3,0] -0.9999999999999998
19024 OSIM_X_c0[1,23,23,2,4,0] 0
19025 OSIM_X_c0[1,23,23,2,5,0] 0
19026 OSIM_X_c0[1,23,23,2,6,0] 0
19027 OSIM_X_c0[1,23,23,3,1,0] -8.659560562354932e-17
19028 OSIM_X_c0[1,23,23,3,2,0] -0.9999999999999998
19029 OSIM_X_c0[1,23,23,3,3,0] 2.220446049250313e-16
19030 OSIM_X_c0[1,23,23,3,4,0] 0
19031 OSIM_X_c0[1,23,23,3,5,0] 0
19032 OSIM_X_c0[1,23,23,3,6,0] 0
19033 OSIM_X_c0[1,23,23,4,1,0] -8.659560562354929e-17
19034 OSIM_X_c0[1,23,23,4,2,0] -0.9999999999999996
19035 OSIM_X_c0[1,23,23,4,3,0] 2.2204460492503126e-16
19036 OSIM_X_c0[1,23,23,4,4,0] -0.9999999999999996
19037 OSIM_X_c0[1,23,23,4,5,0] 8.659560562354932e-17
19038 OSIM_X_c0[1,23,23,4,6,0] 8.659560562354932e-17
19039 OSIM_X_c0[1,23,23,5,1,0] 4.329780281177463e-17
19040 OSIM_X_c0[1,23,23,5,2,0] 0.49999999999999956
19041 OSIM_X_c0[1,23,23,5,3,0] -1.1102230246251558e-16
19042 OSIM_X_c0[1,23,23,5,4,0] -8.659560562354932e-17
19043 OSIM_X_c0[1,23,23,5,5,0] 2.220446049250313e-16
19044 OSIM_X_c0[1,23,23,5,6,0] -0.9999999999999998
19045 OSIM_X_c0[1,23,23,6,1,0] 0.9999999999999993
19046 OSIM_X_c0[1,23,23,6,2,0] 2.442669683896629e-17
19047 OSIM_X_c0[1,23,23,6,3,0] -0.49999999999999967
19048 OSIM_X_c0[1,23,23,6,4,0] -8.659560562354932e-17
19049 OSIM_X_c0[1,23,23,6,5,0] -0.9999999999999998
19050 OSIM_X_c0[1,23,23,6,6,0] 2.220446049250313e-16
19051 OSIM_X_c0[1,24,24,1,1,0] -0.9999999999999996
19052 OSIM_X_c0[1,24,24,1,2,0] 8.659560562354932e-17
19053 OSIM_X_c0[1,24,24,1,3,0] 8.659560562354932e-17
19054 OSIM_X_c0[1,24,24,1,4,0] 0
19055 OSIM_X_c0[1,24,24,1,5,0] 0
19056 OSIM_X_c0[1,24,24,1,6,0] 0
19057 OSIM_X_c0[1,24,24,2,1,0] -8.659560562354932e-17
19058 OSIM_X_c0[1,24,24,2,2,0] 2.220446049250313e-16
19059 OSIM_X_c0[1,24,24,2,3,0] -0.9999999999999998
19060 OSIM_X_c0[1,24,24,2,4,0] 0
19061 OSIM_X_c0[1,24,24,2,5,0] 0
19062 OSIM_X_c0[1,24,24,2,6,0] 0
19063 OSIM_X_c0[1,24,24,3,1,0] -8.659560562354932e-17
19064 OSIM_X_c0[1,24,24,3,2,0] -0.9999999999999998
19065 OSIM_X_c0[1,24,24,3,3,0] 2.220446049250313e-16
19066 OSIM_X_c0[1,24,24,3,4,0] 0
19067 OSIM_X_c0[1,24,24,3,5,0] 0
19068 OSIM_X_c0[1,24,24,3,6,0] 0
19069 OSIM_X_c0[1,24,24,4,1,0] -8.659560562354929e-17
19070 OSIM_X_c0[1,24,24,4,2,0] -0.9999999999999996
19071 OSIM_X_c0[1,24,24,4,3,0] 2.2204460492503126e-16
19072 OSIM_X_c0[1,24,24,4,4,0] -0.9999999999999996
19073 OSIM_X_c0[1,24,24,4,5,0] 8.659560562354932e-17
19074 OSIM_X_c0[1,24,24,4,6,0] 8.659560562354932e-17
19075 OSIM_X_c0[1,24,24,5,1,0] 4.329780281177463e-17
19076 OSIM_X_c0[1,24,24,5,2,0] 0.49999999999999956
19077 OSIM_X_c0[1,24,24,5,3,0] -1.1102230246251558e-16
19078 OSIM_X_c0[1,24,24,5,4,0] -8.659560562354932e-17
19079 OSIM_X_c0[1,24,24,5,5,0] 2.220446049250313e-16
19080 OSIM_X_c0[1,24,24,5,6,0] -0.9999999999999998
19081 OSIM_X_c0[1,24,24,6,1,0] 0.9999999999999993
19082 OSIM_X_c0[1,24,24,6,2,0] 2.442669683896629e-17
19083 OSIM_X_c0[1,24,24,6,3,0] -0.49999999999999967
19084 OSIM_X_c0[1,24,24,6,4,0] -8.659560562354932e-17
19085 OSIM_X_c0[1,24,24,6,5,0] -0.9999999999999998
19086 OSIM_X_c0[1,24,24,6,6,0] 2.220446049250313e-16
19087 OSIM_X_c0[1,25,25,1,1,0] -0.9999999999999996
19088 OSIM_X_c0[1,25,25,1,2,0] 8.659560562354932e-17
19089 OSIM_X_c0[1,25,25,1,3,0] 8.659560562354932e-17
19090 OSIM_X_c0[1,25,25,1,4,0] 0
19091 OSIM_X_c0[1,25,25,1,5,0] 0
19092 OSIM_X_c0[1,25,25,1,6,0] 0
19093 OSIM_X_c0[1,25,25,2,1,0] -8.659560562354932e-17
19094 OSIM_X_c0[1,25,25,2,2,0] 2.220446049250313e-16
19095 OSIM_X_c0[1,25,25,2,3,0] -0.9999999999999998
19096 OSIM_X_c0[1,25,25,2,4,0] 0
19097 OSIM_X_c0[1,25,25,2,5,0] 0
19098 OSIM_X_c0[1,25,25,2,6,0] 0
19099 OSIM_X_c0[1,25,25,3,1,0] -8.659560562354932e-17
19100 OSIM_X_c0[1,25,25,3,2,0] -0.9999999999999998
19101 OSIM_X_c0[1,25,25,3,3,0] 2.220446049250313e-16
19102 OSIM_X_c0[1,25,25,3,4,0] 0
19103 OSIM_X_c0[1,25,25,3,5,0] 0
19104 OSIM_X_c0[1,25,25,3,6,0] 0
19105 OSIM_X_c0[1,25,25,4,1,0] -8.659560562354935e-17
19106 OSIM_X_c0[1,25,25,4,2,0] -0.9999999999999998
19107 OSIM_X_c0[1,25,25,4,3,0] -1.6653345369377338e-16
19108 OSIM_X_c0[1,25,25,4,4,0] -0.9999999999999996
19109 OSIM_X_c0[1,25,25,4,5,0] 8.659560562354932e-17
19110 OSIM_X_c0[1,25,25,4,6,0] 8.659560562354932e-17
19111 OSIM_X_c0[1,25,25,5,1,0] 3.885780586188046e-16
19112 OSIM_X_c0[1,25,25,5,2,0] -2.2204460492503128e-16
19113 OSIM_X_c0[1,25,25,5,3,0] 1.5654654258194792e-32
19114 OSIM_X_c0[1,25,25,5,4,0] -8.659560562354932e-17
19115 OSIM_X_c0[1,25,25,5,5,0] 2.220446049250313e-16
19116 OSIM_X_c0[1,25,25,5,6,0] -0.9999999999999998
19117 OSIM_X_c0[1,25,25,6,1,0] 0.9999999999999996
19118 OSIM_X_c0[1,25,25,6,2,0] -8.659560562354937e-17
19119 OSIM_X_c0[1,25,25,6,3,0] 1.3544899930148195e-16
19120 OSIM_X_c0[1,25,25,6,4,0] -8.659560562354932e-17
19121 OSIM_X_c0[1,25,25,6,5,0] -0.9999999999999998
19122 OSIM_X_c0[1,25,25,6,6,0] 2.220446049250313e-16
19123 OSIM_X_c0[1,26,26,1,1,0] -0.9999999999999996
19124 OSIM_X_c0[1,26,26,1,2,0] 8.659560562354932e-17
19125 OSIM_X_c0[1,26,26,1,3,0] 8.659560562354932e-17
19126 OSIM_X_c0[1,26,26,1,4,0] 0
19127 OSIM_X_c0[1,26,26,1,5,0] 0
19128 OSIM_X_c0[1,26,26,1,6,0] 0
19129 OSIM_X_c0[1,26,26,2,1,0] -8.659560562354932e-17
19130 OSIM_X_c0[1,26,26,2,2,0] 2.220446049250313e-16
19131 OSIM_X_c0[1,26,26,2,3,0] -0.9999999999999998
19132 OSIM_X_c0[1,26,26,2,4,0] 0
19133 OSIM_X_c0[1,26,26,2,5,0] 0
19134 OSIM_X_c0[1,26,26,2,6,0] 0
19135 OSIM_X_c0[1,26,26,3,1,0] -8.659560562354932e-17
19136 OSIM_X_c0[1,26,26,3,2,0] -0.9999999999999998
19137 OSIM_X_c0[1,26,26,3,3,0] 2.220446049250313e-16
19138 OSIM_X_c0[1,26,26,3,4,0] 0
19139 OSIM_X_c0[1,26,26,3,5,0] 0
19140 OSIM_X_c0[1,26,26,3,6,0] 0
19141 OSIM_X_c0[1,26,26,4,1,0] -8.659560562354935e-17
19142 OSIM_X_c0[1,26,26,4,2,0] -0.9999999999999998
19143 OSIM_X_c0[1,26,26,4,3,0] -1.6653345369377338e-16
19144 OSIM_X_c0[1,26,26,4,4,0] -0.9999999999999996
19145 OSIM_X_c0[1,26,26,4,5,0] 8.659560562354932e-17
19146 OSIM_X_c0[1,26,26,4,6,0] 8.659560562354932e-17
19147 OSIM_X_c0[1,26,26,5,1,0] 3.885780586188046e-16
19148 OSIM_X_c0[1,26,26,5,2,0] -2.2204460492503128e-16
19149 OSIM_X_c0[1,26,26,5,3,0] 1.5654654258194792e-32
19150 OSIM_X_c0[1,26,26,5,4,0] -8.659560562354932e-17
19151 OSIM_X_c0[1,26,26,5,5,0] 2.220446049250313e-16
19152 OSIM_X_c0[1,26,26,5,6,0] -0.9999999999999998
19153 OSIM_X_c0[1,26,26,6,1,0] 0.9999999999999996
19154 OSIM_X_c0[1,26,26,6,2,0] -8.659560562354937e-17
19155 OSIM_X_c0[1,26,26,6,3,0] 1.3544899930148195e-16
19156 OSIM_X_c0[1,26,26,6,4,0] -8.659560562354932e-17
19157 OSIM_X_c0[1,26,26,6,5,0] -0.9999999999999998
19158 OSIM_X_c0[1,26,26,6,6,0] 2.220446049250313e-16
19159 OSIM_X_c0[1,27,27,1,1,0] -0.9999999999999996
19160 OSIM_X_c0[1,27,27,1,2,0] 8.659560562354932e-17
19161 OSIM_X_c0[1,27,27,1,3,0] 8.659560562354932e-17
19162 OSIM_X_c0[1,27,27,1,4,0] 0
19163 OSIM_X_c0[1,27,27,1,5,0] 0
19164 OSIM_X_c0[1,27,27,1,6,0] 0
19165 OSIM_X_c0[1,27,27,2,1,0] -8.659560562354932e-17
19166 OSIM_X_c0[1,27,27,2,2,0] 2.220446049250313e-16
19167 OSIM_X_c0[1,27,27,2,3,0] -0.9999999999999998
19168 OSIM_X_c0[1,27,27,2,4,0] 0
19169 OSIM_X_c0[1,27,27,2,5,0] 0
19170 OSIM_X_c0[1,27,27,2,6,0] 0
19171 OSIM_X_c0[1,27,27,3,1,0] -8.659560562354932e-17
19172 OSIM_X_c0[1,27,27,3,2,0] -0.9999999999999998
19173 OSIM_X_c0[1,27,27,3,3,0] 2.220446049250313e-16
19174 OSIM_X_c0[1,27,27,3,4,0] 0
19175 OSIM_X_c0[1,27,27,3,5,0] 0
19176 OSIM_X_c0[1,27,27,3,6,0] 0
19177 OSIM_X_c0[1,27,27,4,1,0] -8.659560562354935e-17
19178 OSIM_X_c0[1,27,27,4,2,0] -0.9999999999999998
19179 OSIM_X_c0[1,27,27,4,3,0] -1.6653345369377338e-16
19180 OSIM_X_c0[1,27,27,4,4,0] -0.9999999999999996
19181 OSIM_X_c0[1,27,27,4,5,0] 8.659560562354932e-17
19182 OSIM_X_c0[1,27,27,4,6,0] 8.659560562354932e-17
19183 OSIM_X_c0[1,27,27,5,1,0] 3.885780586188046e-16
19184 OSIM_X_c0[1,27,27,5,2,0] -2.2204460492503128e-16
19185 OSIM_X_c0[1,27,27,5,3,0] 1.5654654258194792e-32
19186 OSIM_X_c0[1,27,27,5,4,0] -8.659560562354932e-17
19187 OSIM_X_c0[1,27,27,5,5,0] 2.220446049250313e-16
19188 OSIM_X_c0[1,27,27,5,6,0] -0.9999999999999998
19189 OSIM_X_c0[1,27,27,6,1,0] 0.9999999999999996
19190 OSIM_X_c0[1,27,27,6,2,0] -8.659560562354937e-17
19191 OSIM_X_c0[1,27,27,6,3,0] 1.3544899930148195e-16
19192 OSIM_X_c0[1,27,27,6,4,0] -8.659560562354932e-17
19193 OSIM_X_c0[1,27,27,6,5,0] -0.9999999999999998
19194 OSIM_X_c0[1,27,27,6,6,0] 2.220446049250313e-16
19195 OSIM_X_c0[1,28,28,1,1,0] -0.9999999999999996
19196 OSIM_X_c0[1,28,28,1,2,0] 8.659560562354932e-17
19197 OSIM_X_c0[1,28,28,1,3,0] 8.659560562354932e-17
19198 OSIM_X_c0[1,28,28,1,4,0] 0
19199 OSIM_X_c0[1,28,28,1,5,0] 0
19200 OSIM_X_c0[1,28,28,1,6,0] 0
19201 OSIM_X_c0[1,28,28,2,1,0] -8.659560562354932e-17
19202 OSIM_X_c0[1,28,28,2,2,0] 2.220446049250313e-16
19203 OSIM_X_c0[1,28,28,2,3,0] -0.9999999999999998
19204 OSIM_X_c0[1,28,28,2,4,0] 0
19205 OSIM_X_c0[1,28,28,2,5,0] 0
19206 OSIM_X_c0[1,28,28,2,6,0] 0
19207 OSIM_X_c0[1,28,28,3,1,0] -8.659560562354932e-17
19208 OSIM_X_c0[1,28,28,3,2,0] -0.9999999999999998
19209 OSIM_X_c0[1,28,28,3,3,0] 2.220446049250313e-16
19210 OSIM_X_c0[1,28,28,3,4,0] 0
19211 OSIM_X_c0[1,28,28,3,5,0] 0
19212 OSIM_X_c0[1,28,28,3,6,0] 0
19213 OSIM_X_c0[1,28,28,4,1,0] -8.659560562354935e-17
19214 OSIM_X_c0[1,28,28,4,2,0] -0.9999999999999998
19215 OSIM_X_c0[1,28,28,4,3,0] -1.6653345369377338e-16
19216 OSIM_X_c0[1,28,28,4,4,0] -0.9999999999999996
19217 OSIM_X_c0[1,28,28,4,5,0] 8.659560562354932e-17
19218 OSIM_X_c0[1,28,28,4,6,0] 8.659560562354932e-17
19219 OSIM_X_c0[1,28,28,5,1,0] 3.885780586188046e-16
19220 OSIM_X_c0[1,28,28,5,2,0] -2.2204460492503128e-16
19221 OSIM_X_c0[1,28,28,5,3,0] 1.5654654258194792e-32
19222 OSIM_X_c0[1,28,28,5,4,0] -8.659560562354932e-17
19223 OSIM_X_c0[1,28,28,5,5,0] 2.220446049250313e-16
19224 OSIM_X_c0[1,28,28,5,6,0] -0.9999999999999998
19225 OSIM_X_c0[1,28,28,6,1,0] 0.9999999999999996
19226 OSIM_X_c0[1,28,28,6,2,0] -8.659560562354937e-17
19227 OSIM_X_c0[1,28,28,6,3,0] 1.3544899930148195e-16
19228 OSIM_X_c0[1,28,28,6,4,0] -8.659560562354932e-17
19229 OSIM_X_c0[1,28,28,6,5,0] -0.9999999999999998
19230 OSIM_X_c0[1,28,28,6,6,0] 2.220446049250313e-16
19231 OSIM_X_c0[1,29,29,1,1,0] -0.9999999999999996
19232 OSIM_X_c0[1,29,29,1,2,0] 8.659560562354932e-17
19233 OSIM_X_c0[1,29,29,1,3,0] 8.659560562354932e-17
19234 OSIM_X_c0[1,29,29,1,4,0] 0
19235 OSIM_X_c0[1,29,29,1,5,0] 0
19236 OSIM_X_c0[1,29,29,1,6,0] 0
19237 OSIM_X_c0[1,29,29,2,1,0] -8.659560562354932e-17
19238 OSIM_X_c0[1,29,29,2,2,0] 2.220446049250313e-16
19239 OSIM_X_c0[1,29,29,2,3,0] -0.9999999999999998
19240 OSIM_X_c0[1,29,29,2,4,0] 0
19241 OSIM_X_c0[1,29,29,2,5,0] 0
19242 OSIM_X_c0[1,29,29,2,6,0] 0
19243 OSIM_X_c0[1,29,29,3,1,0] -8.659560562354932e-17
19244 OSIM_X_c0[1,29,29,3,2,0] -0.9999999999999998
19245 OSIM_X_c0[1,29,29,3,3,0] 2.220446049250313e-16
19246 OSIM_X_c0[1,29,29,3,4,0] 0
19247 OSIM_X_c0[1,29,29,3,5,0] 0
19248 OSIM_X_c0[1,29,29,3,6,0] 0
19249 OSIM_X_c0[1,29,29,4,1,0] -8.659560562354935e-17
19250 OSIM_X_c0[1,29,29,4,2,0] -0.9999999999999998
19251 OSIM_X_c0[1,29,29,4,3,0] -1.6653345369377338e-16
19252 OSIM_X_c0[1,29,29,4,4,0] -0.9999999999999996
19253 OSIM_X_c0[1,29,29,4,5,0] 8.659560562354932e-17
19254 OSIM_X_c0[1,29,29,4,6,0] 8.659560562354932e-17
19255 OSIM_X_c0[1,29,29,5,1,0] 3.885780586188046e-16
19256 OSIM_X_c0[1,29,29,5,2,0] -2.2204460492503128e-16
19257 OSIM_X_c0[1,29,29,5,3,0] 1.5654654258194792e-32
19258 OSIM_X_c0[1,29,29,5,4,0] -8.659560562354932e-17
19259 OSIM_X_c0[1,29,29,5,5,0] 2.220446049250313e-16
19260 OSIM_X_c0[1,29,29,5,6,0] -0.9999999999999998
19261 OSIM_X_c0[1,29,29,6,1,0] 0.9999999999999996
19262 OSIM_X_c0[1,29,29,6,2,0] -8.659560562354937e-17
19263 OSIM_X_c0[1,29,29,6,3,0] 1.3544899930148195e-16
19264 OSIM_X_c0[1,29,29,6,4,0] -8.659560562354932e-17
19265 OSIM_X_c0[1,29,29,6,5,0] -0.9999999999999998
19266 OSIM_X_c0[1,29,29,6,6,0] 2.220446049250313e-16
19267 OSIM_X_c0[1,30,30,1,1,0] -0.9999999999999996
19268 OSIM_X_c0[1,30,30,1,2,0] 8.659560562354932e-17
19269 OSIM_X_c0[1,30,30,1,3,0] 8.659560562354932e-17
19270 OSIM_X_c0[1,30,30,1,4,0] 0
19271 OSIM_X_c0[1,30,30,1,5,0] 0
19272 OSIM_X_c0[1,30,30,1,6,0] 0
19273 OSIM_X_c0[1,30,30,2,1,0] -8.659560562354932e-17
19274 OSIM_X_c0[1,30,30,2,2,0] 2.220446049250313e-16
19275 OSIM_X_c0[1,30,30,2,3,0] -0.9999999999999998
19276 OSIM_X_c0[1,30,30,2,4,0] 0
19277 OSIM_X_c0[1,30,30,2,5,0] 0
19278 OSIM_X_c0[1,30,30,2,6,0] 0
19279 OSIM_X_c0[1,30,30,3,1,0] -8.659560562354932e-17
19280 OSIM_X_c0[1,30,30,3,2,0] -0.9999999999999998
19281 OSIM_X_c0[1,30,30,3,3,0] 2.220446049250313e-16
19282 OSIM_X_c0[1,30,30,3,4,0] 0
19283 OSIM_X_c0[1,30,30,3,5,0] 0
19284 OSIM_X_c0[1,30,30,3,6,0] 0
19285 OSIM_X_c0[1,30,30,4,1,0] -8.659560562354935e-17
19286 OSIM_X_c0[1,30,30,4,2,0] -0.9999999999999998
19287 OSIM_X_c0[1,30,30,4,3,0] -1.6653345369377338e-16
19288 OSIM_X_c0[1,30,30,4,4,0] -0.9999999999999996
19289 OSIM_X_c0[1,30,30,4,5,0] 8.659560562354932e-17
19290 OSIM_X_c0[1,30,30,4,6,0] 8.659560562354932e-17
19291 OSIM_X_c0[1,30,30,5,1,0] 3.885780586188046e-16
19292 OSIM_X_c0[1,30,30,5,2,0] -2.2204460492503128e-16
19293 OSIM_X_c0[1,30,30,5,3,0] 1.5654654258194792e-32
19294 OSIM_X_c0[1,30,30,5,4,0] -8.659560562354932e-17
19295 OSIM_X_c0[1,30,30,5,5,0] 2.220446049250313e-16
19296 OSIM_X_c0[1,30,30,5,6,0] -0.9999999999999998
19297 OSIM_X_c0[1,30,30,6,1,0] 0.9999999999999996
19298 OSIM_X_c0[1,30,30,6,2,0] -8.659560562354937e-17
19299 OSIM_X_c0[1,30,30,6,3,0] 1.3544899930148195e-16
19300 OSIM_X_c0[1,30,30,6,4,0] -8.659560562354932e-17
19301 OSIM_X_c0[1,30,30,6,5,0] -0.9999999999999998
19302 OSIM_X_c0[1,30,30,6,6,0] 2.220446049250313e-16
19303 OSIM_X_c0[1,31,31,1,1,0] -0.9999999999999996
19304 OSIM_X_c0[1,31,31,1,2,0] 8.659560562354932e-17
19305 OSIM_X_c0[1,31,31,1,3,0] 8.659560562354932e-17
19306 OSIM_X_c0[1,31,31,1,4,0] 0
19307 OSIM_X_c0[1,31,31,1,5,0] 0
19308 OSIM_X_c0[1,31,31,1,6,0] 0
19309 OSIM_X_c0[1,31,31,2,1,0] -8.659560562354932e-17
19310 OSIM_X_c0[1,31,31,2,2,0] 2.220446049250313e-16
19311 OSIM_X_c0[1,31,31,2,3,0] -0.9999999999999998
19312 OSIM_X_c0[1,31,31,2,4,0] 0
19313 OSIM_X_c0[1,31,31,2,5,0] 0
19314 OSIM_X_c0[1,31,31,2,6,0] 0
19315 OSIM_X_c0[1,31,31,3,1,0] -8.659560562354932e-17
19316 OSIM_X_c0[1,31,31,3,2,0] -0.9999999999999998
19317 OSIM_X_c0[1,31,31,3,3,0] 2.220446049250313e-16
19318 OSIM_X_c0[1,31,31,3,4,0] 0
19319 OSIM_X_c0[1,31,31,3,5,0] 0
19320 OSIM_X_c0[1,31,31,3,6,0] 0
19321 OSIM_X_c0[1,31,31,4,1,0] -8.659560562354932e-17
19322 OSIM_X_c0[1,31,31,4,2,0] -0.9999999999999996
19323 OSIM_X_c0[1,31,31,4,3,0] 0
19324 OSIM_X_c0[1,31,31,4,4,0] -0.9999999999999996
19325 OSIM_X_c0[1,31,31,4,5,0] 8.659560562354932e-17
19326 OSIM_X_c0[1,31,31,4,6,0] 8.659560562354932e-17
19327 OSIM_X_c0[1,31,31,5,1,0] 1.7874680211325656e-16
19328 OSIM_X_c0[1,31,31,5,2,0] -0.4999999999999999
19329 OSIM_X_c0[1,31,31,5,3,0] 1.1102230246251563e-16
19330 OSIM_X_c0[1,31,31,5,4,0] -8.659560562354932e-17
19331 OSIM_X_c0[1,31,31,5,5,0] 2.220446049250313e-16
19332 OSIM_X_c0[1,31,31,5,6,0] -0.9999999999999998
19333 OSIM_X_c0[1,31,31,6,1,0] 0.9999999999999993
19334 OSIM_X_c0[1,31,31,6,2,0] -1.9761790808606496e-16
19335 OSIM_X_c0[1,31,31,6,3,0] 0.4999999999999998
19336 OSIM_X_c0[1,31,31,6,4,0] -8.659560562354932e-17
19337 OSIM_X_c0[1,31,31,6,5,0] -0.9999999999999998
19338 OSIM_X_c0[1,31,31,6,6,0] 2.220446049250313e-16
19339 OSIM_X_c0[1,32,32,1,1,0] -0.9999999999999996
19340 OSIM_X_c0[1,32,32,1,2,0] 8.659560562354932e-17
19341 OSIM_X_c0[1,32,32,1,3,0] 8.659560562354932e-17
19342 OSIM_X_c0[1,32,32,1,4,0] 0
19343 OSIM_X_c0[1,32,32,1,5,0] 0
19344 OSIM_X_c0[1,32,32,1,6,0] 0
19345 OSIM_X_c0[1,32,32,2,1,0] -8.659560562354932e-17
19346 OSIM_X_c0[1,32,32,2,2,0] 2.220446049250313e-16
19347 OSIM_X_c0[1,32,32,2,3,0] -0.9999999999999998
19348 OSIM_X_c0[1,32,32,2,4,0] 0
19349 OSIM_X_c0[1,32,32,2,5,0] 0
19350 OSIM_X_c0[1,32,32,2,6,0] 0
19351 OSIM_X_c0[1,32,32,3,1,0] -8.659560562354932e-17
19352 OSIM_X_c0[1,32,32,3,2,0] -0.9999999999999998
19353 OSIM_X_c0[1,32,32,3,3,0] 2.220446049250313e-16
19354 OSIM_X_c0[1,32,32,3,4,0] 0
19355 OSIM_X_c0[1,32,32,3,5,0] 0
19356 OSIM_X_c0[1,32,32,3,6,0] 0
19357 OSIM_X_c0[1,32,32,4,1,0] -8.659560562354932e-17
19358 OSIM_X_c0[1,32,32,4,2,0] -0.9999999999999996
19359 OSIM_X_c0[1,32,32,4,3,0] 0
19360 OSIM_X_c0[1,32,32,4,4,0] -0.9999999999999996
19361 OSIM_X_c0[1,32,32,4,5,0] 8.659560562354932e-17
19362 OSIM_X_c0[1,32,32,4,6,0] 8.659560562354932e-17
19363 OSIM_X_c0[1,32,32,5,1,0] 1.7874680211325656e-16
19364 OSIM_X_c0[1,32,32,5,2,0] -0.4999999999999999
19365 OSIM_X_c0[1,32,32,5,3,0] 1.1102230246251563e-16
19366 OSIM_X_c0[1,32,32,5,4,0] -8.659560562354932e-17
19367 OSIM_X_c0[1,32,32,5,5,0] 2.220446049250313e-16
19368 OSIM_X_c0[1,32,32,5,6,0] -0.9999999999999998
19369 OSIM_X_c0[1,32,32,6,1,0] 0.9999999999999993
19370 OSIM_X_c0[1,32,32,6,2,0] -1.9761790808606496e-16
19371 OSIM_X_c0[1,32,32,6,3,0] 0.4999999999999998
19372 OSIM_X_c0[1,32,32,6,4,0] -8.659560562354932e-17
19373 OSIM_X_c0[1,32,32,6,5,0] -0.9999999999999998
19374 OSIM_X_c0[1,32,32,6,6,0] 2.220446049250313e-16
19375 OSIM_X_c0[1,33,33,1,1,0] -0.9999999999999996
19376 OSIM_X_c0[1,33,33,1,2,0] 8.659560562354932e-17
19377 OSIM_X_c0[1,33,33,1,3,0] 8.659560562354932e-17
19378 OSIM_X_c0[1,33,33,1,4,0] 0
19379 OSIM_X_c0[1,33,33,1,5,0] 0
19380 OSIM_X_c0[1,33,33,1,6,0] 0
19381 OSIM_X_c0[1,33,33,2,1,0] -8.659560562354932e-17
19382 OSIM_X_c0[1,33,33,2,2,0] 2.220446049250313e-16
19383 OSIM_X_c0[1,33,33,2,3,0] -0.9999999999999998
19384 OSIM_X_c0[1,33,33,2,4,0] 0
19385 OSIM_X_c0[1,33,33,2,5,0] 0
19386 OSIM_X_c0[1,33,33,2,6,0] 0
19387 OSIM_X_c0[1,33,33,3,1,0] -8.659560562354932e-17
19388 OSIM_X_c0[1,33,33,3,2,0] -0.9999999999999998
19389 OSIM_X_c0[1,33,33,3,3,0] 2.220446049250313e-16
19390 OSIM_X_c0[1,33,33,3,4,0] 0
19391 OSIM_X_c0[1,33,33,3,5,0] 0
19392 OSIM_X_c0[1,33,33,3,6,0] 0
19393 OSIM_X_c0[1,33,33,4,1,0] -8.659560562354932e-17
19394 OSIM_X_c0[1,33,33,4,2,0] -0.9999999999999996
19395 OSIM_X_c0[1,33,33,4,3,0] 0
19396 OSIM_X_c0[1,33,33,4,4,0] -0.9999999999999996
19397 OSIM_X_c0[1,33,33,4,5,0] 8.659560562354932e-17
19398 OSIM_X_c0[1,33,33,4,6,0] 8.659560562354932e-17
19399 OSIM_X_c0[1,33,33,5,1,0] 1.7874680211325656e-16
19400 OSIM_X_c0[1,33,33,5,2,0] -0.4999999999999999
19401 OSIM_X_c0[1,33,33,5,3,0] 1.1102230246251563e-16
19402 OSIM_X_c0[1,33,33,5,4,0] -8.659560562354932e-17
19403 OSIM_X_c0[1,33,33,5,5,0] 2.220446049250313e-16
19404 OSIM_X_c0[1,33,33,5,6,0] -0.9999999999999998
19405 OSIM_X_c0[1,33,33,6,1,0] 0.9999999999999993
19406 OSIM_X_c0[1,33,33,6,2,0] -1.9761790808606496e-16
19407 OSIM_X_c0[1,33,33,6,3,0] 0.4999999999999998
19408 OSIM_X_c0[1,33,33,6,4,0] -8.659560562354932e-17
19409 OSIM_X_c0[1,33,33,6,5,0] -0.9999999999999998
19410 OSIM_X_c0[1,33,33,6,6,0] 2.220446049250313e-16
19411 OSIM_X_c0[1,34,34,1,1,0] -0.9999999999999996
19412 OSIM_X_c0[1,34,34,1,2,0] 8.659560562354932e-17
19413 OSIM_X_c0[1,34,34,1,3,0] 8.659560562354932e-17
19414 OSIM_X_c0[1,34,34,1,4,0] 0
19415 OSIM_X_c0[1,34,34,1,5,0] 0
19416 OSIM_X_c0[1,34,34,1,6,0] 0
19417 OSIM_X_c0[1,34,34,2,1,0] -8.659560562354932e-17
19418 OSIM_X_c0[1,34,34,2,2,0] 2.220446049250313e-16
19419 OSIM_X_c0[1,34,34,2,3,0] -0.9999999999999998
19420 OSIM_X_c0[1,34,34,2,4,0] 0
19421 OSIM_X_c0[1,34,34,2,5,0] 0
19422 OSIM_X_c0[1,34,34,2,6,0] 0
19423 OSIM_X_c0[1,34,34,3,1,0] -8.659560562354932e-17
19424 OSIM_X_c0[1,34,34,3,2,0] -0.9999999999999998
19425 OSIM_X_c0[1,34,34,3,3,0] 2.220446049250313e-16
19426 OSIM_X_c0[1,34,34,3,4,0] 0
19427 OSIM_X_c0[1,34,34,3,5,0] 0
19428 OSIM_X_c0[1,34,34,3,6,0] 0
19429 OSIM_X_c0[1,34,34,4,1,0] -8.659560562354932e-17
19430 OSIM_X_c0[1,34,34,4,2,0] -0.9999999999999996
19431 OSIM_X_c0[1,34,34,4,3,0] 0
19432 OSIM_X_c0[1,34,34,4,4,0] -0.9999999999999996
19433 OSIM_X_c0[1,34,34,4,5,0] 8.659560562354932e-17
19434 OSIM_X_c0[1,34,34,4,6,0] 8.659560562354932e-17
19435 OSIM_X_c0[1,34,34,5,1,0] 1.7874680211325656e-16
19436 OSIM_X_c0[1,34,34,5,2,0] -0.4999999999999999
19437 OSIM_X_c0[1,34,34,5,3,0] 1.1102230246251563e-16
19438 OSIM_X_c0[1,34,34,5,4,0] -8.659560562354932e-17
19439 OSIM_X_c0[1,34,34,5,5,0] 2.220446049250313e-16
19440 OSIM_X_c0[1,34,34,5,6,0] -0.9999999999999998
19441 OSIM_X_c0[1,34,34,6,1,0] 0.9999999999999993
19442 OSIM_X_c0[1,34,34,6,2,0] -1.9761790808606496e-16
19443 OSIM_X_c0[1,34,34,6,3,0] 0.4999999999999998
19444 OSIM_X_c0[1,34,34,6,4,0] -8.659560562354932e-17
19445 OSIM_X_c0[1,34,34,6,5,0] -0.9999999999999998
19446 OSIM_X_c0[1,34,34,6,6,0] 2.220446049250313e-16
19447 OSIM_X_c0[1,35,35,1,1,0] -0.9999999999999996
19448 OSIM_X_c0[1,35,35,1,2,0] 8.659560562354932e-17
19449 OSIM_X_c0[1,35,35,1,3,0] 8.659560562354932e-17
19450 OSIM_X_c0[1,35,35,1,4,0] 0
19451 OSIM_X_c0[1,35,35,1,5,0] 0
19452 OSIM_X_c0[1,35,35,1,6,0] 0
19453 OSIM_X_c0[1,35,35,2,1,0] -8.659560562354932e-17
19454 OSIM_X_c0[1,35,35,2,2,0] 2.220446049250313e-16
19455 OSIM_X_c0[1,35,35,2,3,0] -0.9999999999999998
19456 OSIM_X_c0[1,35,35,2,4,0] 0
19457 OSIM_X_c0[1,35,35,2,5,0] 0
19458 OSIM_X_c0[1,35,35,2,6,0] 0
19459 OSIM_X_c0[1,35,35,3,1,0] -8.659560562354932e-17
19460 OSIM_X_c0[1,35,35,3,2,0] -0.9999999999999998
19461 OSIM_X_c0[1,35,35,3,3,0] 2.220446049250313e-16
19462 OSIM_X_c0[1,35,35,3,4,0] 0
19463 OSIM_X_c0[1,35,35,3,5,0] 0
19464 OSIM_X_c0[1,35,35,3,6,0] 0
19465 OSIM_X_c0[1,35,35,4,1,0] -8.659560562354932e-17
19466 OSIM_X_c0[1,35,35,4,2,0] -0.9999999999999996
19467 OSIM_X_c0[1,35,35,4,3,0] 0
19468 OSIM_X_c0[1,35,35,4,4,0] -0.9999999999999996
19469 OSIM_X_c0[1,35,35,4,5,0] 8.659560562354932e-17
19470 OSIM_X_c0[1,35,35,4,6,0] 8.659560562354932e-17
19471 OSIM_X_c0[1,35,35,5,1,0] 1.7874680211325656e-16
19472 OSIM_X_c0[1,35,35,5,2,0] -0.4999999999999999
19473 OSIM_X_c0[1,35,35,5,3,0] 1.1102230246251563e-16
19474 OSIM_X_c0[1,35,35,5,4,0] -8.659560562354932e-17
19475 OSIM_X_c0[1,35,35,5,5,0] 2.220446049250313e-16
19476 OSIM_X_c0[1,35,35,5,6,0] -0.9999999999999998
19477 OSIM_X_c0[1,35,35,6,1,0] 0.9999999999999993
19478 OSIM_X_c0[1,35,35,6,2,0] -1.9761790808606496e-16
19479 OSIM_X_c0[1,35,35,6,3,0] 0.4999999999999998
19480 OSIM_X_c0[1,35,35,6,4,0] -8.659560562354932e-17
19481 OSIM_X_c0[1,35,35,6,5,0] -0.9999999999999998
19482 OSIM_X_c0[1,35,35,6,6,0] 2.220446049250313e-16
19483 OSIM_X_c0[1,36,36,1,1,0] -0.9999999999999996
19484 OSIM_X_c0[1,36,36,1,2,0] 8.659560562354932e-17
19485 OSIM_X_c0[1,36,36,1,3,0] 8.659560562354932e-17
19486 OSIM_X_c0[1,36,36,1,4,0] 0
19487 OSIM_X_c0[1,36,36,1,5,0] 0
19488 OSIM_X_c0[1,36,36,1,6,0] 0
19489 OSIM_X_c0[1,36,36,2,1,0] -8.659560562354932e-17
19490 OSIM_X_c0[1,36,36,2,2,0] 2.220446049250313e-16
19491 OSIM_X_c0[1,36,36,2,3,0] -0.9999999999999998
19492 OSIM_X_c0[1,36,36,2,4,0] 0
19493 OSIM_X_c0[1,36,36,2,5,0] 0
19494 OSIM_X_c0[1,36,36,2,6,0] 0
19495 OSIM_X_c0[1,36,36,3,1,0] -8.659560562354932e-17
19496 OSIM_X_c0[1,36,36,3,2,0] -0.9999999999999998
19497 OSIM_X_c0[1,36,36,3,3,0] 2.220446049250313e-16
19498 OSIM_X_c0[1,36,36,3,4,0] 0
19499 OSIM_X_c0[1,36,36,3,5,0] 0
19500 OSIM_X_c0[1,36,36,3,6,0] 0
19501 OSIM_X_c0[1,36,36,4,1,0] -8.659560562354932e-17
19502 OSIM_X_c0[1,36,36,4,2,0] -0.9999999999999996
19503 OSIM_X_c0[1,36,36,4,3,0] 0
19504 OSIM_X_c0[1,36,36,4,4,0] -0.9999999999999996
19505 OSIM_X_c0[1,36,36,4,5,0] 8.659560562354932e-17
19506 OSIM_X_c0[1,36,36,4,6,0] 8.659560562354932e-17
19507 OSIM_X_c0[1,36,36,5,1,0] 1.7874680211325656e-16
19508 OSIM_X_c0[1,36,36,5,2,0] -0.4999999999999999
19509 OSIM_X_c0[1,36,36,5,3,0] 1.1102230246251563e-16
19510 OSIM_X_c0[1,36,36,5,4,0] -8.659560562354932e-17
19511 OSIM_X_c0[1,36,36,5,5,0] 2.220446049250313e-16
19512 OSIM_X_c0[1,36,36,5,6,0] -0.9999999999999998
19513 OSIM_X_c0[1,36,36,6,1,0] 0.9999999999999993
19514 OSIM_X_c0[1,36,36,6,2,0] -1.9761790808606496e-16
19515 OSIM_X_c0[1,36,36,6,3,0] 0.4999999999999998
19516 OSIM_X_c0[1,36,36,6,4,0] -8.659560562354932e-17
19517 OSIM_X_c0[1,36,36,6,5,0] -0.9999999999999998
19518 OSIM_X_c0[1,36,36,6,6,0] 2.220446049250313e-16
19519 OSIM_X_c0[1,37,37,1,1,0] -0.9999999999999996
19520 OSIM_X_c0[1,37,37,1,2,0] 8.659560562354932e-17
19521 OSIM_X_c0[1,37,37,1,3,0] 8.659560562354932e-17
19522 OSIM_X_c0[1,37,37,1,4,0] 0
19523 OSIM_X_c0[1,37,37,1,5,0] 0
19524 OSIM_X_c0[1,37,37,1,6,0] 0
19525 OSIM_X_c0[1,37,37,2,1,0] -8.659560562354932e-17
19526 OSIM_X_c0[1,37,37,2,2,0] 2.220446049250313e-16
19527 OSIM_X_c0[1,37,37,2,3,0] -0.9999999999999998
19528 OSIM_X_c0[1,37,37,2,4,0] 0
19529 OSIM_X_c0[1,37,37,2,5,0] 0
19530 OSIM_X_c0[1,37,37,2,6,0] 0
19531 OSIM_X_c0[1,37,37,3,1,0] -8.659560562354932e-17
19532 OSIM_X_c0[1,37,37,3,2,0] -0.9999999999999998
19533 OSIM_X_c0[1,37,37,3,3,0] 2.220446049250313e-16
19534 OSIM_X_c0[1,37,37,3,4,0] 0
19535 OSIM_X_c0[1,37,37,3,5,0] 0
19536 OSIM_X_c0[1,37,37,3,6,0] 0
19537 OSIM_X_c0[1,37,37,4,1,0] -8.659560562354932e-17
19538 OSIM_X_c0[1,37,37,4,2,0] -0.9999999999999993
19539 OSIM_X_c0[1,37,37,4,3,0] -2.220446049250313e-16
19540 OSIM_X_c0[1,37,37,4,4,0] -0.9999999999999996
19541 OSIM_X_c0[1,37,37,4,5,0] 8.659560562354932e-17
19542 OSIM_X_c0[1,37,37,4,6,0] 8.659560562354932e-17
19543 OSIM_X_c0[1,37,37,5,1,0] 3.5749360422651307e-16
19544 OSIM_X_c0[1,37,37,5,2,0] -1.0000000000000002
19545 OSIM_X_c0[1,37,37,5,3,0] 2.2204460492503136e-16
19546 OSIM_X_c0[1,37,37,5,4,0] -8.659560562354932e-17
19547 OSIM_X_c0[1,37,37,5,5,0] 2.220446049250313e-16
19548 OSIM_X_c0[1,37,37,5,6,0] -0.9999999999999998
19549 OSIM_X_c0[1,37,37,6,1,0] 0.9999999999999992
19550 OSIM_X_c0[1,37,37,6,2,0] -3.0864021054858066e-16
19551 OSIM_X_c0[1,37,37,6,3,0] 1.0000000000000002
19552 OSIM_X_c0[1,37,37,6,4,0] -8.659560562354932e-17
19553 OSIM_X_c0[1,37,37,6,5,0] -0.9999999999999998
19554 OSIM_X_c0[1,37,37,6,6,0] 2.220446049250313e-16
19555 OSIM_X_c0[1,38,38,1,1,0] -0.9999999999999996
19556 OSIM_X_c0[1,38,38,1,2,0] 8.659560562354932e-17
19557 OSIM_X_c0[1,38,38,1,3,0] 8.659560562354932e-17
19558 OSIM_X_c0[1,38,38,1,4,0] 0
19559 OSIM_X_c0[1,38,38,1,5,0] 0
19560 OSIM_X_c0[1,38,38,1,6,0] 0
19561 OSIM_X_c0[1,38,38,2,1,0] -8.659560562354932e-17
19562 OSIM_X_c0[1,38,38,2,2,0] 2.220446049250313e-16
19563 OSIM_X_c0[1,38,38,2,3,0] -0.9999999999999998
19564 OSIM_X_c0[1,38,38,2,4,0] 0
19565 OSIM_X_c0[1,38,38,2,5,0] 0
19566 OSIM_X_c0[1,38,38,2,6,0] 0
19567 OSIM_X_c0[1,38,38,3,1,0] -8.659560562354932e-17
19568 OSIM_X_c0[1,38,38,3,2,0] -0.9999999999999998
19569 OSIM_X_c0[1,38,38,3,3,0] 2.220446049250313e-16
19570 OSIM_X_c0[1,38,38,3,4,0] 0
19571 OSIM_X_c0[1,38,38,3,5,0] 0
19572 OSIM_X_c0[1,38,38,3,6,0] 0
19573 OSIM_X_c0[1,38,38,4,1,0] -8.659560562354932e-17
19574 OSIM_X_c0[1,38,38,4,2,0] -0.9999999999999993
19575 OSIM_X_c0[1,38,38,4,3,0] -2.220446049250313e-16
19576 OSIM_X_c0[1,38,38,4,4,0] -0.9999999999999996
19577 OSIM_X_c0[1,38,38,4,5,0] 8.659560562354932e-17
19578 OSIM_X_c0[1,38,38,4,6,0] 8.659560562354932e-17
19579 OSIM_X_c0[1,38,38,5,1,0] 3.5749360422651307e-16
19580 OSIM_X_c0[1,38,38,5,2,0] -1.0000000000000002
19581 OSIM_X_c0[1,38,38,5,3,0] 2.2204460492503136e-16
19582 OSIM_X_c0[1,38,38,5,4,0] -8.659560562354932e-17
19583 OSIM_X_c0[1,38,38,5,5,0] 2.220446049250313e-16
19584 OSIM_X_c0[1,38,38,5,6,0] -0.9999999999999998
19585 OSIM_X_c0[1,38,38,6,1,0] 0.9999999999999992
19586 OSIM_X_c0[1,38,38,6,2,0] -3.0864021054858066e-16
19587 OSIM_X_c0[1,38,38,6,3,0] 1.0000000000000002
19588 OSIM_X_c0[1,38,38,6,4,0] -8.659560562354932e-17
19589 OSIM_X_c0[1,38,38,6,5,0] -0.9999999999999998
19590 OSIM_X_c0[1,38,38,6,6,0] 2.220446049250313e-16
19591 OSIM_X_c0[1,39,39,1,1,0] -0.9999999999999996
19592 OSIM_X_c0[1,39,39,1,2,0] 8.659560562354932e-17
19593 OSIM_X_c0[1,39,39,1,3,0] 8.659560562354932e-17
19594 OSIM_X_c0[1,39,39,1,4,0] 0
19595 OSIM_X_c0[1,39,39,1,5,0] 0
19596 OSIM_X_c0[1,39,39,1,6,0] 0
19597 OSIM_X_c0[1,39,39,2,1,0] -8.659560562354932e-17
19598 OSIM_X_c0[1,39,39,2,2,0] 2.220446049250313e-16
19599 OSIM_X_c0[1,39,39,2,3,0] -0.9999999999999998
19600 OSIM_X_c0[1,39,39,2,4,0] 0
19601 OSIM_X_c0[1,39,39,2,5,0] 0
19602 OSIM_X_c0[1,39,39,2,6,0] 0
19603 OSIM_X_c0[1,39,39,3,1,0] -8.659560562354932e-17
19604 OSIM_X_c0[1,39,39,3,2,0] -0.9999999999999998
19605 OSIM_X_c0[1,39,39,3,3,0] 2.220446049250313e-16
19606 OSIM_X_c0[1,39,39,3,4,0] 0
19607 OSIM_X_c0[1,39,39,3,5,0] 0
19608 OSIM_X_c0[1,39,39,3,6,0] 0
19609 OSIM_X_c0[1,39,39,4,1,0] -8.659560562354932e-17
19610 OSIM_X_c0[1,39,39,4,2,0] -0.9999999999999993
19611 OSIM_X_c0[1,39,39,4,3,0] -2.220446049250313e-16
19612 OSIM_X_c0[1,39,39,4,4,0] -0.9999999999999996
19613 OSIM_X_c0[1,39,39,4,5,0] 8.659560562354932e-17
19614 OSIM_X_c0[1,39,39,4,6,0] 8.659560562354932e-17
19615 OSIM_X_c0[1,39,39,5,1,0] 3.5749360422651307e-16
19616 OSIM_X_c0[1,39,39,5,2,0] -1.0000000000000002
19617 OSIM_X_c0[1,39,39,5,3,0] 2.2204460492503136e-16
19618 OSIM_X_c0[1,39,39,5,4,0] -8.659560562354932e-17
19619 OSIM_X_c0[1,39,39,5,5,0] 2.220446049250313e-16
19620 OSIM_X_c0[1,39,39,5,6,0] -0.9999999999999998
19621 OSIM_X_c0[1,39,39,6,1,0] 0.9999999999999992
19622 OSIM_X_c0[1,39,39,6,2,0] -3.0864021054858066e-16
19623 OSIM_X_c0[1,39,39,6,3,0] 1.0000000000000002
19624 OSIM_X_c0[1,39,39,6,4,0] -8.659560562354932e-17
19625 OSIM_X_c0[1,39,39,6,5,0] -0.9999999999999998
19626 OSIM_X_c0[1,39,39,6,6,0] 2.220446049250313e-16
19627 OSIM_X_c0[1,40,40,1,1,0] -0.9999999999999996
19628 OSIM_X_c0[1,40,40,1,2,0] 8.659560562354932e-17
19629 OSIM_X_c0[1,40,40,1,3,0] 8.659560562354932e-17
19630 OSIM_X_c0[1,40,40,1,4,0] 0
19631 OSIM_X_c0[1,40,40,1,5,0] 0
19632 OSIM_X_c0[1,40,40,1,6,0] 0
19633 OSIM_X_c0[1,40,40,2,1,0] -8.659560562354932e-17
19634 OSIM_X_c0[1,40,40,2,2,0] 2.220446049250313e-16
19635 OSIM_X_c0[1,40,40,2,3,0] -0.9999999999999998
19636 OSIM_X_c0[1,40,40,2,4,0] 0
19637 OSIM_X_c0[1,40,40,2,5,0] 0
19638 OSIM_X_c0[1,40,40,2,6,0] 0
19639 OSIM_X_c0[1,40,40,3,1,0] -8.659560562354932e-17
19640 OSIM_X_c0[1,40,40,3,2,0] -0.9999999999999998
19641 OSIM_X_c0[1,40,40,3,3,0] 2.220446049250313e-16
19642 OSIM_X_c0[1,40,40,3,4,0] 0
19643 OSIM_X_c0[1,40,40,3,5,0] 0
19644 OSIM_X_c0[1,40,40,3,6,0] 0
19645 OSIM_X_c0[1,40,40,4,1,0] -8.659560562354932e-17
19646 OSIM_X_c0[1,40,40,4,2,0] -0.9999999999999993
19647 OSIM_X_c0[1,40,40,4,3,0] -2.220446049250313e-16
19648 OSIM_X_c0[1,40,40,4,4,0] -0.9999999999999996
19649 OSIM_X_c0[1,40,40,4,5,0] 8.659560562354932e-17
19650 OSIM_X_c0[1,40,40,4,6,0] 8.659560562354932e-17
19651 OSIM_X_c0[1,40,40,5,1,0] 3.5749360422651307e-16
19652 OSIM_X_c0[1,40,40,5,2,0] -1.0000000000000002
19653 OSIM_X_c0[1,40,40,5,3,0] 2.2204460492503136e-16
19654 OSIM_X_c0[1,40,40,5,4,0] -8.659560562354932e-17
19655 OSIM_X_c0[1,40,40,5,5,0] 2.220446049250313e-16
19656 OSIM_X_c0[1,40,40,5,6,0] -0.9999999999999998
19657 OSIM_X_c0[1,40,40,6,1,0] 0.9999999999999992
19658 OSIM_X_c0[1,40,40,6,2,0] -3.0864021054858066e-16
19659 OSIM_X_c0[1,40,40,6,3,0] 1.0000000000000002
19660 OSIM_X_c0[1,40,40,6,4,0] -8.659560562354932e-17
19661 OSIM_X_c0[1,40,40,6,5,0] -0.9999999999999998
19662 OSIM_X_c0[1,40,40,6,6,0] 2.220446049250313e-16
19663 OSIM_X_c0[1,41,41,1,1,0] -0.9999999999999996
19664 OSIM_X_c0[1,41,41,1,2,0] 8.659560562354932e-17
19665 OSIM_X_c0[1,41,41,1,3,0] 8.659560562354932e-17
19666 OSIM_X_c0[1,41,41,1,4,0] 0
19667 OSIM_X_c0[1,41,41,1,5,0] 0
19668 OSIM_X_c0[1,41,41,1,6,0] 0
19669 OSIM_X_c0[1,41,41,2,1,0] -8.659560562354932e-17
19670 OSIM_X_c0[1,41,41,2,2,0] 2.220446049250313e-16
19671 OSIM_X_c0[1,41,41,2,3,0] -0.9999999999999998
19672 OSIM_X_c0[1,41,41,2,4,0] 0
19673 OSIM_X_c0[1,41,41,2,5,0] 0
19674 OSIM_X_c0[1,41,41,2,6,0] 0
19675 OSIM_X_c0[1,41,41,3,1,0] -8.659560562354932e-17
19676 OSIM_X_c0[1,41,41,3,2,0] -0.9999999999999998
19677 OSIM_X_c0[1,41,41,3,3,0] 2.220446049250313e-16
19678 OSIM_X_c0[1,41,41,3,4,0] 0
19679 OSIM_X_c0[1,41,41,3,5,0] 0
19680 OSIM_X_c0[1,41,41,3,6,0] 0
19681 OSIM_X_c0[1,41,41,4,1,0] -8.659560562354932e-17
19682 OSIM_X_c0[1,41,41,4,2,0] -0.9999999999999993
19683 OSIM_X_c0[1,41,41,4,3,0] -2.220446049250313e-16
19684 OSIM_X_c0[1,41,41,4,4,0] -0.9999999999999996
19685 OSIM_X_c0[1,41,41,4,5,0] 8.659560562354932e-17
19686 OSIM_X_c0[1,41,41,4,6,0] 8.659560562354932e-17
19687 OSIM_X_c0[1,41,41,5,1,0] 3.5749360422651307e-16
19688 OSIM_X_c0[1,41,41,5,2,0] -1.0000000000000002
19689 OSIM_X_c0[1,41,41,5,3,0] 2.2204460492503136e-16
19690 OSIM_X_c0[1,41,41,5,4,0] -8.659560562354932e-17
19691 OSIM_X_c0[1,41,41,5,5,0] 2.220446049250313e-16
19692 OSIM_X_c0[1,41,41,5,6,0] -0.9999999999999998
19693 OSIM_X_c0[1,41,41,6,1,0] 0.9999999999999992
19694 OSIM_X_c0[1,41,41,6,2,0] -3.0864021054858066e-16
19695 OSIM_X_c0[1,41,41,6,3,0] 1.0000000000000002
19696 OSIM_X_c0[1,41,41,6,4,0] -8.659560562354932e-17
19697 OSIM_X_c0[1,41,41,6,5,0] -0.9999999999999998
19698 OSIM_X_c0[1,41,41,6,6,0] 2.220446049250313e-16
19699 OSIM_X_c0[1,42,42,1,1,0] -0.9999999999999996
19700 OSIM_X_c0[1,42,42,1,2,0] 8.659560562354932e-17
19701 OSIM_X_c0[1,42,42,1,3,0] 8.659560562354932e-17
19702 OSIM_X_c0[1,42,42,1,4,0] 0
19703 OSIM_X_c0[1,42,42,1,5,0] 0
19704 OSIM_X_c0[1,42,42,1,6,0] 0
19705 OSIM_X_c0[1,42,42,2,1,0] -8.659560562354932e-17
19706 OSIM_X_c0[1,42,42,2,2,0] 2.220446049250313e-16
19707 OSIM_X_c0[1,42,42,2,3,0] -0.9999999999999998
19708 OSIM_X_c0[1,42,42,2,4,0] 0
19709 OSIM_X_c0[1,42,42,2,5,0] 0
19710 OSIM_X_c0[1,42,42,2,6,0] 0
19711 OSIM_X_c0[1,42,42,3,1,0] -8.659560562354932e-17
19712 OSIM_X_c0[1,42,42,3,2,0] -0.9999999999999998
19713 OSIM_X_c0[1,42,42,3,3,0] 2.220446049250313e-16
19714 OSIM_X_c0[1,42,42,3,4,0] 0
19715 OSIM_X_c0[1,42,42,3,5,0] 0
19716 OSIM_X_c0[1,42,42,3,6,0] 0
19717 OSIM_X_c0[1,42,42,4,1,0] -8.659560562354932e-17
19718 OSIM_X_c0[1,42,42,4,2,0] -0.9999999999999993
19719 OSIM_X_c0[1,42,42,4,3,0] -2.220446049250313e-16
19720 OSIM_X_c0[1,42,42,4,4,0] -0.9999999999999996
19721 OSIM_X_c0[1,42,42,4,5,0] 8.659560562354932e-17
19722 OSIM_X_c0[1,42,42,4,6,0] 8.659560562354932e-17
19723 OSIM_X_c0[1,42,42,5,1,0] 3.5749360422651307e-16
19724 OSIM_X_c0[1,42,42,5,2,0] -1.0000000000000002
19725 OSIM_X_c0[1,42,42,5,3,0] 2.2204460492503136e-16
19726 OSIM_X_c0[1,42,42,5,4,0] -8.659560562354932e-17
19727 OSIM_X_c0[1,42,42,5,5,0] 2.220446049250313e-16
19728 OSIM_X_c0[1,42,42,5,6,0] -0.9999999999999998
19729 OSIM_X_c0[1,42,42,6,1,0] 0.9999999999999992
19730 OSIM_X_c0[1,42,42,6,2,0] -3.0864021054858066e-16
19731 OSIM_X_c0[1,42,42,6,3,0] 1.0000000000000002
19732 OSIM_X_c0[1,42,42,6,4,0] -8.659560562354932e-17
19733 OSIM_X_c0[1,42,42,6,5,0] -0.9999999999999998
19734 OSIM_X_c0[1,42,42,6,6,0] 2.220446049250313e-16
19735 OSIM_X_c0[1,43,43,1,1,0] -0.9999999999999996
19736 OSIM_X_c0[1,43,43,1,2,0] 8.659560562354932e-17
19737 OSIM_X_c0[1,43,43,1,3,0] 8.659560562354932e-17
19738 OSIM_X_c0[1,43,43,1,4,0] 0
19739 OSIM_X_c0[1,43,43,1,5,0] 0
19740 OSIM_X_c0[1,43,43,1,6,0] 0
19741 OSIM_X_c0[1,43,43,2,1,0] -8.659560562354932e-17
19742 OSIM_X_c0[1,43,43,2,2,0] 2.220446049250313e-16
19743 OSIM_X_c0[1,43,43,2,3,0] -0.9999999999999998
19744 OSIM_X_c0[1,43,43,2,4,0] 0
19745 OSIM_X_c0[1,43,43,2,5,0] 0
19746 OSIM_X_c0[1,43,43,2,6,0] 0
19747 OSIM_X_c0[1,43,43,3,1,0] -8.659560562354932e-17
19748 OSIM_X_c0[1,43,43,3,2,0] -0.9999999999999998
19749 OSIM_X_c0[1,43,43,3,3,0] 2.220446049250313e-16
19750 OSIM_X_c0[1,43,43,3,4,0] 0
19751 OSIM_X_c0[1,43,43,3,5,0] 0
19752 OSIM_X_c0[1,43,43,3,6,0] 0
19753 OSIM_X_c0[1,43,43,4,1,0] -8.65956056235493e-17
19754 OSIM_X_c0[1,43,43,4,2,0] -0.9999999999999993
19755 OSIM_X_c0[1,43,43,4,3,0] -4.930380657631324e-32
19756 OSIM_X_c0[1,43,43,4,4,0] -0.9999999999999996
19757 OSIM_X_c0[1,43,43,4,5,0] 8.659560562354932e-17
19758 OSIM_X_c0[1,43,43,4,6,0] 8.659560562354932e-17
19759 OSIM_X_c0[1,43,43,5,1,0] 9.215119648970728e-17
19760 OSIM_X_c0[1,43,43,5,2,0] -1.4999999999999993
19761 OSIM_X_c0[1,43,43,5,3,0] 3.3306690738754686e-16
19762 OSIM_X_c0[1,43,43,5,4,0] -8.659560562354932e-17
19763 OSIM_X_c0[1,43,43,5,5,0] 2.220446049250313e-16
19764 OSIM_X_c0[1,43,43,5,6,0] -0.9999999999999998
19765 OSIM_X_c0[1,43,43,6,1,0] 0.9999999999999992
19766 OSIM_X_c0[1,43,43,6,2,0] -4.196625130110961e-16
19767 OSIM_X_c0[1,43,43,6,3,0] 1.4999999999999993
19768 OSIM_X_c0[1,43,43,6,4,0] -8.659560562354932e-17
19769 OSIM_X_c0[1,43,43,6,5,0] -0.9999999999999998
19770 OSIM_X_c0[1,43,43,6,6,0] 2.220446049250313e-16
19771 OSIM_X_c0[1,44,44,1,1,0] -0.9999999999999996
19772 OSIM_X_c0[1,44,44,1,2,0] 8.659560562354932e-17
19773 OSIM_X_c0[1,44,44,1,3,0] 8.659560562354932e-17
19774 OSIM_X_c0[1,44,44,1,4,0] 0
19775 OSIM_X_c0[1,44,44,1,5,0] 0
19776 OSIM_X_c0[1,44,44,1,6,0] 0
19777 OSIM_X_c0[1,44,44,2,1,0] -8.659560562354932e-17
19778 OSIM_X_c0[1,44,44,2,2,0] 2.220446049250313e-16
19779 OSIM_X_c0[1,44,44,2,3,0] -0.9999999999999998
19780 OSIM_X_c0[1,44,44,2,4,0] 0
19781 OSIM_X_c0[1,44,44,2,5,0] 0
19782 OSIM_X_c0[1,44,44,2,6,0] 0
19783 OSIM_X_c0[1,44,44,3,1,0] -8.659560562354932e-17
19784 OSIM_X_c0[1,44,44,3,2,0] -0.9999999999999998
19785 OSIM_X_c0[1,44,44,3,3,0] 2.220446049250313e-16
19786 OSIM_X_c0[1,44,44,3,4,0] 0
19787 OSIM_X_c0[1,44,44,3,5,0] 0
19788 OSIM_X_c0[1,44,44,3,6,0] 0
19789 OSIM_X_c0[1,44,44,4,1,0] -8.65956056235493e-17
19790 OSIM_X_c0[1,44,44,4,2,0] -0.9999999999999993
19791 OSIM_X_c0[1,44,44,4,3,0] -4.930380657631324e-32
19792 OSIM_X_c0[1,44,44,4,4,0] -0.9999999999999996
19793 OSIM_X_c0[1,44,44,4,5,0] 8.659560562354932e-17
19794 OSIM_X_c0[1,44,44,4,6,0] 8.659560562354932e-17
19795 OSIM_X_c0[1,44,44,5,1,0] 9.215119648970728e-17
19796 OSIM_X_c0[1,44,44,5,2,0] -1.4999999999999993
19797 OSIM_X_c0[1,44,44,5,3,0] 3.3306690738754686e-16
19798 OSIM_X_c0[1,44,44,5,4,0] -8.659560562354932e-17
19799 OSIM_X_c0[1,44,44,5,5,0] 2.220446049250313e-16
19800 OSIM_X_c0[1,44,44,5,6,0] -0.9999999999999998
19801 OSIM_X_c0[1,44,44,6,1,0] 0.9999999999999992
19802 OSIM_X_c0[1,44,44,6,2,0] -4.196625130110961e-16
19803 OSIM_X_c0[1,44,44,6,3,0] 1.4999999999999993
19804 OSIM_X_c0[1,44,44,6,4,0] -8.659560562354932e-17
19805 OSIM_X_c0[1,44,44,6,5,0] -0.9999999999999998
19806 OSIM_X_c0[1,44,44,6,6,0] 2.220446049250313e-16
19807 OSIM_X_c0[1,45,45,1,1,0] -0.9999999999999996
19808 OSIM_X_c0[1,45,45,1,2,0] 8.659560562354932e-17
19809 OSIM_X_c0[1,45,45,1,3,0] 8.659560562354932e-17
19810 OSIM_X_c0[1,45,45,1,4,0] 0
19811 OSIM_X_c0[1,45,45,1,5,0] 0
19812 OSIM_X_c0[1,45,45,1,6,0] 0
19813 OSIM_X_c0[1,45,45,2,1,0] -8.659560562354932e-17
19814 OSIM_X_c0[1,45,45,2,2,0] 2.220446049250313e-16
19815 OSIM_X_c0[1,45,45,2,3,0] -0.9999999999999998
19816 OSIM_X_c0[1,45,45,2,4,0] 0
19817 OSIM_X_c0[1,45,45,2,5,0] 0
19818 OSIM_X_c0[1,45,45,2,6,0] 0
19819 OSIM_X_c0[1,45,45,3,1,0] -8.659560562354932e-17
19820 OSIM_X_c0[1,45,45,3,2,0] -0.9999999999999998
19821 OSIM_X_c0[1,45,45,3,3,0] 2.220446049250313e-16
19822 OSIM_X_c0[1,45,45,3,4,0] 0
19823 OSIM_X_c0[1,45,45,3,5,0] 0
19824 OSIM_X_c0[1,45,45,3,6,0] 0
19825 OSIM_X_c0[1,45,45,4,1,0] -8.65956056235493e-17
19826 OSIM_X_c0[1,45,45,4,2,0] -0.9999999999999993
19827 OSIM_X_c0[1,45,45,4,3,0] -4.930380657631324e-32
19828 OSIM_X_c0[1,45,45,4,4,0] -0.9999999999999996
19829 OSIM_X_c0[1,45,45,4,5,0] 8.659560562354932e-17
19830 OSIM_X_c0[1,45,45,4,6,0] 8.659560562354932e-17
19831 OSIM_X_c0[1,45,45,5,1,0] 9.215119648970728e-17
19832 OSIM_X_c0[1,45,45,5,2,0] -1.4999999999999993
19833 OSIM_X_c0[1,45,45,5,3,0] 3.3306690738754686e-16
19834 OSIM_X_c0[1,45,45,5,4,0] -8.659560562354932e-17
19835 OSIM_X_c0[1,45,45,5,5,0] 2.220446049250313e-16
19836 OSIM_X_c0[1,45,45,5,6,0] -0.9999999999999998
19837 OSIM_X_c0[1,45,45,6,1,0] 0.9999999999999992
19838 OSIM_X_c0[1,45,45,6,2,0] -4.196625130110961e-16
19839 OSIM_X_c0[1,45,45,6,3,0] 1.4999999999999993
19840 OSIM_X_c0[1,45,45,6,4,0] -8.659560562354932e-17
19841 OSIM_X_c0[1,45,45,6,5,0] -0.9999999999999998
19842 OSIM_X_c0[1,45,45,6,6,0] 2.220446049250313e-16
19843 OSIM_X_c0[1,46,46,1,1,0] -0.9999999999999996
19844 OSIM_X_c0[1,46,46,1,2,0] 8.659560562354932e-17
19845 OSIM_X_c0[1,46,46,1,3,0] 8.659560562354932e-17
19846 OSIM_X_c0[1,46,46,1,4,0] 0
19847 OSIM_X_c0[1,46,46,1,5,0] 0
19848 OSIM_X_c0[1,46,46,1,6,0] 0
19849 OSIM_X_c0[1,46,46,2,1,0] -8.659560562354932e-17
19850 OSIM_X_c0[1,46,46,2,2,0] 2.220446049250313e-16
19851 OSIM_X_c0[1,46,46,2,3,0] -0.9999999999999998
19852 OSIM_X_c0[1,46,46,2,4,0] 0
19853 OSIM_X_c0[1,46,46,2,5,0] 0
19854 OSIM_X_c0[1,46,46,2,6,0] 0
19855 OSIM_X_c0[1,46,46,3,1,0] -8.659560562354932e-17
19856 OSIM_X_c0[1,46,46,3,2,0] -0.9999999999999998
19857 OSIM_X_c0[1,46,46,3,3,0] 2.220446049250313e-16
19858 OSIM_X_c0[1,46,46,3,4,0] 0
19859 OSIM_X_c0[1,46,46,3,5,0] 0
19860 OSIM_X_c0[1,46,46,3,6,0] 0
19861 OSIM_X_c0[1,46,46,4,1,0] -8.65956056235493e-17
19862 OSIM_X_c0[1,46,46,4,2,0] -0.9999999999999993
19863 OSIM_X_c0[1,46,46,4,3,0] -4.930380657631324e-32
19864 OSIM_X_c0[1,46,46,4,4,0] -0.9999999999999996
19865 OSIM_X_c0[1,46,46,4,5,0] 8.659560562354932e-17
19866 OSIM_X_c0[1,46,46,4,6,0] 8.659560562354932e-17
19867 OSIM_X_c0[1,46,46,5,1,0] 9.215119648970728e-17
19868 OSIM_X_c0[1,46,46,5,2,0] -1.4999999999999993
19869 OSIM_X_c0[1,46,46,5,3,0] 3.3306690738754686e-16
19870 OSIM_X_c0[1,46,46,5,4,0] -8.659560562354932e-17
19871 OSIM_X_c0[1,46,46,5,5,0] 2.220446049250313e-16
19872 OSIM_X_c0[1,46,46,5,6,0] -0.9999999999999998
19873 OSIM_X_c0[1,46,46,6,1,0] 0.9999999999999992
19874 OSIM_X_c0[1,46,46,6,2,0] -4.196625130110961e-16
19875 OSIM_X_c0[1,46,46,6,3,0] 1.4999999999999993
19876 OSIM_X_c0[1,46,46,6,4,0] -8.659560562354932e-17
19877 OSIM_X_c0[1,46,46,6,5,0] -0.9999999999999998
19878 OSIM_X_c0[1,46,46,6,6,0] 2.220446049250313e-16
19879 OSIM_X_c0[1,47,47,1,1,0] -0.9999999999999996
19880 OSIM_X_c0[1,47,47,1,2,0] 8.659560562354932e-17
19881 OSIM_X_c0[1,47,47,1,3,0] 8.659560562354932e-17
19882 OSIM_X_c0[1,47,47,1,4,0] 0
19883 OSIM_X_c0[1,47,47,1,5,0] 0
19884 OSIM_X_c0[1,47,47,1,6,0] 0
19885 OSIM_X_c0[1,47,47,2,1,0] -8.659560562354932e-17
19886 OSIM_X_c0[1,47,47,2,2,0] 2.220446049250313e-16
19887 OSIM_X_c0[1,47,47,2,3,0] -0.9999999999999998
19888 OSIM_X_c0[1,47,47,2,4,0] 0
19889 OSIM_X_c0[1,47,47,2,5,0] 0
19890 OSIM_X_c0[1,47,47,2,6,0] 0
19891 OSIM_X_c0[1,47,47,3,1,0] -8.659560562354932e-17
19892 OSIM_X_c0[1,47,47,3,2,0] -0.9999999999999998
19893 OSIM_X_c0[1,47,47,3,3,0] 2.220446049250313e-16
19894 OSIM_X_c0[1,47,47,3,4,0] 0
19895 OSIM_X_c0[1,47,47,3,5,0] 0
19896 OSIM_X_c0[1,47,47,3,6,0] 0
19897 OSIM_X_c0[1,47,47,4,1,0] -8.65956056235493e-17
19898 OSIM_X_c0[1,47,47,4,2,0] -0.9999999999999993
19899 OSIM_X_c0[1,47,47,4,3,0] -4.930380657631324e-32
19900 OSIM_X_c0[1,47,47,4,4,0] -0.9999999999999996
19901 OSIM_X_c0[1,47,47,4,5,0] 8.659560562354932e-17
19902 OSIM_X_c0[1,47,47,4,6,0] 8.659560562354932e-17
19903 OSIM_X_c0[1,47,47,5,1,0] 9.215119648970728e-17
19904 OSIM_X_c0[1,47,47,5,2,0] -1.4999999999999993
19905 OSIM_X_c0[1,47,47,5,3,0] 3.3306690738754686e-16
19906 OSIM_X_c0[1,47,47,5,4,0] -8.659560562354932e-17
19907 OSIM_X_c0[1,47,47,5,5,0] 2.220446049250313e-16
19908 OSIM_X_c0[1,47,47,5,6,0] -0.9999999999999998
19909 OSIM_X_c0[1,47,47,6,1,0] 0.9999999999999992
19910 OSIM_X_c0[1,47,47,6,2,0] -4.196625130110961e-16
19911 OSIM_X_c0[1,47,47,6,3,0] 1.4999999999999993
19912 OSIM_X_c0[1,47,47,6,4,0] -8.659560562354932e-17
19913 OSIM_X_c0[1,47,47,6,5,0] -0.9999999999999998
19914 OSIM_X_c0[1,47,47,6,6,0] 2.220446049250313e-16
19915 OSIM_X_c0[1,48,48,1,1,0] -0.9999999999999996
19916 OSIM_X_c0[1,48,48,1,2,0] 8.659560562354932e-17
19917 OSIM_X_c0[1,48,48,1,3,0] 8.659560562354932e-17
19918 OSIM_X_c0[1,48,48,1,4,0] 0
19919 OSIM_X_c0[1,48,48,1,5,0] 0
19920 OSIM_X_c0[1,48,48,1,6,0] 0
19921 OSIM_X_c0[1,48,48,2,1,0] -8.659560562354932e-17
19922 OSIM_X_c0[1,48,48,2,2,0] 2.220446049250313e-16
19923 OSIM_X_c0[1,48,48,2,3,0] -0.9999999999999998
19924 OSIM_X_c0[1,48,48,2,4,0] 0
19925 OSIM_X_c0[1,48,48,2,5,0] 0
19926 OSIM_X_c0[1,48,48,2,6,0] 0
19927 OSIM_X_c0[1,48,48,3,1,0] -8.659560562354932e-17
19928 OSIM_X_c0[1,48,48,3,2,0] -0.9999999999999998
19929 OSIM_X_c0[1,48,48,3,3,0] 2.220446049250313e-16
19930 OSIM_X_c0[1,48,48,3,4,0] 0
19931 OSIM_X_c0[1,48,48,3,5,0] 0
19932 OSIM_X_c0[1,48,48,3,6,0] 0
19933 OSIM_X_c0[1,48,48,4,1,0] -8.65956056235493e-17
19934 OSIM_X_c0[1,48,48,4,2,0] -0.9999999999999993
19935 OSIM_X_c0[1,48,48,4,3,0] -4.930380657631324e-32
19936 OSIM_X_c0[1,48,48,4,4,0] -0.9999999999999996
19937 OSIM_X_c0[1,48,48,4,5,0] 8.659560562354932e-17
19938 OSIM_X_c0[1,48,48,4,6,0] 8.659560562354932e-17
19939 OSIM_X_c0[1,48,48,5,1,0] 9.215119648970728e-17
19940 OSIM_X_c0[1,48,48,5,2,0] -1.4999999999999993
19941 OSIM_X_c0[1,48,48,5,3,0] 3.3306690738754686e-16
19942 OSIM_X_c0[1,48,48,5,4,0] -8.659560562354932e-17
19943 OSIM_X_c0[1,48,48,5,5,0] 2.220446049250313e-16
19944 OSIM_X_c0[1,48,48,5,6,0] -0.9999999999999998
19945 OSIM_X_c0[1,48,48,6,1,0] 0.9999999999999992
19946 OSIM_X_c0[1,48,48,6,2,0] -4.196625130110961e-16
19947 OSIM_X_c0[1,48,48,6,3,0] 1.4999999999999993
19948 OSIM_X_c0[1,48,48,6,4,0] -8.659560562354932e-17
19949 OSIM_X_c0[1,48,48,6,5,0] -0.9999999999999998
19950 OSIM_X_c0[1,48,48,6,6,0] 2.220446049250313e-16
19951 OSIM_X_c0[1,49,49,1,1,0] -0.9999999999999996
19952 OSIM_X_c0[1,49,49,1,2,0] 8.659560562354932e-17
19953 OSIM_X_c0[1,49,49,1,3,0] 8.659560562354932e-17
19954 OSIM_X_c0[1,49,49,1,4,0] 0
19955 OSIM_X_c0[1,49,49,1,5,0] 0
19956 OSIM_X_c0[1,49,49,1,6,0] 0
19957 OSIM_X_c0[1,49,49,2,1,0] -8.659560562354932e-17
19958 OSIM_X_c0[1,49,49,2,2,0] 2.220446049250313e-16
19959 OSIM_X_c0[1,49,49,2,3,0] -0.9999999999999998
19960 OSIM_X_c0[1,49,49,2,4,0] 0
19961 OSIM_X_c0[1,49,49,2,5,0] 0
19962 OSIM_X_c0[1,49,49,2,6,0] 0
19963 OSIM_X_c0[1,49,49,3,1,0] -8.659560562354932e-17
19964 OSIM_X_c0[1,49,49,3,2,0] -0.9999999999999998
19965 OSIM_X_c0[1,49,49,3,3,0] 2.220446049250313e-16
19966 OSIM_X_c0[1,49,49,3,4,0] 0
19967 OSIM_X_c0[1,49,49,3,5,0] 0
19968 OSIM_X_c0[1,49,49,3,6,0] 0
19969 OSIM_X_c0[1,49,49,4,1,0] -8.659560562354935e-17
19970 OSIM_X_c0[1,49,49,4,2,0] -0.9999999999999993
19971 OSIM_X_c0[1,49,49,4,3,0] -6.661338147750938e-16
19972 OSIM_X_c0[1,49,49,4,4,0] -0.9999999999999996
19973 OSIM_X_c0[1,49,49,4,5,0] 8.659560562354932e-17
19974 OSIM_X_c0[1,49,49,4,6,0] 8.659560562354932e-17
19975 OSIM_X_c0[1,49,49,5,1,0] 7.149872084530262e-16
19976 OSIM_X_c0[1,49,49,5,2,0] -1.9999999999999996
19977 OSIM_X_c0[1,49,49,5,3,0] 4.440892098500625e-16
19978 OSIM_X_c0[1,49,49,5,4,0] -8.659560562354932e-17
19979 OSIM_X_c0[1,49,49,5,5,0] 2.220446049250313e-16
19980 OSIM_X_c0[1,49,49,5,6,0] -0.9999999999999998
19981 OSIM_X_c0[1,49,49,6,1,0] 0.9999999999999993
19982 OSIM_X_c0[1,49,49,6,2,0] -5.306848154736119e-16
19983 OSIM_X_c0[1,49,49,6,3,0] 1.9999999999999996
19984 OSIM_X_c0[1,49,49,6,4,0] -8.659560562354932e-17
19985 OSIM_X_c0[1,49,49,6,5,0] -0.9999999999999998
19986 OSIM_X_c0[1,49,49,6,6,0] 2.220446049250313e-16
19987 OSIM_X_c0[1,50,50,1,1,0] -0.9999999999999996
19988 OSIM_X_c0[1,50,50,1,2,0] 8.659560562354932e-17
19989 OSIM_X_c0[1,50,50,1,3,0] 8.659560562354932e-17
19990 OSIM_X_c0[1,50,50,1,4,0] 0
19991 OSIM_X_c0[1,50,50,1,5,0] 0
19992 OSIM_X_c0[1,50,50,1,6,0] 0
19993 OSIM_X_c0[1,50,50,2,1,0] -8.659560562354932e-17
19994 OSIM_X_c0[1,50,50,2,2,0] 2.220446049250313e-16
19995 OSIM_X_c0[1,50,50,2,3,0] -0.9999999999999998
19996 OSIM_X_c0[1,50,50,2,4,0] 0
19997 OSIM_X_c0[1,50,50,2,5,0] 0
19998 OSIM_X_c0[1,50,50,2,6,0] 0
19999 OSIM_X_c0[1,50,50,3,1,0] -8.659560562354932e-17
20000 OSIM_X_c0[1,50,50,3,2,0] -0.9999999999999998
20001 OSIM_X_c0[1,50,50,3,3,0] 2.220446049250313e-16
20002 OSIM_X_c0[1,50,50,3,4,0] 0
20003 OSIM_X_c0[1,50,50,3,5,0] 0
20004 OSIM_X_c0[1,50,50,3,6,0] 0
20005 OSIM_X_c0[1,50,50,4,1,0] -8.659560562354935e-17
20006 OSIM_X_c0[1,50,50,4,2,0] -0.9999999999999993
20007 OSIM_X_c0[1,50,50,4,3,0] -6.661338147750938e-16
20008 OSIM_X_c0[1,50,50,4,4,0] -0.9999999999999996
20009 OSIM_X_c0[1,50,50,4,5,0] 8.659560562354932e-17
20010 OSIM_X_c0[1,50,50,4,6,0] 8.659560562354932e-17
20011 OSIM_X_c0[1,50,50,5,1,0] 7.149872084530262e-16
20012 OSIM_X_c0[1,50,50,5,2,0] -1.9999999999999996
20013 OSIM_X_c0[1,50,50,5,3,0] 4.440892098500625e-16
20014 OSIM_X_c0[1,50,50,5,4,0] -8.659560562354932e-17
20015 OSIM_X_c0[1,50,50,5,5,0] 2.220446049250313e-16
20016 OSIM_X_c0[1,50,50,5,6,0] -0.9999999999999998
20017 OSIM_X_c0[1,50,50,6,1,0] 0.9999999999999993
20018 OSIM_X_c0[1,50,50,6,2,0] -5.306848154736119e-16
20019 OSIM_X_c0[1,50,50,6,3,0] 1.9999999999999996
20020 OSIM_X_c0[1,50,50,6,4,0] -8.659560562354932e-17
20021 OSIM_X_c0[1,50,50,6,5,0] -0.9999999999999998
20022 OSIM_X_c0[1,50,50,6,6,0] 2.220446049250313e-16
20023 OSIM_X_c0[1,51,51,1,1,0] -0.9999999999999996
20024 OSIM_X_c0[1,51,51,1,2,0] 8.659560562354932e-17
20025 OSIM_X_c0[1,51,51,1,3,0] 8.659560562354932e-17
20026 OSIM_X_c0[1,51,51,1,4,0] 0
20027 OSIM_X_c0[1,51,51,1,5,0] 0
20028 OSIM_X_c0[1,51,51,1,6,0] 0
20029 OSIM_X_c0[1,51,51,2,1,0] -8.659560562354932e-17
20030 OSIM_X_c0[1,51,51,2,2,0] 2.220446049250313e-16
20031 OSIM_X_c0[1,51,51,2,3,0] -0.9999999999999998
20032 OSIM_X_c0[1,51,51,2,4,0] 0
20033 OSIM_X_c0[1,51,51,2,5,0] 0
20034 OSIM_X_c0[1,51,51,2,6,0] 0
20035 OSIM_X_c0[1,51,51,3,1,0] -8.659560562354932e-17
20036 OSIM_X_c0[1,51,51,3,2,0] -0.9999999999999998
20037 OSIM_X_c0[1,51,51,3,3,0] 2.220446049250313e-16
20038 OSIM_X_c0[1,51,51,3,4,0] 0
20039 OSIM_X_c0[1,51,51,3,5,0] 0
20040 OSIM_X_c0[1,51,51,3,6,0] 0
20041 OSIM_X_c0[1,51,51,4,1,0] -8.659560562354935e-17
20042 OSIM_X_c0[1,51,51,4,2,0] -0.9999999999999993
20043 OSIM_X_c0[1,51,51,4,3,0] -6.661338147750938e-16
20044 OSIM_X_c0[1,51,51,4,4,0] -0.9999999999999996
20045 OSIM_X_c0[1,51,51,4,5,0] 8.659560562354932e-17
20046 OSIM_X_c0[1,51,51,4,6,0] 8.659560562354932e-17
20047 OSIM_X_c0[1,51,51,5,1,0] 7.149872084530262e-16
20048 OSIM_X_c0[1,51,51,5,2,0] -1.9999999999999996
20049 OSIM_X_c0[1,51,51,5,3,0] 4.440892098500625e-16
20050 OSIM_X_c0[1,51,51,5,4,0] -8.659560562354932e-17
20051 OSIM_X_c0[1,51,51,5,5,0] 2.220446049250313e-16
20052 OSIM_X_c0[1,51,51,5,6,0] -0.9999999999999998
20053 OSIM_X_c0[1,51,51,6,1,0] 0.9999999999999993
20054 OSIM_X_c0[1,51,51,6,2,0] -5.306848154736119e-16
20055 OSIM_X_c0[1,51,51,6,3,0] 1.9999999999999996
20056 OSIM_X_c0[1,51,51,6,4,0] -8.659560562354932e-17
20057 OSIM_X_c0[1,51,51,6,5,0] -0.9999999999999998
20058 OSIM_X_c0[1,51,51,6,6,0] 2.220446049250313e-16
20059 OSIM_X_c0[1,52,52,1,1,0] -0.9999999999999996
20060 OSIM_X_c0[1,52,52,1,2,0] 8.659560562354932e-17
20061 OSIM_X_c0[1,52,52,1,3,0] 8.659560562354932e-17
20062 OSIM_X_c0[1,52,52,1,4,0] 0
20063 OSIM_X_c0[1,52,52,1,5,0] 0
20064 OSIM_X_c0[1,52,52,1,6,0] 0
20065 OSIM_X_c0[1,52,52,2,1,0] -8.659560562354932e-17
20066 OSIM_X_c0[1,52,52,2,2,0] 2.220446049250313e-16
20067 OSIM_X_c0[1,52,52,2,3,0] -0.9999999999999998
20068 OSIM_X_c0[1,52,52,2,4,0] 0
20069 OSIM_X_c0[1,52,52,2,5,0] 0
20070 OSIM_X_c0[1,52,52,2,6,0] 0
20071 OSIM_X_c0[1,52,52,3,1,0] -8.659560562354932e-17
20072 OSIM_X_c0[1,52,52,3,2,0] -0.9999999999999998
20073 OSIM_X_c0[1,52,52,3,3,0] 2.220446049250313e-16
20074 OSIM_X_c0[1,52,52,3,4,0] 0
20075 OSIM_X_c0[1,52,52,3,5,0] 0
20076 OSIM_X_c0[1,52,52,3,6,0] 0
20077 OSIM_X_c0[1,52,52,4,1,0] -8.659560562354935e-17
20078 OSIM_X_c0[1,52,52,4,2,0] -0.9999999999999993
20079 OSIM_X_c0[1,52,52,4,3,0] -6.661338147750938e-16
20080 OSIM_X_c0[1,52,52,4,4,0] -0.9999999999999996
20081 OSIM_X_c0[1,52,52,4,5,0] 8.659560562354932e-17
20082 OSIM_X_c0[1,52,52,4,6,0] 8.659560562354932e-17
20083 OSIM_X_c0[1,52,52,5,1,0] 7.149872084530262e-16
20084 OSIM_X_c0[1,52,52,5,2,0] -1.9999999999999996
20085 OSIM_X_c0[1,52,52,5,3,0] 4.440892098500625e-16
20086 OSIM_X_c0[1,52,52,5,4,0] -8.659560562354932e-17
20087 OSIM_X_c0[1,52,52,5,5,0] 2.220446049250313e-16
20088 OSIM_X_c0[1,52,52,5,6,0] -0.9999999999999998
20089 OSIM_X_c0[1,52,52,6,1,0] 0.9999999999999993
20090 OSIM_X_c0[1,52,52,6,2,0] -5.306848154736119e-16
20091 OSIM_X_c0[1,52,52,6,3,0] 1.9999999999999996
20092 OSIM_X_c0[1,52,52,6,4,0] -8.659560562354932e-17
20093 OSIM_X_c0[1,52,52,6,5,0] -0.9999999999999998
20094 OSIM_X_c0[1,52,52,6,6,0] 2.220446049250313e-16
20095 OSIM_X_c0[1,53,53,1,1,0] -0.9999999999999996
20096 OSIM_X_c0[1,53,53,1,2,0] 8.659560562354932e-17
20097 OSIM_X_c0[1,53,53,1,3,0] 8.659560562354932e-17
20098 OSIM_X_c0[1,53,53,1,4,0] 0
20099 OSIM_X_c0[1,53,53,1,5,0] 0
20100 OSIM_X_c0[1,53,53,1,6,0] 0
20101 OSIM_X_c0[1,53,53,2,1,0] -8.659560562354932e-17
20102 OSIM_X_c0[1,53,53,2,2,0] 2.220446049250313e-16
20103 OSIM_X_c0[1,53,53,2,3,0] -0.9999999999999998
20104 OSIM_X_c0[1,53,53,2,4,0] 0
20105 OSIM_X_c0[1,53,53,2,5,0] 0
20106 OSIM_X_c0[1,53,53,2,6,0] 0
20107 OSIM_X_c0[1,53,53,3,1,0] -8.659560562354932e-17
20108 OSIM_X_c0[1,53,53,3,2,0] -0.9999999999999998
20109 OSIM_X_c0[1,53,53,3,3,0] 2.220446049250313e-16
20110 OSIM_X_c0[1,53,53,3,4,0] 0
20111 OSIM_X_c0[1,53,53,3,5,0] 0
20112 OSIM_X_c0[1,53,53,3,6,0] 0
20113 OSIM_X_c0[1,53,53,4,1,0] -8.659560562354935e-17
20114 OSIM_X_c0[1,53,53,4,2,0] -0.9999999999999993
20115 OSIM_X_c0[1,53,53,4,3,0] -6.661338147750938e-16
20116 OSIM_X_c0[1,53,53,4,4,0] -0.9999999999999996
20117 OSIM_X_c0[1,53,53,4,5,0] 8.659560562354932e-17
20118 OSIM_X_c0[1,53,53,4,6,0] 8.659560562354932e-17
20119 OSIM_X_c0[1,53,53,5,1,0] 7.149872084530262e-16
20120 OSIM_X_c0[1,53,53,5,2,0] -1.9999999999999996
20121 OSIM_X_c0[1,53,53,5,3,0] 4.440892098500625e-16
20122 OSIM_X_c0[1,53,53,5,4,0] -8.659560562354932e-17
20123 OSIM_X_c0[1,53,53,5,5,0] 2.220446049250313e-16
20124 OSIM_X_c0[1,53,53,5,6,0] -0.9999999999999998
20125 OSIM_X_c0[1,53,53,6,1,0] 0.9999999999999993
20126 OSIM_X_c0[1,53,53,6,2,0] -5.306848154736119e-16
20127 OSIM_X_c0[1,53,53,6,3,0] 1.9999999999999996
20128 OSIM_X_c0[1,53,53,6,4,0] -8.659560562354932e-17
20129 OSIM_X_c0[1,53,53,6,5,0] -0.9999999999999998
20130 OSIM_X_c0[1,53,53,6,6,0] 2.220446049250313e-16
20131 OSIM_X_c0[1,54,54,1,1,0] -0.9999999999999996
20132 OSIM_X_c0[1,54,54,1,2,0] 8.659560562354932e-17
20133 OSIM_X_c0[1,54,54,1,3,0] 8.659560562354932e-17
20134 OSIM_X_c0[1,54,54,1,4,0] 0
20135 OSIM_X_c0[1,54,54,1,5,0] 0
20136 OSIM_X_c0[1,54,54,1,6,0] 0
20137 OSIM_X_c0[1,54,54,2,1,0] -8.659560562354932e-17
20138 OSIM_X_c0[1,54,54,2,2,0] 2.220446049250313e-16
20139 OSIM_X_c0[1,54,54,2,3,0] -0.9999999999999998
20140 OSIM_X_c0[1,54,54,2,4,0] 0
20141 OSIM_X_c0[1,54,54,2,5,0] 0
20142 OSIM_X_c0[1,54,54,2,6,0] 0
20143 OSIM_X_c0[1,54,54,3,1,0] -8.659560562354932e-17
20144 OSIM_X_c0[1,54,54,3,2,0] -0.9999999999999998
20145 OSIM_X_c0[1,54,54,3,3,0] 2.220446049250313e-16
20146 OSIM_X_c0[1,54,54,3,4,0] 0
20147 OSIM_X_c0[1,54,54,3,5,0] 0
20148 OSIM_X_c0[1,54,54,3,6,0] 0
20149 OSIM_X_c0[1,54,54,4,1,0] -8.659560562354935e-17
20150 OSIM_X_c0[1,54,54,4,2,0] -0.9999999999999993
20151 OSIM_X_c0[1,54,54,4,3,0] -6.661338147750938e-16
20152 OSIM_X_c0[1,54,54,4,4,0] -0.9999999999999996
20153 OSIM_X_c0[1,54,54,4,5,0] 8.659560562354932e-17
20154 OSIM_X_c0[1,54,54,4,6,0] 8.659560562354932e-17
20155 OSIM_X_c0[1,54,54,5,1,0] 7.149872084530262e-16
20156 OSIM_X_c0[1,54,54,5,2,0] -1.9999999999999996
20157 OSIM_X_c0[1,54,54,5,3,0] 4.440892098500625e-16
20158 OSIM_X_c0[1,54,54,5,4,0] -8.659560562354932e-17
20159 OSIM_X_c0[1,54,54,5,5,0] 2.220446049250313e-16
20160 OSIM_X_c0[1,54,54,5,6,0] -0.9999999999999998
20161 OSIM_X_c0[1,54,54,6,1,0] 0.9999999999999993
20162 OSIM_X_c0[1,54,54,6,2,0] -5.306848154736119e-16
20163 OSIM_X_c0[1,54,54,6,3,0] 1.9999999999999996
20164 OSIM_X_c0[1,54,54,6,4,0] -8.659560562354932e-17
20165 OSIM_X_c0[1,54,54,6,5,0] -0.9999999999999998
20166 OSIM_X_c0[1,54,54,6,6,0] 2.220446049250313e-16
20167 OSIM_X_c0[1,55,55,1,1,0] 2.220446049250313e-16
20168 OSIM_X_c0[1,55,55,1,2,0] -4.440892098500626e-16
20169 OSIM_X_c0[1,55,55,1,3,0] -1.0000000000000002
20170 OSIM_X_c0[1,55,55,1,4,0] 0
20171 OSIM_X_c0[1,55,55,1,5,0] 0
20172 OSIM_X_c0[1,55,55,1,6,0] 0
20173 OSIM_X_c0[1,55,55,2,1,0] 1.0000000000000002
20174 OSIM_X_c0[1,55,55,2,2,0] 2.220446049250313e-16
20175 OSIM_X_c0[1,55,55,2,3,0] 4.440892098500626e-16
20176 OSIM_X_c0[1,55,55,2,4,0] 0
20177 OSIM_X_c0[1,55,55,2,5,0] 0
20178 OSIM_X_c0[1,55,55,2,6,0] 0
20179 OSIM_X_c0[1,55,55,3,1,0] 4.440892098500626e-16
20180 OSIM_X_c0[1,55,55,3,2,0] -1.0000000000000002
20181 OSIM_X_c0[1,55,55,3,3,0] 2.220446049250313e-16
20182 OSIM_X_c0[1,55,55,3,4,0] 0
20183 OSIM_X_c0[1,55,55,3,5,0] 0
20184 OSIM_X_c0[1,55,55,3,6,0] 0
20185 OSIM_X_c0[1,55,55,4,1,0] 4.440892098500623e-16
20186 OSIM_X_c0[1,55,55,4,2,0] -2
20187 OSIM_X_c0[1,55,55,4,3,0] 4.440892098500623e-16
20188 OSIM_X_c0[1,55,55,4,4,0] 2.220446049250313e-16
20189 OSIM_X_c0[1,55,55,4,5,0] -4.440892098500626e-16
20190 OSIM_X_c0[1,55,55,4,6,0] -1.0000000000000002
20191 OSIM_X_c0[1,55,55,5,1,0] -4.4408920985006247e-16
20192 OSIM_X_c0[1,55,55,5,2,0] 1
20193 OSIM_X_c0[1,55,55,5,3,0] -6.66133814775094e-16
20194 OSIM_X_c0[1,55,55,5,4,0] 1.0000000000000002
20195 OSIM_X_c0[1,55,55,5,5,0] 2.220446049250313e-16
20196 OSIM_X_c0[1,55,55,5,6,0] 4.440892098500626e-16
20197 OSIM_X_c0[1,55,55,6,1,0] 0.9999999999999996
20198 OSIM_X_c0[1,55,55,6,2,0] 1.1102230246251563e-15
20199 OSIM_X_c0[1,55,55,6,3,0] 2.0000000000000004
20200 OSIM_X_c0[1,55,55,6,4,0] 4.440892098500626e-16
20201 OSIM_X_c0[1,55,55,6,5,0] -1.0000000000000002
20202 OSIM_X_c0[1,55,55,6,6,0] 2.220446049250313e-16
20203 OSIM_X_c0[1,56,56,1,1,0] 2.220446049250313e-16
20204 OSIM_X_c0[1,56,56,1,2,0] -4.440892098500626e-16
20205 OSIM_X_c0[1,56,56,1,3,0] -1.0000000000000002
20206 OSIM_X_c0[1,56,56,1,4,0] 0
20207 OSIM_X_c0[1,56,56,1,5,0] 0
20208 OSIM_X_c0[1,56,56,1,6,0] 0
20209 OSIM_X_c0[1,56,56,2,1,0] 1.0000000000000002
20210 OSIM_X_c0[1,56,56,2,2,0] 2.220446049250313e-16
20211 OSIM_X_c0[1,56,56,2,3,0] 4.440892098500626e-16
20212 OSIM_X_c0[1,56,56,2,4,0] 0
20213 OSIM_X_c0[1,56,56,2,5,0] 0
20214 OSIM_X_c0[1,56,56,2,6,0] 0
20215 OSIM_X_c0[1,56,56,3,1,0] 4.440892098500626e-16
20216 OSIM_X_c0[1,56,56,3,2,0] -1.0000000000000002
20217 OSIM_X_c0[1,56,56,3,3,0] 2.220446049250313e-16
20218 OSIM_X_c0[1,56,56,3,4,0] 0
20219 OSIM_X_c0[1,56,56,3,5,0] 0
20220 OSIM_X_c0[1,56,56,3,6,0] 0
20221 OSIM_X_c0[1,56,56,4,1,0] 4.440892098500623e-16
20222 OSIM_X_c0[1,56,56,4,2,0] -2
20223 OSIM_X_c0[1,56,56,4,3,0] 4.440892098500623e-16
20224 OSIM_X_c0[1,56,56,4,4,0] 2.220446049250313e-16
20225 OSIM_X_c0[1,56,56,4,5,0] -4.440892098500626e-16
20226 OSIM_X_c0[1,56,56,4,6,0] -1.0000000000000002
20227 OSIM_X_c0[1,56,56,5,1,0] -4.4408920985006247e-16
20228 OSIM_X_c0[1,56,56,5,2,0] 1
20229 OSIM_X_c0[1,56,56,5,3,0] -6.66133814775094e-16
20230 OSIM_X_c0[1,56,56,5,4,0] 1.0000000000000002
20231 OSIM_X_c0[1,56,56,5,5,0] 2.220446049250313e-16
20232 OSIM_X_c0[1,56,56,5,6,0] 4.440892098500626e-16
20233 OSIM_X_c0[1,56,56,6,1,0] 0.9999999999999996
20234 OSIM_X_c0[1,56,56,6,2,0] 1.1102230246251563e-15
20235 OSIM_X_c0[1,56,56,6,3,0] 2.0000000000000004
20236 OSIM_X_c0[1,56,56,6,4,0] 4.440892098500626e-16
20237 OSIM_X_c0[1,56,56,6,5,0] -1.0000000000000002
20238 OSIM_X_c0[1,56,56,6,6,0] 2.220446049250313e-16
20239 OSIM_X_c0[1,57,57,1,1,0] 2.220446049250313e-16
20240 OSIM_X_c0[1,57,57,1,2,0] -4.440892098500626e-16
20241 OSIM_X_c0[1,57,57,1,3,0] -1.0000000000000002
20242 OSIM_X_c0[1,57,57,1,4,0] 0
20243 OSIM_X_c0[1,57,57,1,5,0] 0
20244 OSIM_X_c0[1,57,57,1,6,0] 0
20245 OSIM_X_c0[1,57,57,2,1,0] 1.0000000000000002
20246 OSIM_X_c0[1,57,57,2,2,0] 2.220446049250313e-16
20247 OSIM_X_c0[1,57,57,2,3,0] 4.440892098500626e-16
20248 OSIM_X_c0[1,57,57,2,4,0] 0
20249 OSIM_X_c0[1,57,57,2,5,0] 0
20250 OSIM_X_c0[1,57,57,2,6,0] 0
20251 OSIM_X_c0[1,57,57,3,1,0] 4.440892098500626e-16
20252 OSIM_X_c0[1,57,57,3,2,0] -1.0000000000000002
20253 OSIM_X_c0[1,57,57,3,3,0] 2.220446049250313e-16
20254 OSIM_X_c0[1,57,57,3,4,0] 0
20255 OSIM_X_c0[1,57,57,3,5,0] 0
20256 OSIM_X_c0[1,57,57,3,6,0] 0
20257 OSIM_X_c0[1,57,57,4,1,0] 4.440892098500623e-16
20258 OSIM_X_c0[1,57,57,4,2,0] -2
20259 OSIM_X_c0[1,57,57,4,3,0] 4.440892098500623e-16
20260 OSIM_X_c0[1,57,57,4,4,0] 2.220446049250313e-16
20261 OSIM_X_c0[1,57,57,4,5,0] -4.440892098500626e-16
20262 OSIM_X_c0[1,57,57,4,6,0] -1.0000000000000002
20263 OSIM_X_c0[1,57,57,5,1,0] -4.4408920985006247e-16
20264 OSIM_X_c0[1,57,57,5,2,0] 1
20265 OSIM_X_c0[1,57,57,5,3,0] -6.66133814775094e-16
20266 OSIM_X_c0[1,57,57,5,4,0] 1.0000000000000002
20267 OSIM_X_c0[1,57,57,5,5,0] 2.220446049250313e-16
20268 OSIM_X_c0[1,57,57,5,6,0] 4.440892098500626e-16
20269 OSIM_X_c0[1,57,57,6,1,0] 0.9999999999999996
20270 OSIM_X_c0[1,57,57,6,2,0] 1.1102230246251563e-15
20271 OSIM_X_c0[1,57,57,6,3,0] 2.0000000000000004
20272 OSIM_X_c0[1,57,57,6,4,0] 4.440892098500626e-16
20273 OSIM_X_c0[1,57,57,6,5,0] -1.0000000000000002
20274 OSIM_X_c0[1,57,57,6,6,0] 2.220446049250313e-16
20275 OSIM_X_c0[1,58,58,1,1,0] 2.220446049250313e-16
20276 OSIM_X_c0[1,58,58,1,2,0] -4.440892098500626e-16
20277 OSIM_X_c0[1,58,58,1,3,0] -1.0000000000000002
20278 OSIM_X_c0[1,58,58,1,4,0] 0
20279 OSIM_X_c0[1,58,58,1,5,0] 0
20280 OSIM_X_c0[1,58,58,1,6,0] 0
20281 OSIM_X_c0[1,58,58,2,1,0] 1.0000000000000002
20282 OSIM_X_c0[1,58,58,2,2,0] 2.220446049250313e-16
20283 OSIM_X_c0[1,58,58,2,3,0] 4.440892098500626e-16
20284 OSIM_X_c0[1,58,58,2,4,0] 0
20285 OSIM_X_c0[1,58,58,2,5,0] 0
20286 OSIM_X_c0[1,58,58,2,6,0] 0
20287 OSIM_X_c0[1,58,58,3,1,0] 4.440892098500626e-16
20288 OSIM_X_c0[1,58,58,3,2,0] -1.0000000000000002
20289 OSIM_X_c0[1,58,58,3,3,0] 2.220446049250313e-16
20290 OSIM_X_c0[1,58,58,3,4,0] 0
20291 OSIM_X_c0[1,58,58,3,5,0] 0
20292 OSIM_X_c0[1,58,58,3,6,0] 0
20293 OSIM_X_c0[1,58,58,4,1,0] 4.440892098500623e-16
20294 OSIM_X_c0[1,58,58,4,2,0] -2
20295 OSIM_X_c0[1,58,58,4,3,0] 4.440892098500623e-16
20296 OSIM_X_c0[1,58,58,4,4,0] 2.220446049250313e-16
20297 OSIM_X_c0[1,58,58,4,5,0] -4.440892098500626e-16
20298 OSIM_X_c0[1,58,58,4,6,0] -1.0000000000000002
20299 OSIM_X_c0[1,58,58,5,1,0] -4.4408920985006247e-16
20300 OSIM_X_c0[1,58,58,5,2,0] 1
20301 OSIM_X_c0[1,58,58,5,3,0] -6.66133814775094e-16
20302 OSIM_X_c0[1,58,58,5,4,0] 1.0000000000000002
20303 OSIM_X_c0[1,58,58,5,5,0] 2.220446049250313e-16
20304 OSIM_X_c0[1,58,58,5,6,0] 4.440892098500626e-16
20305 OSIM_X_c0[1,58,58,6,1,0] 0.9999999999999996
20306 OSIM_X_c0[1,58,58,6,2,0] 1.1102230246251563e-15
20307 OSIM_X_c0[1,58,58,6,3,0] 2.0000000000000004
20308 OSIM_X_c0[1,58,58,6,4,0] 4.440892098500626e-16
20309 OSIM_X_c0[1,58,58,6,5,0] -1.0000000000000002
20310 OSIM_X_c0[1,58,58,6,6,0] 2.220446049250313e-16
20311 OSIM_X_c0[1,59,59,1,1,0] 2.220446049250313e-16
20312 OSIM_X_c0[1,59,59,1,2,0] -4.440892098500626e-16
20313 OSIM_X_c0[1,59,59,1,3,0] -1.0000000000000002
20314 OSIM_X_c0[1,59,59,1,4,0] 0
20315 OSIM_X_c0[1,59,59,1,5,0] 0
20316 OSIM_X_c0[1,59,59,1,6,0] 0
20317 OSIM_X_c0[1,59,59,2,1,0] 1.0000000000000002
20318 OSIM_X_c0[1,59,59,2,2,0] 2.220446049250313e-16
20319 OSIM_X_c0[1,59,59,2,3,0] 4.440892098500626e-16
20320 OSIM_X_c0[1,59,59,2,4,0] 0
20321 OSIM_X_c0[1,59,59,2,5,0] 0
20322 OSIM_X_c0[1,59,59,2,6,0] 0
20323 OSIM_X_c0[1,59,59,3,1,0] 4.440892098500626e-16
20324 OSIM_X_c0[1,59,59,3,2,0] -1.0000000000000002
20325 OSIM_X_c0[1,59,59,3,3,0] 2.220446049250313e-16
20326 OSIM_X_c0[1,59,59,3,4,0] 0
20327 OSIM_X_c0[1,59,59,3,5,0] 0
20328 OSIM_X_c0[1,59,59,3,6,0] 0
20329 OSIM_X_c0[1,59,59,4,1,0] 4.440892098500623e-16
20330 OSIM_X_c0[1,59,59,4,2,0] -2
20331 OSIM_X_c0[1,59,59,4,3,0] 4.440892098500623e-16
20332 OSIM_X_c0[1,59,59,4,4,0] 2.220446049250313e-16
20333 OSIM_X_c0[1,59,59,4,5,0] -4.440892098500626e-16
20334 OSIM_X_c0[1,59,59,4,6,0] -1.0000000000000002
20335 OSIM_X_c0[1,59,59,5,1,0] -4.4408920985006247e-16
20336 OSIM_X_c0[1,59,59,5,2,0] 1
20337 OSIM_X_c0[1,59,59,5,3,0] -6.66133814775094e-16
20338 OSIM_X_c0[1,59,59,5,4,0] 1.0000000000000002
20339 OSIM_X_c0[1,59,59,5,5,0] 2.220446049250313e-16
20340 OSIM_X_c0[1,59,59,5,6,0] 4.440892098500626e-16
20341 OSIM_X_c0[1,59,59,6,1,0] 0.9999999999999996
20342 OSIM_X_c0[1,59,59,6,2,0] 1.1102230246251563e-15
20343 OSIM_X_c0[1,59,59,6,3,0] 2.0000000000000004
20344 OSIM_X_c0[1,59,59,6,4,0] 4.440892098500626e-16
20345 OSIM_X_c0[1,59,59,6,5,0] -1.0000000000000002
20346 OSIM_X_c0[1,59,59,6,6,0] 2.220446049250313e-16
20347 OSIM_X_c0[1,60,60,1,1,0] 2.220446049250313e-16
20348 OSIM_X_c0[1,60,60,1,2,0] -4.440892098500626e-16
20349 OSIM_X_c0[1,60,60,1,3,0] -1.0000000000000002
20350 OSIM_X_c0[1,60,60,1,4,0] 0
20351 OSIM_X_c0[1,60,60,1,5,0] 0
20352 OSIM_X_c0[1,60,60,1,6,0] 0
20353 OSIM_X_c0[1,60,60,2,1,0] 1.0000000000000002
20354 OSIM_X_c0[1,60,60,2,2,0] 2.220446049250313e-16
20355 OSIM_X_c0[1,60,60,2,3,0] 4.440892098500626e-16
20356 OSIM_X_c0[1,60,60,2,4,0] 0
20357 OSIM_X_c0[1,60,60,2,5,0] 0
20358 OSIM_X_c0[1,60,60,2,6,0] 0
20359 OSIM_X_c0[1,60,60,3,1,0] 4.440892098500626e-16
20360 OSIM_X_c0[1,60,60,3,2,0] -1.0000000000000002
20361 OSIM_X_c0[1,60,60,3,3,0] 2.220446049250313e-16
20362 OSIM_X_c0[1,60,60,3,4,0] 0
20363 OSIM_X_c0[1,60,60,3,5,0] 0
20364 OSIM_X_c0[1,60,60,3,6,0] 0
20365 OSIM_X_c0[1,60,60,4,1,0] 4.440892098500623e-16
20366 OSIM_X_c0[1,60,60,4,2,0] -2
20367 OSIM_X_c0[1,60,60,4,3,0] 4.440892098500623e-16
20368 OSIM_X_c0[1,60,60,4,4,0] 2.220446049250313e-16
20369 OSIM_X_c0[1,60,60,4,5,0] -4.440892098500626e-16
20370 OSIM_X_c0[1,60,60,4,6,0] -1.0000000000000002
20371 OSIM_X_c0[1,60,60,5,1,0] -4.4408920985006247e-16
20372 OSIM_X_c0[1,60,60,5,2,0] 1
20373 OSIM_X_c0[1,60,60,5,3,0] -6.66133814775094e-16
20374 OSIM_X_c0[1,60,60,5,4,0] 1.0000000000000002
20375 OSIM_X_c0[1,60,60,5,5,0] 2.220446049250313e-16
20376 OSIM_X_c0[1,60,60,5,6,0] 4.440892098500626e-16
20377 OSIM_X_c0[1,60,60,6,1,0] 0.9999999999999996
20378 OSIM_X_c0[1,60,60,6,2,0] 1.1102230246251563e-15
20379 OSIM_X_c0[1,60,60,6,3,0] 2.0000000000000004
20380 OSIM_X_c0[1,60,60,6,4,0] 4.440892098500626e-16
20381 OSIM_X_c0[1,60,60,6,5,0] -1.0000000000000002
20382 OSIM_X_c0[1,60,60,6,6,0] 2.220446049250313e-16
20383 OSIM_X_c0[1,61,61,1,1,0] 2.220446049250313e-16
20384 OSIM_X_c0[1,61,61,1,2,0] -4.440892098500626e-16
20385 OSIM_X_c0[1,61,61,1,3,0] -1.0000000000000002
20386 OSIM_X_c0[1,61,61,1,4,0] 0
20387 OSIM_X_c0[1,61,61,1,5,0] 0
20388 OSIM_X_c0[1,61,61,1,6,0] 0
20389 OSIM_X_c0[1,61,61,2,1,0] 1.0000000000000002
20390 OSIM_X_c0[1,61,61,2,2,0] 2.220446049250313e-16
20391 OSIM_X_c0[1,61,61,2,3,0] 4.440892098500626e-16
20392 OSIM_X_c0[1,61,61,2,4,0] 0
20393 OSIM_X_c0[1,61,61,2,5,0] 0
20394 OSIM_X_c0[1,61,61,2,6,0] 0
20395 OSIM_X_c0[1,61,61,3,1,0] 4.440892098500626e-16
20396 OSIM_X_c0[1,61,61,3,2,0] -1.0000000000000002
20397 OSIM_X_c0[1,61,61,3,3,0] 2.220446049250313e-16
20398 OSIM_X_c0[1,61,61,3,4,0] 0
20399 OSIM_X_c0[1,61,61,3,5,0] 0
20400 OSIM_X_c0[1,61,61,3,6,0] 0
20401 OSIM_X_c0[1,61,61,4,1,0] 5.551115123125778e-16
20402 OSIM_X_c0[1,61,61,4,2,0] -1.9999999999999996
20403 OSIM_X_c0[1,61,61,4,3,0] 4.4408920985006227e-16
20404 OSIM_X_c0[1,61,61,4,4,0] 2.220446049250313e-16
20405 OSIM_X_c0[1,61,61,4,5,0] -4.440892098500626e-16
20406 OSIM_X_c0[1,61,61,4,6,0] -1.0000000000000002
20407 OSIM_X_c0[1,61,61,5,1,0] -3.3306690738754667e-16
20408 OSIM_X_c0[1,61,61,5,2,0] 0.7499999999999996
20409 OSIM_X_c0[1,61,61,5,3,0] -4.996003610813204e-16
20410 OSIM_X_c0[1,61,61,5,4,0] 1.0000000000000002
20411 OSIM_X_c0[1,61,61,5,5,0] 2.220446049250313e-16
20412 OSIM_X_c0[1,61,61,5,6,0] 4.440892098500626e-16
20413 OSIM_X_c0[1,61,61,6,1,0] 0.7499999999999991
20414 OSIM_X_c0[1,61,61,6,2,0] 1.0547118733938981e-15
20415 OSIM_X_c0[1,61,61,6,3,0] 1.9999999999999998
20416 OSIM_X_c0[1,61,61,6,4,0] 4.440892098500626e-16
20417 OSIM_X_c0[1,61,61,6,5,0] -1.0000000000000002
20418 OSIM_X_c0[1,61,61,6,6,0] 2.220446049250313e-16
20419 OSIM_X_c0[1,62,62,1,1,0] 2.220446049250313e-16
20420 OSIM_X_c0[1,62,62,1,2,0] -4.440892098500626e-16
20421 OSIM_X_c0[1,62,62,1,3,0] -1.0000000000000002
20422 OSIM_X_c0[1,62,62,1,4,0] 0
20423 OSIM_X_c0[1,62,62,1,5,0] 0
20424 OSIM_X_c0[1,62,62,1,6,0] 0
20425 OSIM_X_c0[1,62,62,2,1,0] 1.0000000000000002
20426 OSIM_X_c0[1,62,62,2,2,0] 2.220446049250313e-16
20427 OSIM_X_c0[1,62,62,2,3,0] 4.440892098500626e-16
20428 OSIM_X_c0[1,62,62,2,4,0] 0
20429 OSIM_X_c0[1,62,62,2,5,0] 0
20430 OSIM_X_c0[1,62,62,2,6,0] 0
20431 OSIM_X_c0[1,62,62,3,1,0] 4.440892098500626e-16
20432 OSIM_X_c0[1,62,62,3,2,0] -1.0000000000000002
20433 OSIM_X_c0[1,62,62,3,3,0] 2.220446049250313e-16
20434 OSIM_X_c0[1,62,62,3,4,0] 0
20435 OSIM_X_c0[1,62,62,3,5,0] 0
20436 OSIM_X_c0[1,62,62,3,6,0] 0
20437 OSIM_X_c0[1,62,62,4,1,0] 5.551115123125778e-16
20438 OSIM_X_c0[1,62,62,4,2,0] -1.9999999999999996
20439 OSIM_X_c0[1,62,62,4,3,0] 4.4408920985006227e-16
20440 OSIM_X_c0[1,62,62,4,4,0] 2.220446049250313e-16
20441 OSIM_X_c0[1,62,62,4,5,0] -4.440892098500626e-16
20442 OSIM_X_c0[1,62,62,4,6,0] -1.0000000000000002
20443 OSIM_X_c0[1,62,62,5,1,0] -3.3306690738754667e-16
20444 OSIM_X_c0[1,62,62,5,2,0] 0.7499999999999996
20445 OSIM_X_c0[1,62,62,5,3,0] -4.996003610813204e-16
20446 OSIM_X_c0[1,62,62,5,4,0] 1.0000000000000002
20447 OSIM_X_c0[1,62,62,5,5,0] 2.220446049250313e-16
20448 OSIM_X_c0[1,62,62,5,6,0] 4.440892098500626e-16
20449 OSIM_X_c0[1,62,62,6,1,0] 0.7499999999999991
20450 OSIM_X_c0[1,62,62,6,2,0] 1.0547118733938981e-15
20451 OSIM_X_c0[1,62,62,6,3,0] 1.9999999999999998
20452 OSIM_X_c0[1,62,62,6,4,0] 4.440892098500626e-16
20453 OSIM_X_c0[1,62,62,6,5,0] -1.0000000000000002
20454 OSIM_X_c0[1,62,62,6,6,0] 2.220446049250313e-16
20455 OSIM_X_c0[1,63,63,1,1,0] 2.220446049250313e-16
20456 OSIM_X_c0[1,63,63,1,2,0] -4.440892098500626e-16
20457 OSIM_X_c0[1,63,63,1,3,0] -1.0000000000000002
20458 OSIM_X_c0[1,63,63,1,4,0] 0
20459 OSIM_X_c0[1,63,63,1,5,0] 0
20460 OSIM_X_c0[1,63,63,1,6,0] 0
20461 OSIM_X_c0[1,63,63,2,1,0] 1.0000000000000002
20462 OSIM_X_c0[1,63,63,2,2,0] 2.220446049250313e-16
20463 OSIM_X_c0[1,63,63,2,3,0] 4.440892098500626e-16
20464 OSIM_X_c0[1,63,63,2,4,0] 0
20465 OSIM_X_c0[1,63,63,2,5,0] 0
20466 OSIM_X_c0[1,63,63,2,6,0] 0
20467 OSIM_X_c0[1,63,63,3,1,0] 4.440892098500626e-16
20468 OSIM_X_c0[1,63,63,3,2,0] -1.0000000000000002
20469 OSIM_X_c0[1,63,63,3,3,0] 2.220446049250313e-16
20470 OSIM_X_c0[1,63,63,3,4,0] 0
20471 OSIM_X_c0[1,63,63,3,5,0] 0
20472 OSIM_X_c0[1,63,63,3,6,0] 0
20473 OSIM_X_c0[1,63,63,4,1,0] 5.551115123125778e-16
20474 OSIM_X_c0[1,63,63,4,2,0] -1.9999999999999996
20475 OSIM_X_c0[1,63,63,4,3,0] 4.4408920985006227e-16
20476 OSIM_X_c0[1,63,63,4,4,0] 2.220446049250313e-16
20477 OSIM_X_c0[1,63,63,4,5,0] -4.440892098500626e-16
20478 OSIM_X_c0[1,63,63,4,6,0] -1.0000000000000002
20479 OSIM_X_c0[1,63,63,5,1,0] -3.3306690738754667e-16
20480 OSIM_X_c0[1,63,63,5,2,0] 0.7499999999999996
20481 OSIM_X_c0[1,63,63,5,3,0] -4.996003610813204e-16
20482 OSIM_X_c0[1,63,63,5,4,0] 1.0000000000000002
20483 OSIM_X_c0[1,63,63,5,5,0] 2.220446049250313e-16
20484 OSIM_X_c0[1,63,63,5,6,0] 4.440892098500626e-16
20485 OSIM_X_c0[1,63,63,6,1,0] 0.7499999999999991
20486 OSIM_X_c0[1,63,63,6,2,0] 1.0547118733938981e-15
20487 OSIM_X_c0[1,63,63,6,3,0] 1.9999999999999998
20488 OSIM_X_c0[1,63,63,6,4,0] 4.440892098500626e-16
20489 OSIM_X_c0[1,63,63,6,5,0] -1.0000000000000002
20490 OSIM_X_c0[1,63,63,6,6,0] 2.220446049250313e-16
20491 OSIM_X_c0[1,64,64,1,1,0] 2.220446049250313e-16
20492 OSIM_X_c0[1,64,64,1,2,0] -4.440892098500626e-16
20493 OSIM_X_c0[1,64,64,1,3,0] -1.0000000000000002
20494 OSIM_X_c0[1,64,64,1,4,0] 0
20495 OSIM_X_c0[1,64,64,1,5,0] 0
20496 OSIM_X_c0[1,64,64,1,6,0] 0
20497 OSIM_X_c0[1,64,64,2,1,0] 1.0000000000000002
20498 OSIM_X_c0[1,64,64,2,2,0] 2.220446049250313e-16
20499 OSIM_X_c0[1,64,64,2,3,0] 4.440892098500626e-16
20500 OSIM_X_c0[1,64,64,2,4,0] 0
20501 OSIM_X_c0[1,64,64,2,5,0] 0
20502 OSIM_X_c0[1,64,64,2,6,0] 0
20503 OSIM_X_c0[1,64,64,3,1,0] 4.440892098500626e-16
20504 OSIM_X_c0[1,64,64,3,2,0] -1.0000000000000002
20505 OSIM_X_c0[1,64,64,3,3,0] 2.220446049250313e-16
20506 OSIM_X_c0[1,64,64,3,4,0] 0
20507 OSIM_X_c0[1,64,64,3,5,0] 0
20508 OSIM_X_c0[1,64,64,3,6,0] 0
20509 OSIM_X_c0[1,64,64,4,1,0] 5.551115123125778e-16
20510 OSIM_X_c0[1,64,64,4,2,0] -1.9999999999999996
20511 OSIM_X_c0[1,64,64,4,3,0] 4.4408920985006227e-16
20512 OSIM_X_c0[1,64,64,4,4,0] 2.220446049250313e-16
20513 OSIM_X_c0[1,64,64,4,5,0] -4.440892098500626e-16
20514 OSIM_X_c0[1,64,64,4,6,0] -1.0000000000000002
20515 OSIM_X_c0[1,64,64,5,1,0] -3.3306690738754667e-16
20516 OSIM_X_c0[1,64,64,5,2,0] 0.7499999999999996
20517 OSIM_X_c0[1,64,64,5,3,0] -4.996003610813204e-16
20518 OSIM_X_c0[1,64,64,5,4,0] 1.0000000000000002
20519 OSIM_X_c0[1,64,64,5,5,0] 2.220446049250313e-16
20520 OSIM_X_c0[1,64,64,5,6,0] 4.440892098500626e-16
20521 OSIM_X_c0[1,64,64,6,1,0] 0.7499999999999991
20522 OSIM_X_c0[1,64,64,6,2,0] 1.0547118733938981e-15
20523 OSIM_X_c0[1,64,64,6,3,0] 1.9999999999999998
20524 OSIM_X_c0[1,64,64,6,4,0] 4.440892098500626e-16
20525 OSIM_X_c0[1,64,64,6,5,0] -1.0000000000000002
20526 OSIM_X_c0[1,64,64,6,6,0] 2.220446049250313e-16
20527 OSIM_X_c0[1,65,65,1,1,0] 2.220446049250313e-16
20528 OSIM_X_c0[1,65,65,1,2,0] -4.440892098500626e-16
20529 OSIM_X_c0[1,65,65,1,3,0] -1.0000000000000002
20530 OSIM_X_c0[1,65,65,1,4,0] 0
20531 OSIM_X_c0[1,65,65,1,5,0] 0
20532 OSIM_X_c0[1,65,65,1,6,0] 0
20533 OSIM_X_c0[1,65,65,2,1,0] 1.0000000000000002
20534 OSIM_X_c0[1,65,65,2,2,0] 2.220446049250313e-16
20535 OSIM_X_c0[1,65,65,2,3,0] 4.440892098500626e-16
20536 OSIM_X_c0[1,65,65,2,4,0] 0
20537 OSIM_X_c0[1,65,65,2,5,0] 0
20538 OSIM_X_c0[1,65,65,2,6,0] 0
20539 OSIM_X_c0[1,65,65,3,1,0] 4.440892098500626e-16
20540 OSIM_X_c0[1,65,65,3,2,0] -1.0000000000000002
20541 OSIM_X_c0[1,65,65,3,3,0] 2.220446049250313e-16
20542 OSIM_X_c0[1,65,65,3,4,0] 0
20543 OSIM_X_c0[1,65,65,3,5,0] 0
20544 OSIM_X_c0[1,65,65,3,6,0] 0
20545 OSIM_X_c0[1,65,65,4,1,0] 5.551115123125778e-16
20546 OSIM_X_c0[1,65,65,4,2,0] -1.9999999999999996
20547 OSIM_X_c0[1,65,65,4,3,0] 4.4408920985006227e-16
20548 OSIM_X_c0[1,65,65,4,4,0] 2.220446049250313e-16
20549 OSIM_X_c0[1,65,65,4,5,0] -4.440892098500626e-16
20550 OSIM_X_c0[1,65,65,4,6,0] -1.0000000000000002
20551 OSIM_X_c0[1,65,65,5,1,0] -3.3306690738754667e-16
20552 OSIM_X_c0[1,65,65,5,2,0] 0.7499999999999996
20553 OSIM_X_c0[1,65,65,5,3,0] -4.996003610813204e-16
20554 OSIM_X_c0[1,65,65,5,4,0] 1.0000000000000002
20555 OSIM_X_c0[1,65,65,5,5,0] 2.220446049250313e-16
20556 OSIM_X_c0[1,65,65,5,6,0] 4.440892098500626e-16
20557 OSIM_X_c0[1,65,65,6,1,0] 0.7499999999999991
20558 OSIM_X_c0[1,65,65,6,2,0] 1.0547118733938981e-15
20559 OSIM_X_c0[1,65,65,6,3,0] 1.9999999999999998
20560 OSIM_X_c0[1,65,65,6,4,0] 4.440892098500626e-16
20561 OSIM_X_c0[1,65,65,6,5,0] -1.0000000000000002
20562 OSIM_X_c0[1,65,65,6,6,0] 2.220446049250313e-16
20563 OSIM_X_c0[1,66,66,1,1,0] 2.220446049250313e-16
20564 OSIM_X_c0[1,66,66,1,2,0] -4.440892098500626e-16
20565 OSIM_X_c0[1,66,66,1,3,0] -1.0000000000000002
20566 OSIM_X_c0[1,66,66,1,4,0] 0
20567 OSIM_X_c0[1,66,66,1,5,0] 0
20568 OSIM_X_c0[1,66,66,1,6,0] 0
20569 OSIM_X_c0[1,66,66,2,1,0] 1.0000000000000002
20570 OSIM_X_c0[1,66,66,2,2,0] 2.220446049250313e-16
20571 OSIM_X_c0[1,66,66,2,3,0] 4.440892098500626e-16
20572 OSIM_X_c0[1,66,66,2,4,0] 0
20573 OSIM_X_c0[1,66,66,2,5,0] 0
20574 OSIM_X_c0[1,66,66,2,6,0] 0
20575 OSIM_X_c0[1,66,66,3,1,0] 4.440892098500626e-16
20576 OSIM_X_c0[1,66,66,3,2,0] -1.0000000000000002
20577 OSIM_X_c0[1,66,66,3,3,0] 2.220446049250313e-16
20578 OSIM_X_c0[1,66,66,3,4,0] 0
20579 OSIM_X_c0[1,66,66,3,5,0] 0
20580 OSIM_X_c0[1,66,66,3,6,0] 0
20581 OSIM_X_c0[1,66,66,4,1,0] 5.551115123125778e-16
20582 OSIM_X_c0[1,66,66,4,2,0] -1.9999999999999996
20583 OSIM_X_c0[1,66,66,4,3,0] 4.4408920985006227e-16
20584 OSIM_X_c0[1,66,66,4,4,0] 2.220446049250313e-16
20585 OSIM_X_c0[1,66,66,4,5,0] -4.440892098500626e-16
20586 OSIM_X_c0[1,66,66,4,6,0] -1.0000000000000002
20587 OSIM_X_c0[1,66,66,5,1,0] -3.3306690738754667e-16
20588 OSIM_X_c0[1,66,66,5,2,0] 0.7499999999999996
20589 OSIM_X_c0[1,66,66,5,3,0] -4.996003610813204e-16
20590 OSIM_X_c0[1,66,66,5,4,0] 1.0000000000000002
20591 OSIM_X_c0[1,66,66,5,5,0] 2.220446049250313e-16
20592 OSIM_X_c0[1,66,66,5,6,0] 4.440892098500626e-16
20593 OSIM_X_c0[1,66,66,6,1,0] 0.7499999999999991
20594 OSIM_X_c0[1,66,66,6,2,0] 1.0547118733938981e-15
20595 OSIM_X_c0[1,66,66,6,3,0] 1.9999999999999998
20596 OSIM_X_c0[1,66,66,6,4,0] 4.440892098500626e-16
20597 OSIM_X_c0[1,66,66,6,5,0] -1.0000000000000002
20598 OSIM_X_c0[1,66,66,6,6,0] 2.220446049250313e-16
20599 OSIM_X_c0[1,67,67,1,1,0] 2.220446049250313e-16
20600 OSIM_X_c0[1,67,67,1,2,0] -4.440892098500626e-16
20601 OSIM_X_c0[1,67,67,1,3,0] -1.0000000000000002
20602 OSIM_X_c0[1,67,67,1,4,0] 0
20603 OSIM_X_c0[1,67,67,1,5,0] 0
20604 OSIM_X_c0[1,67,67,1,6,0] 0
20605 OSIM_X_c0[1,67,67,2,1,0] 1.0000000000000002
20606 OSIM_X_c0[1,67,67,2,2,0] 2.220446049250313e-16
20607 OSIM_X_c0[1,67,67,2,3,0] 4.440892098500626e-16
20608 OSIM_X_c0[1,67,67,2,4,0] 0
20609 OSIM_X_c0[1,67,67,2,5,0] 0
20610 OSIM_X_c0[1,67,67,2,6,0] 0
20611 OSIM_X_c0[1,67,67,3,1,0] 4.440892098500626e-16
20612 OSIM_X_c0[1,67,67,3,2,0] -1.0000000000000002
20613 OSIM_X_c0[1,67,67,3,3,0] 2.220446049250313e-16
20614 OSIM_X_c0[1,67,67,3,4,0] 0
20615 OSIM_X_c0[1,67,67,3,5,0] 0
20616 OSIM_X_c0[1,67,67,3,6,0] 0
20617 OSIM_X_c0[1,67,67,4,1,0] 5.551115123125784e-16
20618 OSIM_X_c0[1,67,67,4,2,0] -2.000000000000001
20619 OSIM_X_c0[1,67,67,4,3,0] 4.4408920985006257e-16
20620 OSIM_X_c0[1,67,67,4,4,0] 2.220446049250313e-16
20621 OSIM_X_c0[1,67,67,4,5,0] -4.440892098500626e-16
20622 OSIM_X_c0[1,67,67,4,6,0] -1.0000000000000002
20623 OSIM_X_c0[1,67,67,5,1,0] -2.220446049250314e-16
20624 OSIM_X_c0[1,67,67,5,2,0] 0.5000000000000004
20625 OSIM_X_c0[1,67,67,5,3,0] -4.440892098500628e-16
20626 OSIM_X_c0[1,67,67,5,4,0] 1.0000000000000002
20627 OSIM_X_c0[1,67,67,5,5,0] 2.220446049250313e-16
20628 OSIM_X_c0[1,67,67,5,6,0] 4.440892098500626e-16
20629 OSIM_X_c0[1,67,67,6,1,0] 0.5
20630 OSIM_X_c0[1,67,67,6,2,0] 9.99200722162641e-16
20631 OSIM_X_c0[1,67,67,6,3,0] 2.0000000000000013
20632 OSIM_X_c0[1,67,67,6,4,0] 4.440892098500626e-16
20633 OSIM_X_c0[1,67,67,6,5,0] -1.0000000000000002
20634 OSIM_X_c0[1,67,67,6,6,0] 2.220446049250313e-16
20635 OSIM_X_c0[1,68,68,1,1,0] 2.220446049250313e-16
20636 OSIM_X_c0[1,68,68,1,2,0] -4.440892098500626e-16
20637 OSIM_X_c0[1,68,68,1,3,0] -1.0000000000000002
20638 OSIM_X_c0[1,68,68,1,4,0] 0
20639 OSIM_X_c0[1,68,68,1,5,0] 0
20640 OSIM_X_c0[1,68,68,1,6,0] 0
20641 OSIM_X_c0[1,68,68,2,1,0] 1.0000000000000002
20642 OSIM_X_c0[1,68,68,2,2,0] 2.220446049250313e-16
20643 OSIM_X_c0[1,68,68,2,3,0] 4.440892098500626e-16
20644 OSIM_X_c0[1,68,68,2,4,0] 0
20645 OSIM_X_c0[1,68,68,2,5,0] 0
20646 OSIM_X_c0[1,68,68,2,6,0] 0
20647 OSIM_X_c0[1,68,68,3,1,0] 4.440892098500626e-16
20648 OSIM_X_c0[1,68,68,3,2,0] -1.0000000000000002
20649 OSIM_X_c0[1,68,68,3,3,0] 2.220446049250313e-16
20650 OSIM_X_c0[1,68,68,3,4,0] 0
20651 OSIM_X_c0[1,68,68,3,5,0] 0
20652 OSIM_X_c0[1,68,68,3,6,0] 0
20653 OSIM_X_c0[1,68,68,4,1,0] 5.551115123125784e-16
20654 OSIM_X_c0[1,68,68,4,2,0] -2.000000000000001
20655 OSIM_X_c0[1,68,68,4,3,0] 4.4408920985006257e-16
20656 OSIM_X_c0[1,68,68,4,4,0] 2.220446049250313e-16
20657 OSIM_X_c0[1,68,68,4,5,0] -4.440892098500626e-16
20658 OSIM_X_c0[1,68,68,4,6,0] -1.0000000000000002
20659 OSIM_X_c0[1,68,68,5,1,0] -2.220446049250314e-16
20660 OSIM_X_c0[1,68,68,5,2,0] 0.5000000000000004
20661 OSIM_X_c0[1,68,68,5,3,0] -4.440892098500628e-16
20662 OSIM_X_c0[1,68,68,5,4,0] 1.0000000000000002
20663 OSIM_X_c0[1,68,68,5,5,0] 2.220446049250313e-16
20664 OSIM_X_c0[1,68,68,5,6,0] 4.440892098500626e-16
20665 OSIM_X_c0[1,68,68,6,1,0] 0.5
20666 OSIM_X_c0[1,68,68,6,2,0] 9.99200722162641e-16
20667 OSIM_X_c0[1,68,68,6,3,0] 2.0000000000000013
20668 OSIM_X_c0[1,68,68,6,4,0] 4.440892098500626e-16
20669 OSIM_X_c0[1,68,68,6,5,0] -1.0000000000000002
20670 OSIM_X_c0[1,68,68,6,6,0] 2.220446049250313e-16
20671 OSIM_X_c0[1,69,69,1,1,0] 2.220446049250313e-16
20672 OSIM_X_c0[1,69,69,1,2,0] -4.440892098500626e-16
20673 OSIM_X_c0[1,69,69,1,3,0] -1.0000000000000002
20674 OSIM_X_c0[1,69,69,1,4,0] 0
20675 OSIM_X_c0[1,69,69,1,5,0] 0
20676 OSIM_X_c0[1,69,69,1,6,0] 0
20677 OSIM_X_c0[1,69,69,2,1,0] 1.0000000000000002
20678 OSIM_X_c0[1,69,69,2,2,0] 2.220446049250313e-16
20679 OSIM_X_c0[1,69,69,2,3,0] 4.440892098500626e-16
20680 OSIM_X_c0[1,69,69,2,4,0] 0
20681 OSIM_X_c0[1,69,69,2,5,0] 0
20682 OSIM_X_c0[1,69,69,2,6,0] 0
20683 OSIM_X_c0[1,69,69,3,1,0] 4.440892098500626e-16
20684 OSIM_X_c0[1,69,69,3,2,0] -1.0000000000000002
20685 OSIM_X_c0[1,69,69,3,3,0] 2.220446049250313e-16
20686 OSIM_X_c0[1,69,69,3,4,0] 0
20687 OSIM_X_c0[1,69,69,3,5,0] 0
20688 OSIM_X_c0[1,69,69,3,6,0] 0
20689 OSIM_X_c0[1,69,69,4,1,0] 5.551115123125784e-16
20690 OSIM_X_c0[1,69,69,4,2,0] -2.000000000000001
20691 OSIM_X_c0[1,69,69,4,3,0] 4.4408920985006257e-16
20692 OSIM_X_c0[1,69,69,4,4,0] 2.220446049250313e-16
20693 OSIM_X_c0[1,69,69,4,5,0] -4.440892098500626e-16
20694 OSIM_X_c0[1,69,69,4,6,0] -1.0000000000000002
20695 OSIM_X_c0[1,69,69,5,1,0] -2.220446049250314e-16
20696 OSIM_X_c0[1,69,69,5,2,0] 0.5000000000000004
20697 OSIM_X_c0[1,69,69,5,3,0] -4.440892098500628e-16
20698 OSIM_X_c0[1,69,69,5,4,0] 1.0000000000000002
20699 OSIM_X_c0[1,69,69,5,5,0] 2.220446049250313e-16
20700 OSIM_X_c0[1,69,69,5,6,0] 4.440892098500626e-16
20701 OSIM_X_c0[1,69,69,6,1,0] 0.5
20702 OSIM_X_c0[1,69,69,6,2,0] 9.99200722162641e-16
20703 OSIM_X_c0[1,69,69,6,3,0] 2.0000000000000013
20704 OSIM_X_c0[1,69,69,6,4,0] 4.440892098500626e-16
20705 OSIM_X_c0[1,69,69,6,5,0] -1.0000000000000002
20706 OSIM_X_c0[1,69,69,6,6,0] 2.220446049250313e-16
20707 OSIM_X_c0[1,70,70,1,1,0] 2.220446049250313e-16
20708 OSIM_X_c0[1,70,70,1,2,0] -4.440892098500626e-16
20709 OSIM_X_c0[1,70,70,1,3,0] -1.0000000000000002
20710 OSIM_X_c0[1,70,70,1,4,0] 0
20711 OSIM_X_c0[1,70,70,1,5,0] 0
20712 OSIM_X_c0[1,70,70,1,6,0] 0
20713 OSIM_X_c0[1,70,70,2,1,0] 1.0000000000000002
20714 OSIM_X_c0[1,70,70,2,2,0] 2.220446049250313e-16
20715 OSIM_X_c0[1,70,70,2,3,0] 4.440892098500626e-16
20716 OSIM_X_c0[1,70,70,2,4,0] 0
20717 OSIM_X_c0[1,70,70,2,5,0] 0
20718 OSIM_X_c0[1,70,70,2,6,0] 0
20719 OSIM_X_c0[1,70,70,3,1,0] 4.440892098500626e-16
20720 OSIM_X_c0[1,70,70,3,2,0] -1.0000000000000002
20721 OSIM_X_c0[1,70,70,3,3,0] 2.220446049250313e-16
20722 OSIM_X_c0[1,70,70,3,4,0] 0
20723 OSIM_X_c0[1,70,70,3,5,0] 0
20724 OSIM_X_c0[1,70,70,3,6,0] 0
20725 OSIM_X_c0[1,70,70,4,1,0] 5.551115123125784e-16
20726 OSIM_X_c0[1,70,70,4,2,0] -2.000000000000001
20727 OSIM_X_c0[1,70,70,4,3,0] 4.4408920985006257e-16
20728 OSIM_X_c0[1,70,70,4,4,0] 2.220446049250313e-16
20729 OSIM_X_c0[1,70,70,4,5,0] -4.440892098500626e-16
20730 OSIM_X_c0[1,70,70,4,6,0] -1.0000000000000002
20731 OSIM_X_c0[1,70,70,5,1,0] -2.220446049250314e-16
20732 OSIM_X_c0[1,70,70,5,2,0] 0.5000000000000004
20733 OSIM_X_c0[1,70,70,5,3,0] -4.440892098500628e-16
20734 OSIM_X_c0[1,70,70,5,4,0] 1.0000000000000002
20735 OSIM_X_c0[1,70,70,5,5,0] 2.220446049250313e-16
20736 OSIM_X_c0[1,70,70,5,6,0] 4.440892098500626e-16
20737 OSIM_X_c0[1,70,70,6,1,0] 0.5
20738 OSIM_X_c0[1,70,70,6,2,0] 9.99200722162641e-16
20739 OSIM_X_c0[1,70,70,6,3,0] 2.0000000000000013
20740 OSIM_X_c0[1,70,70,6,4,0] 4.440892098500626e-16
20741 OSIM_X_c0[1,70,70,6,5,0] -1.0000000000000002
20742 OSIM_X_c0[1,70,70,6,6,0] 2.220446049250313e-16
20743 OSIM_X_c0[1,71,71,1,1,0] 2.220446049250313e-16
20744 OSIM_X_c0[1,71,71,1,2,0] -4.440892098500626e-16
20745 OSIM_X_c0[1,71,71,1,3,0] -1.0000000000000002
20746 OSIM_X_c0[1,71,71,1,4,0] 0
20747 OSIM_X_c0[1,71,71,1,5,0] 0
20748 OSIM_X_c0[1,71,71,1,6,0] 0
20749 OSIM_X_c0[1,71,71,2,1,0] 1.0000000000000002
20750 OSIM_X_c0[1,71,71,2,2,0] 2.220446049250313e-16
20751 OSIM_X_c0[1,71,71,2,3,0] 4.440892098500626e-16
20752 OSIM_X_c0[1,71,71,2,4,0] 0
20753 OSIM_X_c0[1,71,71,2,5,0] 0
20754 OSIM_X_c0[1,71,71,2,6,0] 0
20755 OSIM_X_c0[1,71,71,3,1,0] 4.440892098500626e-16
20756 OSIM_X_c0[1,71,71,3,2,0] -1.0000000000000002
20757 OSIM_X_c0[1,71,71,3,3,0] 2.220446049250313e-16
20758 OSIM_X_c0[1,71,71,3,4,0] 0
20759 OSIM_X_c0[1,71,71,3,5,0] 0
20760 OSIM_X_c0[1,71,71,3,6,0] 0
20761 OSIM_X_c0[1,71,71,4,1,0] 5.551115123125784e-16
20762 OSIM_X_c0[1,71,71,4,2,0] -2.000000000000001
20763 OSIM_X_c0[1,71,71,4,3,0] 4.4408920985006257e-16
20764 OSIM_X_c0[1,71,71,4,4,0] 2.220446049250313e-16
20765 OSIM_X_c0[1,71,71,4,5,0] -4.440892098500626e-16
20766 OSIM_X_c0[1,71,71,4,6,0] -1.0000000000000002
20767 OSIM_X_c0[1,71,71,5,1,0] -2.220446049250314e-16
20768 OSIM_X_c0[1,71,71,5,2,0] 0.5000000000000004
20769 OSIM_X_c0[1,71,71,5,3,0] -4.440892098500628e-16
20770 OSIM_X_c0[1,71,71,5,4,0] 1.0000000000000002
20771 OSIM_X_c0[1,71,71,5,5,0] 2.220446049250313e-16
20772 OSIM_X_c0[1,71,71,5,6,0] 4.440892098500626e-16
20773 OSIM_X_c0[1,71,71,6,1,0] 0.5
20774 OSIM_X_c0[1,71,71,6,2,0] 9.99200722162641e-16
20775 OSIM_X_c0[1,71,71,6,3,0] 2.0000000000000013
20776 OSIM_X_c0[1,71,71,6,4,0] 4.440892098500626e-16
20777 OSIM_X_c0[1,71,71,6,5,0] -1.0000000000000002
20778 OSIM_X_c0[1,71,71,6,6,0] 2.220446049250313e-16
20779 OSIM_X_c0[1,72,72,1,1,0] 2.220446049250313e-16
20780 OSIM_X_c0[1,72,72,1,2,0] -4.440892098500626e-16
20781 OSIM_X_c0[1,72,72,1,3,0] -1.0000000000000002
20782 OSIM_X_c0[1,72,72,1,4,0] 0
20783 OSIM_X_c0[1,72,72,1,5,0] 0
20784 OSIM_X_c0[1,72,72,1,6,0] 0
20785 OSIM_X_c0[1,72,72,2,1,0] 1.0000000000000002
20786 OSIM_X_c0[1,72,72,2,2,0] 2.220446049250313e-16
20787 OSIM_X_c0[1,72,72,2,3,0] 4.440892098500626e-16
20788 OSIM_X_c0[1,72,72,2,4,0] 0
20789 OSIM_X_c0[1,72,72,2,5,0] 0
20790 OSIM_X_c0[1,72,72,2,6,0] 0
20791 OSIM_X_c0[1,72,72,3,1,0] 4.440892098500626e-16
20792 OSIM_X_c0[1,72,72,3,2,0] -1.0000000000000002
20793 OSIM_X_c0[1,72,72,3,3,0] 2.220446049250313e-16
20794 OSIM_X_c0[1,72,72,3,4,0] 0
20795 OSIM_X_c0[1,72,72,3,5,0] 0
20796 OSIM_X_c0[1,72,72,3,6,0] 0
20797 OSIM_X_c0[1,72,72,4,1,0] 5.551115123125784e-16
20798 OSIM_X_c0[1,72,72,4,2,0] -2.000000000000001
20799 OSIM_X_c0[1,72,72,4,3,0] 4.4408920985006257e-16
20800 OSIM_X_c0[1,72,72,4,4,0] 2.220446049250313e-16
20801 OSIM_X_c0[1,72,72,4,5,0] -4.440892098500626e-16
20802 OSIM_X_c0[1,72,72,4,6,0] -1.0000000000000002
20803 OSIM_X_c0[1,72,72,5,1,0] -2.220446049250314e-16
20804 OSIM_X_c0[1,72,72,5,2,0] 0.5000000000000004
20805 OSIM_X_c0[1,72,72,5,3,0] -4.440892098500628e-16
20806 OSIM_X_c0[1,72,72,5,4,0] 1.0000000000000002
20807 OSIM_X_c0[1,72,72,5,5,0] 2.220446049250313e-16
20808 OSIM_X_c0[1,72,72,5,6,0] 4.440892098500626e-16
20809 OSIM_X_c0[1,72,72,6,1,0] 0.5
20810 OSIM_X_c0[1,72,72,6,2,0] 9.99200722162641e-16
20811 OSIM_X_c0[1,72,72,6,3,0] 2.0000000000000013
20812 OSIM_X_c0[1,72,72,6,4,0] 4.440892098500626e-16
20813 OSIM_X_c0[1,72,72,6,5,0] -1.0000000000000002
20814 OSIM_X_c0[1,72,72,6,6,0] 2.220446049250313e-16
20815 OSIM_X_c0[1,73,73,1,1,0] 2.220446049250313e-16
20816 OSIM_X_c0[1,73,73,1,2,0] -4.440892098500626e-16
20817 OSIM_X_c0[1,73,73,1,3,0] -1.0000000000000002
20818 OSIM_X_c0[1,73,73,1,4,0] 0
20819 OSIM_X_c0[1,73,73,1,5,0] 0
20820 OSIM_X_c0[1,73,73,1,6,0] 0
20821 OSIM_X_c0[1,73,73,2,1,0] 1.0000000000000002
20822 OSIM_X_c0[1,73,73,2,2,0] 2.220446049250313e-16
20823 OSIM_X_c0[1,73,73,2,3,0] 4.440892098500626e-16
20824 OSIM_X_c0[1,73,73,2,4,0] 0
20825 OSIM_X_c0[1,73,73,2,5,0] 0
20826 OSIM_X_c0[1,73,73,2,6,0] 0
20827 OSIM_X_c0[1,73,73,3,1,0] 4.440892098500626e-16
20828 OSIM_X_c0[1,73,73,3,2,0] -1.0000000000000002
20829 OSIM_X_c0[1,73,73,3,3,0] 2.220446049250313e-16
20830 OSIM_X_c0[1,73,73,3,4,0] 0
20831 OSIM_X_c0[1,73,73,3,5,0] 0
20832 OSIM_X_c0[1,73,73,3,6,0] 0
20833 OSIM_X_c0[1,73,73,4,1,0] 5.55111512312578e-16
20834 OSIM_X_c0[1,73,73,4,2,0] -2
20835 OSIM_X_c0[1,73,73,4,3,0] 4.4408920985006237e-16
20836 OSIM_X_c0[1,73,73,4,4,0] 2.220446049250313e-16
20837 OSIM_X_c0[1,73,73,4,5,0] -4.440892098500626e-16
20838 OSIM_X_c0[1,73,73,4,6,0] -1.0000000000000002
20839 OSIM_X_c0[1,73,73,5,1,0] -1.1102230246251558e-16
20840 OSIM_X_c0[1,73,73,5,2,0] 0.25000000000000006
20841 OSIM_X_c0[1,73,73,5,3,0] -3.885780586188049e-16
20842 OSIM_X_c0[1,73,73,5,4,0] 1.0000000000000002
20843 OSIM_X_c0[1,73,73,5,5,0] 2.220446049250313e-16
20844 OSIM_X_c0[1,73,73,5,6,0] 4.440892098500626e-16
20845 OSIM_X_c0[1,73,73,6,1,0] 0.2499999999999996
20846 OSIM_X_c0[1,73,73,6,2,0] 9.436895709313829e-16
20847 OSIM_X_c0[1,73,73,6,3,0] 2
20848 OSIM_X_c0[1,73,73,6,4,0] 4.440892098500626e-16
20849 OSIM_X_c0[1,73,73,6,5,0] -1.0000000000000002
20850 OSIM_X_c0[1,73,73,6,6,0] 2.220446049250313e-16
20851 OSIM_X_c0[1,74,74,1,1,0] 2.220446049250313e-16
20852 OSIM_X_c0[1,74,74,1,2,0] -4.440892098500626e-16
20853 OSIM_X_c0[1,74,74,1,3,0] -1.0000000000000002
20854 OSIM_X_c0[1,74,74,1,4,0] 0
20855 OSIM_X_c0[1,74,74,1,5,0] 0
20856 OSIM_X_c0[1,74,74,1,6,0] 0
20857 OSIM_X_c0[1,74,74,2,1,0] 1.0000000000000002
20858 OSIM_X_c0[1,74,74,2,2,0] 2.220446049250313e-16
20859 OSIM_X_c0[1,74,74,2,3,0] 4.440892098500626e-16
20860 OSIM_X_c0[1,74,74,2,4,0] 0
20861 OSIM_X_c0[1,74,74,2,5,0] 0
20862 OSIM_X_c0[1,74,74,2,6,0] 0
20863 OSIM_X_c0[1,74,74,3,1,0] 4.440892098500626e-16
20864 OSIM_X_c0[1,74,74,3,2,0] -1.0000000000000002
20865 OSIM_X_c0[1,74,74,3,3,0] 2.220446049250313e-16
20866 OSIM_X_c0[1,74,74,3,4,0] 0
20867 OSIM_X_c0[1,74,74,3,5,0] 0
20868 OSIM_X_c0[1,74,74,3,6,0] 0
20869 OSIM_X_c0[1,74,74,4,1,0] 5.55111512312578e-16
20870 OSIM_X_c0[1,74,74,4,2,0] -2
20871 OSIM_X_c0[1,74,74,4,3,0] 4.4408920985006237e-16
20872 OSIM_X_c0[1,74,74,4,4,0] 2.220446049250313e-16
20873 OSIM_X_c0[1,74,74,4,5,0] -4.440892098500626e-16
20874 OSIM_X_c0[1,74,74,4,6,0] -1.0000000000000002
20875 OSIM_X_c0[1,74,74,5,1,0] -1.1102230246251558e-16
20876 OSIM_X_c0[1,74,74,5,2,0] 0.25000000000000006
20877 OSIM_X_c0[1,74,74,5,3,0] -3.885780586188049e-16
20878 OSIM_X_c0[1,74,74,5,4,0] 1.0000000000000002
20879 OSIM_X_c0[1,74,74,5,5,0] 2.220446049250313e-16
20880 OSIM_X_c0[1,74,74,5,6,0] 4.440892098500626e-16
20881 OSIM_X_c0[1,74,74,6,1,0] 0.2499999999999996
20882 OSIM_X_c0[1,74,74,6,2,0] 9.436895709313829e-16
20883 OSIM_X_c0[1,74,74,6,3,0] 2
20884 OSIM_X_c0[1,74,74,6,4,0] 4.440892098500626e-16
20885 OSIM_X_c0[1,74,74,6,5,0] -1.0000000000000002
20886 OSIM_X_c0[1,74,74,6,6,0] 2.220446049250313e-16
20887 OSIM_X_c0[1,75,75,1,1,0] 2.220446049250313e-16
20888 OSIM_X_c0[1,75,75,1,2,0] -4.440892098500626e-16
20889 OSIM_X_c0[1,75,75,1,3,0] -1.0000000000000002
20890 OSIM_X_c0[1,75,75,1,4,0] 0
20891 OSIM_X_c0[1,75,75,1,5,0] 0
20892 OSIM_X_c0[1,75,75,1,6,0] 0
20893 OSIM_X_c0[1,75,75,2,1,0] 1.0000000000000002
20894 OSIM_X_c0[1,75,75,2,2,0] 2.220446049250313e-16
20895 OSIM_X_c0[1,75,75,2,3,0] 4.440892098500626e-16
20896 OSIM_X_c0[1,75,75,2,4,0] 0
20897 OSIM_X_c0[1,75,75,2,5,0] 0
20898 OSIM_X_c0[1,75,75,2,6,0] 0
20899 OSIM_X_c0[1,75,75,3,1,0] 4.440892098500626e-16
20900 OSIM_X_c0[1,75,75,3,2,0] -1.0000000000000002
20901 OSIM_X_c0[1,75,75,3,3,0] 2.220446049250313e-16
20902 OSIM_X_c0[1,75,75,3,4,0] 0
20903 OSIM_X_c0[1,75,75,3,5,0] 0
20904 OSIM_X_c0[1,75,75,3,6,0] 0
20905 OSIM_X_c0[1,75,75,4,1,0] 5.55111512312578e-16
20906 OSIM_X_c0[1,75,75,4,2,0] -2
20907 OSIM_X_c0[1,75,75,4,3,0] 4.4408920985006237e-16
20908 OSIM_X_c0[1,75,75,4,4,0] 2.220446049250313e-16
20909 OSIM_X_c0[1,75,75,4,5,0] -4.440892098500626e-16
20910 OSIM_X_c0[1,75,75,4,6,0] -1.0000000000000002
20911 OSIM_X_c0[1,75,75,5,1,0] -1.1102230246251558e-16
20912 OSIM_X_c0[1,75,75,5,2,0] 0.25000000000000006
20913 OSIM_X_c0[1,75,75,5,3,0] -3.885780586188049e-16
20914 OSIM_X_c0[1,75,75,5,4,0] 1.0000000000000002
20915 OSIM_X_c0[1,75,75,5,5,0] 2.220446049250313e-16
20916 OSIM_X_c0[1,75,75,5,6,0] 4.440892098500626e-16
20917 OSIM_X_c0[1,75,75,6,1,0] 0.2499999999999996
20918 OSIM_X_c0[1,75,75,6,2,0] 9.436895709313829e-16
20919 OSIM_X_c0[1,75,75,6,3,0] 2
20920 OSIM_X_c0[1,75,75,6,4,0] 4.440892098500626e-16
20921 OSIM_X_c0[1,75,75,6,5,0] -1.0000000000000002
20922 OSIM_X_c0[1,75,75,6,6,0] 2.220446049250313e-16
20923 OSIM_X_c0[1,76,76,1,1,0] 2.220446049250313e-16
20924 OSIM_X_c0[1,76,76,1,2,0] -4.440892098500626e-16
20925 OSIM_X_c0[1,76,76,1,3,0] -1.0000000000000002
20926 OSIM_X_c0[1,76,76,1,4,0] 0
20927 OSIM_X_c0[1,76,76,1,5,0] 0
20928 OSIM_X_c0[1,76,76,1,6,0] 0
20929 OSIM_X_c0[1,76,76,2,1,0] 1.0000000000000002
20930 OSIM_X_c0[1,76,76,2,2,0] 2.220446049250313e-16
20931 OSIM_X_c0[1,76,76,2,3,0] 4.440892098500626e-16
20932 OSIM_X_c0[1,76,76,2,4,0] 0
20933 OSIM_X_c0[1,76,76,2,5,0] 0
20934 OSIM_X_c0[1,76,76,2,6,0] 0
20935 OSIM_X_c0[1,76,76,3,1,0] 4.440892098500626e-16
20936 OSIM_X_c0[1,76,76,3,2,0] -1.0000000000000002
20937 OSIM_X_c0[1,76,76,3,3,0] 2.220446049250313e-16
20938 OSIM_X_c0[1,76,76,3,4,0] 0
20939 OSIM_X_c0[1,76,76,3,5,0] 0
20940 OSIM_X_c0[1,76,76,3,6,0] 0
20941 OSIM_X_c0[1,76,76,4,1,0] 5.55111512312578e-16
20942 OSIM_X_c0[1,76,76,4,2,0] -2
20943 OSIM_X_c0[1,76,76,4,3,0] 4.4408920985006237e-16
20944 OSIM_X_c0[1,76,76,4,4,0] 2.220446049250313e-16
20945 OSIM_X_c0[1,76,76,4,5,0] -4.440892098500626e-16
20946 OSIM_X_c0[1,76,76,4,6,0] -1.0000000000000002
20947 OSIM_X_c0[1,76,76,5,1,0] -1.1102230246251558e-16
20948 OSIM_X_c0[1,76,76,5,2,0] 0.25000000000000006
20949 OSIM_X_c0[1,76,76,5,3,0] -3.885780586188049e-16
20950 OSIM_X_c0[1,76,76,5,4,0] 1.0000000000000002
20951 OSIM_X_c0[1,76,76,5,5,0] 2.220446049250313e-16
20952 OSIM_X_c0[1,76,76,5,6,0] 4.440892098500626e-16
20953 OSIM_X_c0[1,76,76,6,1,0] 0.2499999999999996
20954 OSIM_X_c0[1,76,76,6,2,0] 9.436895709313829e-16
20955 OSIM_X_c0[1,76,76,6,3,0] 2
20956 OSIM_X_c0[1,76,76,6,4,0] 4.440892098500626e-16
20957 OSIM_X_c0[1,76,76,6,5,0] -1.0000000000000002
20958 OSIM_X_c0[1,76,76,6,6,0] 2.220446049250313e-16
20959 OSIM_X_c0[1,77,77,1,1,0] 2.220446049250313e-16
20960 OSIM_X_c0[1,77,77,1,2,0] -4.440892098500626e-16
20961 OSIM_X_c0[1,77,77,1,3,0] -1.0000000000000002
20962 OSIM_X_c0[1,77,77,1,4,0] 0
20963 OSIM_X_c0[1,77,77,1,5,0] 0
20964 OSIM_X_c0[1,77,77,1,6,0] 0
20965 OSIM_X_c0[1,77,77,2,1,0] 1.0000000000000002
20966 OSIM_X_c0[1,77,77,2,2,0] 2.220446049250313e-16
20967 OSIM_X_c0[1,77,77,2,3,0] 4.440892098500626e-16
20968 OSIM_X_c0[1,77,77,2,4,0] 0
20969 OSIM_X_c0[1,77,77,2,5,0] 0
20970 OSIM_X_c0[1,77,77,2,6,0] 0
20971 OSIM_X_c0[1,77,77,3,1,0] 4.440892098500626e-16
20972 OSIM_X_c0[1,77,77,3,2,0] -1.0000000000000002
20973 OSIM_X_c0[1,77,77,3,3,0] 2.220446049250313e-16
20974 OSIM_X_c0[1,77,77,3,4,0] 0
20975 OSIM_X_c0[1,77,77,3,5,0] 0
20976 OSIM_X_c0[1,77,77,3,6,0] 0
20977 OSIM_X_c0[1,77,77,4,1,0] 5.55111512312578e-16
20978 OSIM_X_c0[1,77,77,4,2,0] -2
20979 OSIM_X_c0[1,77,77,4,3,0] 4.4408920985006237e-16
20980 OSIM_X_c0[1,77,77,4,4,0] 2.220446049250313e-16
20981 OSIM_X_c0[1,77,77,4,5,0] -4.440892098500626e-16
20982 OSIM_X_c0[1,77,77,4,6,0] -1.0000000000000002
20983 OSIM_X_c0[1,77,77,5,1,0] -1.1102230246251558e-16
20984 OSIM_X_c0[1,77,77,5,2,0] 0.25000000000000006
20985 OSIM_X_c0[1,77,77,5,3,0] -3.885780586188049e-16
20986 OSIM_X_c0[1,77,77,5,4,0] 1.0000000000000002
20987 OSIM_X_c0[1,77,77,5,5,0] 2.220446049250313e-16
20988 OSIM_X_c0[1,77,77,5,6,0] 4.440892098500626e-16
20989 OSIM_X_c0[1,77,77,6,1,0] 0.2499999999999996
20990 OSIM_X_c0[1,77,77,6,2,0] 9.436895709313829e-16
20991 OSIM_X_c0[1,77,77,6,3,0] 2
20992 OSIM_X_c0[1,77,77,6,4,0] 4.440892098500626e-16
20993 OSIM_X_c0[1,77,77,6,5,0] -1.0000000000000002
20994 OSIM_X_c0[1,77,77,6,6,0] 2.220446049250313e-16
20995 OSIM_X_c0[1,78,78,1,1,0] 2.220446049250313e-16
20996 OSIM_X_c0[1,78,78,1,2,0] -4.440892098500626e-16
20997 OSIM_X_c0[1,78,78,1,3,0] -1.0000000000000002
20998 OSIM_X_c0[1,78,78,1,4,0] 0
20999 OSIM_X_c0[1,78,78,1,5,0] 0
21000 OSIM_X_c0[1,78,78,1,6,0] 0
21001 OSIM_X_c0[1,78,78,2,1,0] 1.0000000000000002
21002 OSIM_X_c0[1,78,78,2,2,0] 2.220446049250313e-16
21003 OSIM_X_c0[1,78,78,2,3,0] 4.440892098500626e-16
21004 OSIM_X_c0[1,78,78,2,4,0] 0
21005 OSIM_X_c0[1,78,78,2,5,0] 0
21006 OSIM_X_c0[1,78,78,2,6,0] 0
21007 OSIM_X_c0[1,78,78,3,1,0] 4.440892098500626e-16
21008 OSIM_X_c0[1,78,78,3,2,0] -1.0000000000000002
21009 OSIM_X_c0[1,78,78,3,3,0] 2.220446049250313e-16
21010 OSIM_X_c0[1,78,78,3,4,0] 0
21011 OSIM_X_c0[1,78,78,3,5,0] 0
21012 OSIM_X_c0[1,78,78,3,6,0] 0
21013 OSIM_X_c0[1,78,78,4,1,0] 5.55111512312578e-16
21014 OSIM_X_c0[1,78,78,4,2,0] -2
21015 OSIM_X_c0[1,78,78,4,3,0] 4.4408920985006237e-16
21016 OSIM_X_c0[1,78,78,4,4,0] 2.220446049250313e-16
21017 OSIM_X_c0[1,78,78,4,5,0] -4.440892098500626e-16
21018 OSIM_X_c0[1,78,78,4,6,0] -1.0000000000000002
21019 OSIM_X_c0[1,78,78,5,1,0] -1.1102230246251558e-16
21020 OSIM_X_c0[1,78,78,5,2,0] 0.25000000000000006
21021 OSIM_X_c0[1,78,78,5,3,0] -3.885780586188049e-16
21022 OSIM_X_c0[1,78,78,5,4,0] 1.0000000000000002
21023 OSIM_X_c0[1,78,78,5,5,0] 2.220446049250313e-16
21024 OSIM_X_c0[1,78,78,5,6,0] 4.440892098500626e-16
21025 OSIM_X_c0[1,78,78,6,1,0] 0.2499999999999996
21026 OSIM_X_c0[1,78,78,6,2,0] 9.436895709313829e-16
21027 OSIM_X_c0[1,78,78,6,3,0] 2
21028 OSIM_X_c0[1,78,78,6,4,0] 4.440892098500626e-16
21029 OSIM_X_c0[1,78,78,6,5,0] -1.0000000000000002
21030 OSIM_X_c0[1,78,78,6,6,0] 2.220446049250313e-16
21031 OSIM_X_c0[1,79,79,1,1,0] 2.220446049250313e-16
21032 OSIM_X_c0[1,79,79,1,2,0] -4.440892098500626e-16
21033 OSIM_X_c0[1,79,79,1,3,0] -1.0000000000000002
21034 OSIM_X_c0[1,79,79,1,4,0] 0
21035 OSIM_X_c0[1,79,79,1,5,0] 0
21036 OSIM_X_c0[1,79,79,1,6,0] 0
21037 OSIM_X_c0[1,79,79,2,1,0] 1.0000000000000002
21038 OSIM_X_c0[1,79,79,2,2,0] 2.220446049250313e-16
21039 OSIM_X_c0[1,79,79,2,3,0] 4.440892098500626e-16
21040 OSIM_X_c0[1,79,79,2,4,0] 0
21041 OSIM_X_c0[1,79,79,2,5,0] 0
21042 OSIM_X_c0[1,79,79,2,6,0] 0
21043 OSIM_X_c0[1,79,79,3,1,0] 4.440892098500626e-16
21044 OSIM_X_c0[1,79,79,3,2,0] -1.0000000000000002
21045 OSIM_X_c0[1,79,79,3,3,0] 2.220446049250313e-16
21046 OSIM_X_c0[1,79,79,3,4,0] 0
21047 OSIM_X_c0[1,79,79,3,5,0] 0
21048 OSIM_X_c0[1,79,79,3,6,0] 0
21049 OSIM_X_c0[1,79,79,4,1,0] 2.22044604925031e-16
21050 OSIM_X_c0[1,79,79,4,2,0] -2
21051 OSIM_X_c0[1,79,79,4,3,0] 4.4408920985006227e-16
21052 OSIM_X_c0[1,79,79,4,4,0] 2.220446049250313e-16
21053 OSIM_X_c0[1,79,79,4,5,0] -4.440892098500626e-16
21054 OSIM_X_c0[1,79,79,4,6,0] -1.0000000000000002
21055 OSIM_X_c0[1,79,79,5,1,0] 1.4791141972893971e-31
21056 OSIM_X_c0[1,79,79,5,2,0] -2.9582283945787943e-31
21057 OSIM_X_c0[1,79,79,5,3,0] -6.661338147750941e-16
21058 OSIM_X_c0[1,79,79,5,4,0] 1.0000000000000002
21059 OSIM_X_c0[1,79,79,5,5,0] 2.220446049250313e-16
21060 OSIM_X_c0[1,79,79,5,6,0] 4.440892098500626e-16
21061 OSIM_X_c0[1,79,79,6,1,0] -4.4408920985006257e-16
21062 OSIM_X_c0[1,79,79,6,2,0] 8.881784197001251e-16
21063 OSIM_X_c0[1,79,79,6,3,0] 2
21064 OSIM_X_c0[1,79,79,6,4,0] 4.440892098500626e-16
21065 OSIM_X_c0[1,79,79,6,5,0] -1.0000000000000002
21066 OSIM_X_c0[1,79,79,6,6,0] 2.220446049250313e-16
21067 OSIM_X_c0[1,80,80,1,1,0] 2.220446049250313e-16
21068 OSIM_X_c0[1,80,80,1,2,0] -4.440892098500626e-16
21069 OSIM_X_c0[1,80,80,1,3,0] -1.0000000000000002
21070 OSIM_X_c0[1,80,80,1,4,0] 0
21071 OSIM_X_c0[1,80,80,1,5,0] 0
21072 OSIM_X_c0[1,80,80,1,6,0] 0
21073 OSIM_X_c0[1,80,80,2,1,0] 1.0000000000000002
21074 OSIM_X_c0[1,80,80,2,2,0] 2.220446049250313e-16
21075 OSIM_X_c0[1,80,80,2,3,0] 4.440892098500626e-16
21076 OSIM_X_c0[1,80,80,2,4,0] 0
21077 OSIM_X_c0[1,80,80,2,5,0] 0
21078 OSIM_X_c0[1,80,80,2,6,0] 0
21079 OSIM_X_c0[1,80,80,3,1,0] 4.440892098500626e-16
21080 OSIM_X_c0[1,80,80,3,2,0] -1.0000000000000002
21081 OSIM_X_c0[1,80,80,3,3,0] 2.220446049250313e-16
21082 OSIM_X_c0[1,80,80,3,4,0] 0
21083 OSIM_X_c0[1,80,80,3,5,0] 0
21084 OSIM_X_c0[1,80,80,3,6,0] 0
21085 OSIM_X_c0[1,80,80,4,1,0] 2.22044604925031e-16
21086 OSIM_X_c0[1,80,80,4,2,0] -2
21087 OSIM_X_c0[1,80,80,4,3,0] 4.4408920985006227e-16
21088 OSIM_X_c0[1,80,80,4,4,0] 2.220446049250313e-16
21089 OSIM_X_c0[1,80,80,4,5,0] -4.440892098500626e-16
21090 OSIM_X_c0[1,80,80,4,6,0] -1.0000000000000002
21091 OSIM_X_c0[1,80,80,5,1,0] 1.4791141972893971e-31
21092 OSIM_X_c0[1,80,80,5,2,0] -2.9582283945787943e-31
21093 OSIM_X_c0[1,80,80,5,3,0] -6.661338147750941e-16
21094 OSIM_X_c0[1,80,80,5,4,0] 1.0000000000000002
21095 OSIM_X_c0[1,80,80,5,5,0] 2.220446049250313e-16
21096 OSIM_X_c0[1,80,80,5,6,0] 4.440892098500626e-16
21097 OSIM_X_c0[1,80,80,6,1,0] -4.4408920985006257e-16
21098 OSIM_X_c0[1,80,80,6,2,0] 8.881784197001251e-16
21099 OSIM_X_c0[1,80,80,6,3,0] 2
21100 OSIM_X_c0[1,80,80,6,4,0] 4.440892098500626e-16
21101 OSIM_X_c0[1,80,80,6,5,0] -1.0000000000000002
21102 OSIM_X_c0[1,80,80,6,6,0] 2.220446049250313e-16
21103 OSIM_X_c0[1,81,81,1,1,0] 2.220446049250313e-16
21104 OSIM_X_c0[1,81,81,1,2,0] -4.440892098500626e-16
21105 OSIM_X_c0[1,81,81,1,3,0] -1.0000000000000002
21106 OSIM_X_c0[1,81,81,1,4,0] 0
21107 OSIM_X_c0[1,81,81,1,5,0] 0
21108 OSIM_X_c0[1,81,81,1,6,0] 0
21109 OSIM_X_c0[1,81,81,2,1,0] 1.0000000000000002
21110 OSIM_X_c0[1,81,81,2,2,0] 2.220446049250313e-16
21111 OSIM_X_c0[1,81,81,2,3,0] 4.440892098500626e-16
21112 OSIM_X_c0[1,81,81,2,4,0] 0
21113 OSIM_X_c0[1,81,81,2,5,0] 0
21114 OSIM_X_c0[1,81,81,2,6,0] 0
21115 OSIM_X_c0[1,81,81,3,1,0] 4.440892098500626e-16
21116 OSIM_X_c0[1,81,81,3,2,0] -1.0000000000000002
21117 OSIM_X_c0[1,81,81,3,3,0] 2.220446049250313e-16
21118 OSIM_X_c0[1,81,81,3,4,0] 0
21119 OSIM_X_c0[1,81,81,3,5,0] 0
21120 OSIM_X_c0[1,81,81,3,6,0] 0
21121 OSIM_X_c0[1,81,81,4,1,0] 2.22044604925031e-16
21122 OSIM_X_c0[1,81,81,4,2,0] -2
21123 OSIM_X_c0[1,81,81,4,3,0] 4.4408920985006227e-16
21124 OSIM_X_c0[1,81,81,4,4,0] 2.220446049250313e-16
21125 OSIM_X_c0[1,81,81,4,5,0] -4.440892098500626e-16
21126 OSIM_X_c0[1,81,81,4,6,0] -1.0000000000000002
21127 OSIM_X_c0[1,81,81,5,1,0] 1.4791141972893971e-31
21128 OSIM_X_c0[1,81,81,5,2,0] -2.9582283945787943e-31
21129 OSIM_X_c0[1,81,81,5,3,0] -6.661338147750941e-16
21130 OSIM_X_c0[1,81,81,5,4,0] 1.0000000000000002
21131 OSIM_X_c0[1,81,81,5,5,0] 2.220446049250313e-16
21132 OSIM_X_c0[1,81,81,5,6,0] 4.440892098500626e-16
21133 OSIM_X_c0[1,81,81,6,1,0] -4.4408920985006257e-16
21134 OSIM_X_c0[1,81,81,6,2,0] 8.881784197001251e-16
21135 OSIM_X_c0[1,81,81,6,3,0] 2
21136 OSIM_X_c0[1,81,81,6,4,0] 4.440892098500626e-16
21137 OSIM_X_c0[1,81,81,6,5,0] -1.0000000000000002
21138 OSIM_X_c0[1,81,81,6,6,0] 2.220446049250313e-16
21139 OSIM_X_c0[1,82,82,1,1,0] 2.220446049250313e-16
21140 OSIM_X_c0[1,82,82,1,2,0] -4.440892098500626e-16
21141 OSIM_X_c0[1,82,82,1,3,0] -1.0000000000000002
21142 OSIM_X_c0[1,82,82,1,4,0] 0
21143 OSIM_X_c0[1,82,82,1,5,0] 0
21144 OSIM_X_c0[1,82,82,1,6,0] 0
21145 OSIM_X_c0[1,82,82,2,1,0] 1.0000000000000002
21146 OSIM_X_c0[1,82,82,2,2,0] 2.220446049250313e-16
21147 OSIM_X_c0[1,82,82,2,3,0] 4.440892098500626e-16
21148 OSIM_X_c0[1,82,82,2,4,0] 0
21149 OSIM_X_c0[1,82,82,2,5,0] 0
21150 OSIM_X_c0[1,82,82,2,6,0] 0
21151 OSIM_X_c0[1,82,82,3,1,0] 4.440892098500626e-16
21152 OSIM_X_c0[1,82,82,3,2,0] -1.0000000000000002
21153 OSIM_X_c0[1,82,82,3,3,0] 2.220446049250313e-16
21154 OSIM_X_c0[1,82,82,3,4,0] 0
21155 OSIM_X_c0[1,82,82,3,5,0] 0
21156 OSIM_X_c0[1,82,82,3,6,0] 0
21157 OSIM_X_c0[1,82,82,4,1,0] 2.22044604925031e-16
21158 OSIM_X_c0[1,82,82,4,2,0] -2
21159 OSIM_X_c0[1,82,82,4,3,0] 4.4408920985006227e-16
21160 OSIM_X_c0[1,82,82,4,4,0] 2.220446049250313e-16
21161 OSIM_X_c0[1,82,82,4,5,0] -4.440892098500626e-16
21162 OSIM_X_c0[1,82,82,4,6,0] -1.0000000000000002
21163 OSIM_X_c0[1,82,82,5,1,0] 1.4791141972893971e-31
21164 OSIM_X_c0[1,82,82,5,2,0] -2.9582283945787943e-31
21165 OSIM_X_c0[1,82,82,5,3,0] -6.661338147750941e-16
21166 OSIM_X_c0[1,82,82,5,4,0] 1.0000000000000002
21167 OSIM_X_c0[1,82,82,5,5,0] 2.220446049250313e-16
21168 OSIM_X_c0[1,82,82,5,6,0] 4.440892098500626e-16
21169 OSIM_X_c0[1,82,82,6,1,0] -4.4408920985006257e-16
21170 OSIM_X_c0[1,82,82,6,2,0] 8.881784197001251e-16
21171 OSIM_X_c0[1,82,82,6,3,0] 2
21172 OSIM_X_c0[1,82,82,6,4,0] 4.440892098500626e-16
21173 OSIM_X_c0[1,82,82,6,5,0] -1.0000000000000002
21174 OSIM_X_c0[1,82,82,6,6,0] 2.220446049250313e-16
21175 OSIM_X_c0[1,83,83,1,1,0] 2.220446049250313e-16
21176 OSIM_X_c0[1,83,83,1,2,0] -4.440892098500626e-16
21177 OSIM_X_c0[1,83,83,1,3,0] -1.0000000000000002
21178 OSIM_X_c0[1,83,83,1,4,0] 0
21179 OSIM_X_c0[1,83,83,1,5,0] 0
21180 OSIM_X_c0[1,83,83,1,6,0] 0
21181 OSIM_X_c0[1,83,83,2,1,0] 1.0000000000000002
21182 OSIM_X_c0[1,83,83,2,2,0] 2.220446049250313e-16
21183 OSIM_X_c0[1,83,83,2,3,0] 4.440892098500626e-16
21184 OSIM_X_c0[1,83,83,2,4,0] 0
21185 OSIM_X_c0[1,83,83,2,5,0] 0
21186 OSIM_X_c0[1,83,83,2,6,0] 0
21187 OSIM_X_c0[1,83,83,3,1,0] 4.440892098500626e-16
21188 OSIM_X_c0[1,83,83,3,2,0] -1.0000000000000002
21189 OSIM_X_c0[1,83,83,3,3,0] 2.220446049250313e-16
21190 OSIM_X_c0[1,83,83,3,4,0] 0
21191 OSIM_X_c0[1,83,83,3,5,0] 0
21192 OSIM_X_c0[1,83,83,3,6,0] 0
21193 OSIM_X_c0[1,83,83,4,1,0] 2.22044604925031e-16
21194 OSIM_X_c0[1,83,83,4,2,0] -2
21195 OSIM_X_c0[1,83,83,4,3,0] 4.4408920985006227e-16
21196 OSIM_X_c0[1,83,83,4,4,0] 2.220446049250313e-16
21197 OSIM_X_c0[1,83,83,4,5,0] -4.440892098500626e-16
21198 OSIM_X_c0[1,83,83,4,6,0] -1.0000000000000002
21199 OSIM_X_c0[1,83,83,5,1,0] 1.4791141972893971e-31
21200 OSIM_X_c0[1,83,83,5,2,0] -2.9582283945787943e-31
21201 OSIM_X_c0[1,83,83,5,3,0] -6.661338147750941e-16
21202 OSIM_X_c0[1,83,83,5,4,0] 1.0000000000000002
21203 OSIM_X_c0[1,83,83,5,5,0] 2.220446049250313e-16
21204 OSIM_X_c0[1,83,83,5,6,0] 4.440892098500626e-16
21205 OSIM_X_c0[1,83,83,6,1,0] -4.4408920985006257e-16
21206 OSIM_X_c0[1,83,83,6,2,0] 8.881784197001251e-16
21207 OSIM_X_c0[1,83,83,6,3,0] 2
21208 OSIM_X_c0[1,83,83,6,4,0] 4.440892098500626e-16
21209 OSIM_X_c0[1,83,83,6,5,0] -1.0000000000000002
21210 OSIM_X_c0[1,83,83,6,6,0] 2.220446049250313e-16
21211 OSIM_X_c0[1,84,84,1,1,0] 2.220446049250313e-16
21212 OSIM_X_c0[1,84,84,1,2,0] -4.440892098500626e-16
21213 OSIM_X_c0[1,84,84,1,3,0] -1.0000000000000002
21214 OSIM_X_c0[1,84,84,1,4,0] 0
21215 OSIM_X_c0[1,84,84,1,5,0] 0
21216 OSIM_X_c0[1,84,84,1,6,0] 0
21217 OSIM_X_c0[1,84,84,2,1,0] 1.0000000000000002
21218 OSIM_X_c0[1,84,84,2,2,0] 2.220446049250313e-16
21219 OSIM_X_c0[1,84,84,2,3,0] 4.440892098500626e-16
21220 OSIM_X_c0[1,84,84,2,4,0] 0
21221 OSIM_X_c0[1,84,84,2,5,0] 0
21222 OSIM_X_c0[1,84,84,2,6,0] 0
21223 OSIM_X_c0[1,84,84,3,1,0] 4.440892098500626e-16
21224 OSIM_X_c0[1,84,84,3,2,0] -1.0000000000000002
21225 OSIM_X_c0[1,84,84,3,3,0] 2.220446049250313e-16
21226 OSIM_X_c0[1,84,84,3,4,0] 0
21227 OSIM_X_c0[1,84,84,3,5,0] 0
21228 OSIM_X_c0[1,84,84,3,6,0] 0
21229 OSIM_X_c0[1,84,84,4,1,0] 2.22044604925031e-16
21230 OSIM_X_c0[1,84,84,4,2,0] -2
21231 OSIM_X_c0[1,84,84,4,3,0] 4.4408920985006227e-16
21232 OSIM_X_c0[1,84,84,4,4,0] 2.220446049250313e-16
21233 OSIM_X_c0[1,84,84,4,5,0] -4.440892098500626e-16
21234 OSIM_X_c0[1,84,84,4,6,0] -1.0000000000000002
21235 OSIM_X_c0[1,84,84,5,1,0] 1.4791141972893971e-31
21236 OSIM_X_c0[1,84,84,5,2,0] -2.9582283945787943e-31
21237 OSIM_X_c0[1,84,84,5,3,0] -6.661338147750941e-16
21238 OSIM_X_c0[1,84,84,5,4,0] 1.0000000000000002
21239 OSIM_X_c0[1,84,84,5,5,0] 2.220446049250313e-16
21240 OSIM_X_c0[1,84,84,5,6,0] 4.440892098500626e-16
21241 OSIM_X_c0[1,84,84,6,1,0] -4.4408920985006257e-16
21242 OSIM_X_c0[1,84,84,6,2,0] 8.881784197001251e-16
21243 OSIM_X_c0[1,84,84,6,3,0] 2
21244 OSIM_X_c0[1,84,84,6,4,0] 4.440892098500626e-16
21245 OSIM_X_c0[1,84,84,6,5,0] -1.0000000000000002
21246 OSIM_X_c0[1,84,84,6,6,0] 2.220446049250313e-16
21247 OSIM_X_c0[1,85,85,1,1,0] 2.220446049250313e-16
21248 OSIM_X_c0[1,85,85,1,2,0] -4.440892098500626e-16
21249 OSIM_X_c0[1,85,85,1,3,0] -1.0000000000000002
21250 OSIM_X_c0[1,85,85,1,4,0] 0
21251 OSIM_X_c0[1,85,85,1,5,0] 0
21252 OSIM_X_c0[1,85,85,1,6,0] 0
21253 OSIM_X_c0[1,85,85,2,1,0] 1.0000000000000002
21254 OSIM_X_c0[1,85,85,2,2,0] 2.220446049250313e-16
21255 OSIM_X_c0[1,85,85,2,3,0] 4.440892098500626e-16
21256 OSIM_X_c0[1,85,85,2,4,0] 0
21257 OSIM_X_c0[1,85,85,2,5,0] 0
21258 OSIM_X_c0[1,85,85,2,6,0] 0
21259 OSIM_X_c0[1,85,85,3,1,0] 4.440892098500626e-16
21260 OSIM_X_c0[1,85,85,3,2,0] -1.0000000000000002
21261 OSIM_X_c0[1,85,85,3,3,0] 2.220446049250313e-16
21262 OSIM_X_c0[1,85,85,3,4,0] 0
21263 OSIM_X_c0[1,85,85,3,5,0] 0
21264 OSIM_X_c0[1,85,85,3,6,0] 0
21265 OSIM_X_c0[1,85,85,4,1,0] 6.661338147750937e-16
21266 OSIM_X_c0[1,85,85,4,2,0] -2
21267 OSIM_X_c0[1,85,85,4,3,0] 4.4408920985006247e-16
21268 OSIM_X_c0[1,85,85,4,4,0] 2.220446049250313e-16
21269 OSIM_X_c0[1,85,85,4,5,0] -4.440892098500626e-16
21270 OSIM_X_c0[1,85,85,4,6,0] -1.0000000000000002
21271 OSIM_X_c0[1,85,85,5,1,0] 1.1102230246251568e-16
21272 OSIM_X_c0[1,85,85,5,2,0] -0.25
21273 OSIM_X_c0[1,85,85,5,3,0] -1.6653345369377353e-16
21274 OSIM_X_c0[1,85,85,5,4,0] 1.0000000000000002
21275 OSIM_X_c0[1,85,85,5,5,0] 2.220446049250313e-16
21276 OSIM_X_c0[1,85,85,5,6,0] 4.440892098500626e-16
21277 OSIM_X_c0[1,85,85,6,1,0] -0.25000000000000044
21278 OSIM_X_c0[1,85,85,6,2,0] 8.326672684688673e-16
21279 OSIM_X_c0[1,85,85,6,3,0] 2
21280 OSIM_X_c0[1,85,85,6,4,0] 4.440892098500626e-16
21281 OSIM_X_c0[1,85,85,6,5,0] -1.0000000000000002
21282 OSIM_X_c0[1,85,85,6,6,0] 2.220446049250313e-16
21283 OSIM_X_c0[1,86,86,1,1,0] 2.220446049250313e-16
21284 OSIM_X_c0[1,86,86,1,2,0] -4.440892098500626e-16
21285 OSIM_X_c0[1,86,86,1,3,0] -1.0000000000000002
21286 OSIM_X_c0[1,86,86,1,4,0] 0
21287 OSIM_X_c0[1,86,86,1,5,0] 0
21288 OSIM_X_c0[1,86,86,1,6,0] 0
21289 OSIM_X_c0[1,86,86,2,1,0] 1.0000000000000002
21290 OSIM_X_c0[1,86,86,2,2,0] 2.220446049250313e-16
21291 OSIM_X_c0[1,86,86,2,3,0] 4.440892098500626e-16
21292 OSIM_X_c0[1,86,86,2,4,0] 0
21293 OSIM_X_c0[1,86,86,2,5,0] 0
21294 OSIM_X_c0[1,86,86,2,6,0] 0
21295 OSIM_X_c0[1,86,86,3,1,0] 4.440892098500626e-16
21296 OSIM_X_c0[1,86,86,3,2,0] -1.0000000000000002
21297 OSIM_X_c0[1,86,86,3,3,0] 2.220446049250313e-16
21298 OSIM_X_c0[1,86,86,3,4,0] 0
21299 OSIM_X_c0[1,86,86,3,5,0] 0
21300 OSIM_X_c0[1,86,86,3,6,0] 0
21301 OSIM_X_c0[1,86,86,4,1,0] 6.661338147750937e-16
21302 OSIM_X_c0[1,86,86,4,2,0] -2
21303 OSIM_X_c0[1,86,86,4,3,0] 4.4408920985006247e-16
21304 OSIM_X_c0[1,86,86,4,4,0] 2.220446049250313e-16
21305 OSIM_X_c0[1,86,86,4,5,0] -4.440892098500626e-16
21306 OSIM_X_c0[1,86,86,4,6,0] -1.0000000000000002
21307 OSIM_X_c0[1,86,86,5,1,0] 1.1102230246251568e-16
21308 OSIM_X_c0[1,86,86,5,2,0] -0.25
21309 OSIM_X_c0[1,86,86,5,3,0] -1.6653345369377353e-16
21310 OSIM_X_c0[1,86,86,5,4,0] 1.0000000000000002
21311 OSIM_X_c0[1,86,86,5,5,0] 2.220446049250313e-16
21312 OSIM_X_c0[1,86,86,5,6,0] 4.440892098500626e-16
21313 OSIM_X_c0[1,86,86,6,1,0] -0.25000000000000044
21314 OSIM_X_c0[1,86,86,6,2,0] 8.326672684688673e-16
21315 OSIM_X_c0[1,86,86,6,3,0] 2
21316 OSIM_X_c0[1,86,86,6,4,0] 4.440892098500626e-16
21317 OSIM_X_c0[1,86,86,6,5,0] -1.0000000000000002
21318 OSIM_X_c0[1,86,86,6,6,0] 2.220446049250313e-16
21319 OSIM_X_c0[1,87,87,1,1,0] 2.220446049250313e-16
21320 OSIM_X_c0[1,87,87,1,2,0] -4.440892098500626e-16
21321 OSIM_X_c0[1,87,87,1,3,0] -1.0000000000000002
21322 OSIM_X_c0[1,87,87,1,4,0] 0
21323 OSIM_X_c0[1,87,87,1,5,0] 0
21324 OSIM_X_c0[1,87,87,1,6,0] 0
21325 OSIM_X_c0[1,87,87,2,1,0] 1.0000000000000002
21326 OSIM_X_c0[1,87,87,2,2,0] 2.220446049250313e-16
21327 OSIM_X_c0[1,87,87,2,3,0] 4.440892098500626e-16
21328 OSIM_X_c0[1,87,87,2,4,0] 0
21329 OSIM_X_c0[1,87,87,2,5,0] 0
21330 OSIM_X_c0[1,87,87,2,6,0] 0
21331 OSIM_X_c0[1,87,87,3,1,0] 4.440892098500626e-16
21332 OSIM_X_c0[1,87,87,3,2,0] -1.0000000000000002
21333 OSIM_X_c0[1,87,87,3,3,0] 2.220446049250313e-16
21334 OSIM_X_c0[1,87,87,3,4,0] 0
21335 OSIM_X_c0[1,87,87,3,5,0] 0
21336 OSIM_X_c0[1,87,87,3,6,0] 0
21337 OSIM_X_c0[1,87,87,4,1,0] 6.661338147750937e-16
21338 OSIM_X_c0[1,87,87,4,2,0] -2
21339 OSIM_X_c0[1,87,87,4,3,0] 4.4408920985006247e-16
21340 OSIM_X_c0[1,87,87,4,4,0] 2.220446049250313e-16
21341 OSIM_X_c0[1,87,87,4,5,0] -4.440892098500626e-16
21342 OSIM_X_c0[1,87,87,4,6,0] -1.0000000000000002
21343 OSIM_X_c0[1,87,87,5,1,0] 1.1102230246251568e-16
21344 OSIM_X_c0[1,87,87,5,2,0] -0.25
21345 OSIM_X_c0[1,87,87,5,3,0] -1.6653345369377353e-16
21346 OSIM_X_c0[1,87,87,5,4,0] 1.0000000000000002
21347 OSIM_X_c0[1,87,87,5,5,0] 2.220446049250313e-16
21348 OSIM_X_c0[1,87,87,5,6,0] 4.440892098500626e-16
21349 OSIM_X_c0[1,87,87,6,1,0] -0.25000000000000044
21350 OSIM_X_c0[1,87,87,6,2,0] 8.326672684688673e-16
21351 OSIM_X_c0[1,87,87,6,3,0] 2
21352 OSIM_X_c0[1,87,87,6,4,0] 4.440892098500626e-16
21353 OSIM_X_c0[1,87,87,6,5,0] -1.0000000000000002
21354 OSIM_X_c0[1,87,87,6,6,0] 2.220446049250313e-16
21355 OSIM_X_c0[1,88,88,1,1,0] 2.220446049250313e-16
21356 OSIM_X_c0[1,88,88,1,2,0] -4.440892098500626e-16
21357 OSIM_X_c0[1,88,88,1,3,0] -1.0000000000000002
21358 OSIM_X_c0[1,88,88,1,4,0] 0
21359 OSIM_X_c0[1,88,88,1,5,0] 0
21360 OSIM_X_c0[1,88,88,1,6,0] 0
21361 OSIM_X_c0[1,88,88,2,1,0] 1.0000000000000002
21362 OSIM_X_c0[1,88,88,2,2,0] 2.220446049250313e-16
21363 OSIM_X_c0[1,88,88,2,3,0] 4.440892098500626e-16
21364 OSIM_X_c0[1,88,88,2,4,0] 0
21365 OSIM_X_c0[1,88,88,2,5,0] 0
21366 OSIM_X_c0[1,88,88,2,6,0] 0
21367 OSIM_X_c0[1,88,88,3,1,0] 4.440892098500626e-16
21368 OSIM_X_c0[1,88,88,3,2,0] -1.0000000000000002
21369 OSIM_X_c0[1,88,88,3,3,0] 2.220446049250313e-16
21370 OSIM_X_c0[1,88,88,3,4,0] 0
21371 OSIM_X_c0[1,88,88,3,5,0] 0
21372 OSIM_X_c0[1,88,88,3,6,0] 0
21373 OSIM_X_c0[1,88,88,4,1,0] 6.661338147750937e-16
21374 OSIM_X_c0[1,88,88,4,2,0] -2
21375 OSIM_X_c0[1,88,88,4,3,0] 4.4408920985006247e-16
21376 OSIM_X_c0[1,88,88,4,4,0] 2.220446049250313e-16
21377 OSIM_X_c0[1,88,88,4,5,0] -4.440892098500626e-16
21378 OSIM_X_c0[1,88,88,4,6,0] -1.0000000000000002
21379 OSIM_X_c0[1,88,88,5,1,0] 1.1102230246251568e-16
21380 OSIM_X_c0[1,88,88,5,2,0] -0.25
21381 OSIM_X_c0[1,88,88,5,3,0] -1.6653345369377353e-16
21382 OSIM_X_c0[1,88,88,5,4,0] 1.0000000000000002
21383 OSIM_X_c0[1,88,88,5,5,0] 2.220446049250313e-16
21384 OSIM_X_c0[1,88,88,5,6,0] 4.440892098500626e-16
21385 OSIM_X_c0[1,88,88,6,1,0] -0.25000000000000044
21386 OSIM_X_c0[1,88,88,6,2,0] 8.326672684688673e-16
21387 OSIM_X_c0[1,88,88,6,3,0] 2
21388 OSIM_X_c0[1,88,88,6,4,0] 4.440892098500626e-16
21389 OSIM_X_c0[1,88,88,6,5,0] -1.0000000000000002
21390 OSIM_X_c0[1,88,88,6,6,0] 2.220446049250313e-16
21391 OSIM_X_c0[1,89,89,1,1,0] 2.220446049250313e-16
21392 OSIM_X_c0[1,89,89,1,2,0] -4.440892098500626e-16
21393 OSIM_X_c0[1,89,89,1,3,0] -1.0000000000000002
21394 OSIM_X_c0[1,89,89,1,4,0] 0
21395 OSIM_X_c0[1,89,89,1,5,0] 0
21396 OSIM_X_c0[1,89,89,1,6,0] 0
21397 OSIM_X_c0[1,89,89,2,1,0] 1.0000000000000002
21398 OSIM_X_c0[1,89,89,2,2,0] 2.220446049250313e-16
21399 OSIM_X_c0[1,89,89,2,3,0] 4.440892098500626e-16
21400 OSIM_X_c0[1,89,89,2,4,0] 0
21401 OSIM_X_c0[1,89,89,2,5,0] 0
21402 OSIM_X_c0[1,89,89,2,6,0] 0
21403 OSIM_X_c0[1,89,89,3,1,0] 4.440892098500626e-16
21404 OSIM_X_c0[1,89,89,3,2,0] -1.0000000000000002
21405 OSIM_X_c0[1,89,89,3,3,0] 2.220446049250313e-16
21406 OSIM_X_c0[1,89,89,3,4,0] 0
21407 OSIM_X_c0[1,89,89,3,5,0] 0
21408 OSIM_X_c0[1,89,89,3,6,0] 0
21409 OSIM_X_c0[1,89,89,4,1,0] 6.661338147750937e-16
21410 OSIM_X_c0[1,89,89,4,2,0] -2
21411 OSIM_X_c0[1,89,89,4,3,0] 4.4408920985006247e-16
21412 OSIM_X_c0[1,89,89,4,4,0] 2.220446049250313e-16
21413 OSIM_X_c0[1,89,89,4,5,0] -4.440892098500626e-16
21414 OSIM_X_c0[1,89,89,4,6,0] -1.0000000000000002
21415 OSIM_X_c0[1,89,89,5,1,0] 1.1102230246251568e-16
21416 OSIM_X_c0[1,89,89,5,2,0] -0.25
21417 OSIM_X_c0[1,89,89,5,3,0] -1.6653345369377353e-16
21418 OSIM_X_c0[1,89,89,5,4,0] 1.0000000000000002
21419 OSIM_X_c0[1,89,89,5,5,0] 2.220446049250313e-16
21420 OSIM_X_c0[1,89,89,5,6,0] 4.440892098500626e-16
21421 OSIM_X_c0[1,89,89,6,1,0] -0.25000000000000044
21422 OSIM_X_c0[1,89,89,6,2,0] 8.326672684688673e-16
21423 OSIM_X_c0[1,89,89,6,3,0] 2
21424 OSIM_X_c0[1,89,89,6,4,0] 4.440892098500626e-16
21425 OSIM_X_c0[1,89,89,6,5,0] -1.0000000000000002
21426 OSIM_X_c0[1,89,89,6,6,0] 2.220446049250313e-16
21427 OSIM_X_c0[1,90,90,1,1,0] 2.220446049250313e-16
21428 OSIM_X_c0[1,90,90,1,2,0] -4.440892098500626e-16
21429 OSIM_X_c0[1,90,90,1,3,0] -1.0000000000000002
21430 OSIM_X_c0[1,90,90,1,4,0] 0
21431 OSIM_X_c0[1,90,90,1,5,0] 0
21432 OSIM_X_c0[1,90,90,1,6,0] 0
21433 OSIM_X_c0[1,90,90,2,1,0] 1.0000000000000002
21434 OSIM_X_c0[1,90,90,2,2,0] 2.220446049250313e-16
21435 OSIM_X_c0[1,90,90,2,3,0] 4.440892098500626e-16
21436 OSIM_X_c0[1,90,90,2,4,0] 0
21437 OSIM_X_c0[1,90,90,2,5,0] 0
21438 OSIM_X_c0[1,90,90,2,6,0] 0
21439 OSIM_X_c0[1,90,90,3,1,0] 4.440892098500626e-16
21440 OSIM_X_c0[1,90,90,3,2,0] -1.0000000000000002
21441 OSIM_X_c0[1,90,90,3,3,0] 2.220446049250313e-16
21442 OSIM_X_c0[1,90,90,3,4,0] 0
21443 OSIM_X_c0[1,90,90,3,5,0] 0
21444 OSIM_X_c0[1,90,90,3,6,0] 0
21445 OSIM_X_c0[1,90,90,4,1,0] 6.661338147750937e-16
21446 OSIM_X_c0[1,90,90,4,2,0] -2
21447 OSIM_X_c0[1,90,90,4,3,0] 4.4408920985006247e-16
21448 OSIM_X_c0[1,90,90,4,4,0] 2.220446049250313e-16
21449 OSIM_X_c0[1,90,90,4,5,0] -4.440892098500626e-16
21450 OSIM_X_c0[1,90,90,4,6,0] -1.0000000000000002
21451 OSIM_X_c0[1,90,90,5,1,0] 1.1102230246251568e-16
21452 OSIM_X_c0[1,90,90,5,2,0] -0.25
21453 OSIM_X_c0[1,90,90,5,3,0] -1.6653345369377353e-16
21454 OSIM_X_c0[1,90,90,5,4,0] 1.0000000000000002
21455 OSIM_X_c0[1,90,90,5,5,0] 2.220446049250313e-16
21456 OSIM_X_c0[1,90,90,5,6,0] 4.440892098500626e-16
21457 OSIM_X_c0[1,90,90,6,1,0] -0.25000000000000044
21458 OSIM_X_c0[1,90,90,6,2,0] 8.326672684688673e-16
21459 OSIM_X_c0[1,90,90,6,3,0] 2
21460 OSIM_X_c0[1,90,90,6,4,0] 4.440892098500626e-16
21461 OSIM_X_c0[1,90,90,6,5,0] -1.0000000000000002
21462 OSIM_X_c0[1,90,90,6,6,0] 2.220446049250313e-16
21463 OSIM_X_c0[1,91,91,1,1,0] 2.220446049250313e-16
21464 OSIM_X_c0[1,91,91,1,2,0] -4.440892098500626e-16
21465 OSIM_X_c0[1,91,91,1,3,0] -1.0000000000000002
21466 OSIM_X_c0[1,91,91,1,4,0] 0
21467 OSIM_X_c0[1,91,91,1,5,0] 0
21468 OSIM_X_c0[1,91,91,1,6,0] 0
21469 OSIM_X_c0[1,91,91,2,1,0] 1.0000000000000002
21470 OSIM_X_c0[1,91,91,2,2,0] 2.220446049250313e-16
21471 OSIM_X_c0[1,91,91,2,3,0] 4.440892098500626e-16
21472 OSIM_X_c0[1,91,91,2,4,0] 0
21473 OSIM_X_c0[1,91,91,2,5,0] 0
21474 OSIM_X_c0[1,91,91,2,6,0] 0
21475 OSIM_X_c0[1,91,91,3,1,0] 4.440892098500626e-16
21476 OSIM_X_c0[1,91,91,3,2,0] -1.0000000000000002
21477 OSIM_X_c0[1,91,91,3,3,0] 2.220446049250313e-16
21478 OSIM_X_c0[1,91,91,3,4,0] 0
21479 OSIM_X_c0[1,91,91,3,5,0] 0
21480 OSIM_X_c0[1,91,91,3,6,0] 0
21481 OSIM_X_c0[1,91,91,4,1,0] 6.661338147750939e-16
21482 OSIM_X_c0[1,91,91,4,2,0] -2.0000000000000004
21483 OSIM_X_c0[1,91,91,4,3,0] 4.440892098500625e-16
21484 OSIM_X_c0[1,91,91,4,4,0] 2.220446049250313e-16
21485 OSIM_X_c0[1,91,91,4,5,0] -4.440892098500626e-16
21486 OSIM_X_c0[1,91,91,4,6,0] -1.0000000000000002
21487 OSIM_X_c0[1,91,91,5,1,0] 2.220446049250313e-16
21488 OSIM_X_c0[1,91,91,5,2,0] -0.5
21489 OSIM_X_c0[1,91,91,5,3,0] -1.1102230246251573e-16
21490 OSIM_X_c0[1,91,91,5,4,0] 1.0000000000000002
21491 OSIM_X_c0[1,91,91,5,5,0] 2.220446049250313e-16
21492 OSIM_X_c0[1,91,91,5,6,0] 4.440892098500626e-16
21493 OSIM_X_c0[1,91,91,6,1,0] -0.5000000000000004
21494 OSIM_X_c0[1,91,91,6,2,0] 7.771561172376096e-16
21495 OSIM_X_c0[1,91,91,6,3,0] 2.0000000000000004
21496 OSIM_X_c0[1,91,91,6,4,0] 4.440892098500626e-16
21497 OSIM_X_c0[1,91,91,6,5,0] -1.0000000000000002
21498 OSIM_X_c0[1,91,91,6,6,0] 2.220446049250313e-16
21499 OSIM_X_c0[1,92,92,1,1,0] 2.220446049250313e-16
21500 OSIM_X_c0[1,92,92,1,2,0] -4.440892098500626e-16
21501 OSIM_X_c0[1,92,92,1,3,0] -1.0000000000000002
21502 OSIM_X_c0[1,92,92,1,4,0] 0
21503 OSIM_X_c0[1,92,92,1,5,0] 0
21504 OSIM_X_c0[1,92,92,1,6,0] 0
21505 OSIM_X_c0[1,92,92,2,1,0] 1.0000000000000002
21506 OSIM_X_c0[1,92,92,2,2,0] 2.220446049250313e-16
21507 OSIM_X_c0[1,92,92,2,3,0] 4.440892098500626e-16
21508 OSIM_X_c0[1,92,92,2,4,0] 0
21509 OSIM_X_c0[1,92,92,2,5,0] 0
21510 OSIM_X_c0[1,92,92,2,6,0] 0
21511 OSIM_X_c0[1,92,92,3,1,0] 4.440892098500626e-16
21512 OSIM_X_c0[1,92,92,3,2,0] -1.0000000000000002
21513 OSIM_X_c0[1,92,92,3,3,0] 2.220446049250313e-16
21514 OSIM_X_c0[1,92,92,3,4,0] 0
21515 OSIM_X_c0[1,92,92,3,5,0] 0
21516 OSIM_X_c0[1,92,92,3,6,0] 0
21517 OSIM_X_c0[1,92,92,4,1,0] 6.661338147750939e-16
21518 OSIM_X_c0[1,92,92,4,2,0] -2.0000000000000004
21519 OSIM_X_c0[1,92,92,4,3,0] 4.440892098500625e-16
21520 OSIM_X_c0[1,92,92,4,4,0] 2.220446049250313e-16
21521 OSIM_X_c0[1,92,92,4,5,0] -4.440892098500626e-16
21522 OSIM_X_c0[1,92,92,4,6,0] -1.0000000000000002
21523 OSIM_X_c0[1,92,92,5,1,0] 2.220446049250313e-16
21524 OSIM_X_c0[1,92,92,5,2,0] -0.5
21525 OSIM_X_c0[1,92,92,5,3,0] -1.1102230246251573e-16
21526 OSIM_X_c0[1,92,92,5,4,0] 1.0000000000000002
21527 OSIM_X_c0[1,92,92,5,5,0] 2.220446049250313e-16
21528 OSIM_X_c0[1,92,92,5,6,0] 4.440892098500626e-16
21529 OSIM_X_c0[1,92,92,6,1,0] -0.5000000000000004
21530 OSIM_X_c0[1,92,92,6,2,0] 7.771561172376096e-16
21531 OSIM_X_c0[1,92,92,6,3,0] 2.0000000000000004
21532 OSIM_X_c0[1,92,92,6,4,0] 4.440892098500626e-16
21533 OSIM_X_c0[1,92,92,6,5,0] -1.0000000000000002
21534 OSIM_X_c0[1,92,92,6,6,0] 2.220446049250313e-16
21535 OSIM_X_c0[1,93,93,1,1,0] 2.220446049250313e-16
21536 OSIM_X_c0[1,93,93,1,2,0] -4.440892098500626e-16
21537 OSIM_X_c0[1,93,93,1,3,0] -1.0000000000000002
21538 OSIM_X_c0[1,93,93,1,4,0] 0
21539 OSIM_X_c0[1,93,93,1,5,0] 0
21540 OSIM_X_c0[1,93,93,1,6,0] 0
21541 OSIM_X_c0[1,93,93,2,1,0] 1.0000000000000002
21542 OSIM_X_c0[1,93,93,2,2,0] 2.220446049250313e-16
21543 OSIM_X_c0[1,93,93,2,3,0] 4.440892098500626e-16
21544 OSIM_X_c0[1,93,93,2,4,0] 0
21545 OSIM_X_c0[1,93,93,2,5,0] 0
21546 OSIM_X_c0[1,93,93,2,6,0] 0
21547 OSIM_X_c0[1,93,93,3,1,0] 4.440892098500626e-16
21548 OSIM_X_c0[1,93,93,3,2,0] -1.0000000000000002
21549 OSIM_X_c0[1,93,93,3,3,0] 2.220446049250313e-16
21550 OSIM_X_c0[1,93,93,3,4,0] 0
21551 OSIM_X_c0[1,93,93,3,5,0] 0
21552 OSIM_X_c0[1,93,93,3,6,0] 0
21553 OSIM_X_c0[1,93,93,4,1,0] 6.661338147750939e-16
21554 OSIM_X_c0[1,93,93,4,2,0] -2.0000000000000004
21555 OSIM_X_c0[1,93,93,4,3,0] 4.440892098500625e-16
21556 OSIM_X_c0[1,93,93,4,4,0] 2.220446049250313e-16
21557 OSIM_X_c0[1,93,93,4,5,0] -4.440892098500626e-16
21558 OSIM_X_c0[1,93,93,4,6,0] -1.0000000000000002
21559 OSIM_X_c0[1,93,93,5,1,0] 2.220446049250313e-16
21560 OSIM_X_c0[1,93,93,5,2,0] -0.5
21561 OSIM_X_c0[1,93,93,5,3,0] -1.1102230246251573e-16
21562 OSIM_X_c0[1,93,93,5,4,0] 1.0000000000000002
21563 OSIM_X_c0[1,93,93,5,5,0] 2.220446049250313e-16
21564 OSIM_X_c0[1,93,93,5,6,0] 4.440892098500626e-16
21565 OSIM_X_c0[1,93,93,6,1,0] -0.5000000000000004
21566 OSIM_X_c0[1,93,93,6,2,0] 7.771561172376096e-16
21567 OSIM_X_c0[1,93,93,6,3,0] 2.0000000000000004
21568 OSIM_X_c0[1,93,93,6,4,0] 4.440892098500626e-16
21569 OSIM_X_c0[1,93,93,6,5,0] -1.0000000000000002
21570 OSIM_X_c0[1,93,93,6,6,0] 2.220446049250313e-16
21571 OSIM_X_c0[1,94,94,1,1,0] 2.220446049250313e-16
21572 OSIM_X_c0[1,94,94,1,2,0] -4.440892098500626e-16
21573 OSIM_X_c0[1,94,94,1,3,0] -1.0000000000000002
21574 OSIM_X_c0[1,94,94,1,4,0] 0
21575 OSIM_X_c0[1,94,94,1,5,0] 0
21576 OSIM_X_c0[1,94,94,1,6,0] 0
21577 OSIM_X_c0[1,94,94,2,1,0] 1.0000000000000002
21578 OSIM_X_c0[1,94,94,2,2,0] 2.220446049250313e-16
21579 OSIM_X_c0[1,94,94,2,3,0] 4.440892098500626e-16
21580 OSIM_X_c0[1,94,94,2,4,0] 0
21581 OSIM_X_c0[1,94,94,2,5,0] 0
21582 OSIM_X_c0[1,94,94,2,6,0] 0
21583 OSIM_X_c0[1,94,94,3,1,0] 4.440892098500626e-16
21584 OSIM_X_c0[1,94,94,3,2,0] -1.0000000000000002
21585 OSIM_X_c0[1,94,94,3,3,0] 2.220446049250313e-16
21586 OSIM_X_c0[1,94,94,3,4,0] 0
21587 OSIM_X_c0[1,94,94,3,5,0] 0
21588 OSIM_X_c0[1,94,94,3,6,0] 0
21589 OSIM_X_c0[1,94,94,4,1,0] 6.661338147750939e-16
21590 OSIM_X_c0[1,94,94,4,2,0] -2.0000000000000004
21591 OSIM_X_c0[1,94,94,4,3,0] 4.440892098500625e-16
21592 OSIM_X_c0[1,94,94,4,4,0] 2.220446049250313e-16
21593 OSIM_X_c0[1,94,94,4,5,0] -4.440892098500626e-16
21594 OSIM_X_c0[1,94,94,4,6,0] -1.0000000000000002
21595 OSIM_X_c0[1,94,94,5,1,0] 2.220446049250313e-16
21596 OSIM_X_c0[1,94,94,5,2,0] -0.5
21597 OSIM_X_c0[1,94,94,5,3,0] -1.1102230246251573e-16
21598 OSIM_X_c0[1,94,94,5,4,0] 1.0000000000000002
21599 OSIM_X_c0[1,94,94,5,5,0] 2.220446049250313e-16
21600 OSIM_X_c0[1,94,94,5,6,0] 4.440892098500626e-16
21601 OSIM_X_c0[1,94,94,6,1,0] -0.5000000000000004
21602 OSIM_X_c0[1,94,94,6,2,0] 7.771561172376096e-16
21603 OSIM_X_c0[1,94,94,6,3,0] 2.0000000000000004
21604 OSIM_X_c0[1,94,94,6,4,0] 4.440892098500626e-16
21605 OSIM_X_c0[1,94,94,6,5,0] -1.0000000000000002
21606 OSIM_X_c0[1,94,94,6,6,0] 2.220446049250313e-16
21607 OSIM_X_c0[1,95,95,1,1,0] 2.220446049250313e-16
21608 OSIM_X_c0[1,95,95,1,2,0] -4.440892098500626e-16
21609 OSIM_X_c0[1,95,95,1,3,0] -1.0000000000000002
21610 OSIM_X_c0[1,95,95,1,4,0] 0
21611 OSIM_X_c0[1,95,95,1,5,0] 0
21612 OSIM_X_c0[1,95,95,1,6,0] 0
21613 OSIM_X_c0[1,95,95,2,1,0] 1.0000000000000002
21614 OSIM_X_c0[1,95,95,2,2,0] 2.220446049250313e-16
21615 OSIM_X_c0[1,95,95,2,3,0] 4.440892098500626e-16
21616 OSIM_X_c0[1,95,95,2,4,0] 0
21617 OSIM_X_c0[1,95,95,2,5,0] 0
21618 OSIM_X_c0[1,95,95,2,6,0] 0
21619 OSIM_X_c0[1,95,95,3,1,0] 4.440892098500626e-16
21620 OSIM_X_c0[1,95,95,3,2,0] -1.0000000000000002
21621 OSIM_X_c0[1,95,95,3,3,0] 2.220446049250313e-16
21622 OSIM_X_c0[1,95,95,3,4,0] 0
21623 OSIM_X_c0[1,95,95,3,5,0] 0
21624 OSIM_X_c0[1,95,95,3,6,0] 0
21625 OSIM_X_c0[1,95,95,4,1,0] 6.661338147750939e-16
21626 OSIM_X_c0[1,95,95,4,2,0] -2.0000000000000004
21627 OSIM_X_c0[1,95,95,4,3,0] 4.440892098500625e-16
21628 OSIM_X_c0[1,95,95,4,4,0] 2.220446049250313e-16
21629 OSIM_X_c0[1,95,95,4,5,0] -4.440892098500626e-16
21630 OSIM_X_c0[1,95,95,4,6,0] -1.0000000000000002
21631 OSIM_X_c0[1,95,95,5,1,0] 2.220446049250313e-16
21632 OSIM_X_c0[1,95,95,5,2,0] -0.5
21633 OSIM_X_c0[1,95,95,5,3,0] -1.1102230246251573e-16
21634 OSIM_X_c0[1,95,95,5,4,0] 1.0000000000000002
21635 OSIM_X_c0[1,95,95,5,5,0] 2.220446049250313e-16
21636 OSIM_X_c0[1,95,95,5,6,0] 4.440892098500626e-16
21637 OSIM_X_c0[1,95,95,6,1,0] -0.5000000000000004
21638 OSIM_X_c0[1,95,95,6,2,0] 7.771561172376096e-16
21639 OSIM_X_c0[1,95,95,6,3,0] 2.0000000000000004
21640 OSIM_X_c0[1,95,95,6,4,0] 4.440892098500626e-16
21641 OSIM_X_c0[1,95,95,6,5,0] -1.0000000000000002
21642 OSIM_X_c0[1,95,95,6,6,0] 2.220446049250313e-16
21643 OSIM_X_c0[1,96,96,1,1,0] 2.220446049250313e-16
21644 OSIM_X_c0[1,96,96,1,2,0] -4.440892098500626e-16
21645 OSIM_X_c0[1,96,96,1,3,0] -1.0000000000000002
21646 OSIM_X_c0[1,96,96,1,4,0] 0
21647 OSIM_X_c0[1,96,96,1,5,0] 0
21648 OSIM_X_c0[1,96,96,1,6,0] 0
21649 OSIM_X_c0[1,96,96,2,1,0] 1.0000000000000002
21650 OSIM_X_c0[1,96,96,2,2,0] 2.220446049250313e-16
21651 OSIM_X_c0[1,96,96,2,3,0] 4.440892098500626e-16
21652 OSIM_X_c0[1,96,96,2,4,0] 0
21653 OSIM_X_c0[1,96,96,2,5,0] 0
21654 OSIM_X_c0[1,96,96,2,6,0] 0
21655 OSIM_X_c0[1,96,96,3,1,0] 4.440892098500626e-16
21656 OSIM_X_c0[1,96,96,3,2,0] -1.0000000000000002
21657 OSIM_X_c0[1,96,96,3,3,0] 2.220446049250313e-16
21658 OSIM_X_c0[1,96,96,3,4,0] 0
21659 OSIM_X_c0[1,96,96,3,5,0] 0
21660 OSIM_X_c0[1,96,96,3,6,0] 0
21661 OSIM_X_c0[1,96,96,4,1,0] 6.661338147750939e-16
21662 OSIM_X_c0[1,96,96,4,2,0] -2.0000000000000004
21663 OSIM_X_c0[1,96,96,4,3,0] 4.440892098500625e-16
21664 OSIM_X_c0[1,96,96,4,4,0] 2.220446049250313e-16
21665 OSIM_X_c0[1,96,96,4,5,0] -4.440892098500626e-16
21666 OSIM_X_c0[1,96,96,4,6,0] -1.0000000000000002
21667 OSIM_X_c0[1,96,96,5,1,0] 2.220446049250313e-16
21668 OSIM_X_c0[1,96,96,5,2,0] -0.5
21669 OSIM_X_c0[1,96,96,5,3,0] -1.1102230246251573e-16
21670 OSIM_X_c0[1,96,96,5,4,0] 1.0000000000000002
21671 OSIM_X_c0[1,96,96,5,5,0] 2.220446049250313e-16
21672 OSIM_X_c0[1,96,96,5,6,0] 4.440892098500626e-16
21673 OSIM_X_c0[1,96,96,6,1,0] -0.5000000000000004
21674 OSIM_X_c0[1,96,96,6,2,0] 7.771561172376096e-16
21675 OSIM_X_c0[1,96,96,6,3,0] 2.0000000000000004
21676 OSIM_X_c0[1,96,96,6,4,0] 4.440892098500626e-16
21677 OSIM_X_c0[1,96,96,6,5,0] -1.0000000000000002
21678 OSIM_X_c0[1,96,96,6,6,0] 2.220446049250313e-16
21679 OSIM_X_c0[1,97,97,1,1,0] 2.220446049250313e-16
21680 OSIM_X_c0[1,97,97,1,2,0] -4.440892098500626e-16
21681 OSIM_X_c0[1,97,97,1,3,0] -1.0000000000000002
21682 OSIM_X_c0[1,97,97,1,4,0] 0
21683 OSIM_X_c0[1,97,97,1,5,0] 0
21684 OSIM_X_c0[1,97,97,1,6,0] 0
21685 OSIM_X_c0[1,97,97,2,1,0] 1.0000000000000002
21686 OSIM_X_c0[1,97,97,2,2,0] 2.220446049250313e-16
21687 OSIM_X_c0[1,97,97,2,3,0] 4.440892098500626e-16
21688 OSIM_X_c0[1,97,97,2,4,0] 0
21689 OSIM_X_c0[1,97,97,2,5,0] 0
21690 OSIM_X_c0[1,97,97,2,6,0] 0
21691 OSIM_X_c0[1,97,97,3,1,0] 4.440892098500626e-16
21692 OSIM_X_c0[1,97,97,3,2,0] -1.0000000000000002
21693 OSIM_X_c0[1,97,97,3,3,0] 2.220446049250313e-16
21694 OSIM_X_c0[1,97,97,3,4,0] 0
21695 OSIM_X_c0[1,97,97,3,5,0] 0
21696 OSIM_X_c0[1,97,97,3,6,0] 0
21697 OSIM_X_c0[1,97,97,4,1,0] 8.881784197001254e-16
21698 OSIM_X_c0[1,97,97,4,2,0] -2.000000000000001
21699 OSIM_X_c0[1,97,97,4,3,0] 4.440892098500627e-16
21700 OSIM_X_c0[1,97,97,4,4,0] 2.220446049250313e-16
21701 OSIM_X_c0[1,97,97,4,5,0] -4.440892098500626e-16
21702 OSIM_X_c0[1,97,97,4,6,0] -1.0000000000000002
21703 OSIM_X_c0[1,97,97,5,1,0] 3.3306690738754706e-16
21704 OSIM_X_c0[1,97,97,5,2,0] -0.7500000000000004
21705 OSIM_X_c0[1,97,97,5,3,0] 1.6653345369377353e-16
21706 OSIM_X_c0[1,97,97,5,4,0] 1.0000000000000002
21707 OSIM_X_c0[1,97,97,5,5,0] 2.220446049250313e-16
21708 OSIM_X_c0[1,97,97,5,6,0] 4.440892098500626e-16
21709 OSIM_X_c0[1,97,97,6,1,0] -0.7500000000000009
21710 OSIM_X_c0[1,97,97,6,2,0] 7.216449660063519e-16
21711 OSIM_X_c0[1,97,97,6,3,0] 2.0000000000000004
21712 OSIM_X_c0[1,97,97,6,4,0] 4.440892098500626e-16
21713 OSIM_X_c0[1,97,97,6,5,0] -1.0000000000000002
21714 OSIM_X_c0[1,97,97,6,6,0] 2.220446049250313e-16
21715 OSIM_X_c0[1,98,98,1,1,0] 2.220446049250313e-16
21716 OSIM_X_c0[1,98,98,1,2,0] -4.440892098500626e-16
21717 OSIM_X_c0[1,98,98,1,3,0] -1.0000000000000002
21718 OSIM_X_c0[1,98,98,1,4,0] 0
21719 OSIM_X_c0[1,98,98,1,5,0] 0
21720 OSIM_X_c0[1,98,98,1,6,0] 0
21721 OSIM_X_c0[1,98,98,2,1,0] 1.0000000000000002
21722 OSIM_X_c0[1,98,98,2,2,0] 2.220446049250313e-16
21723 OSIM_X_c0[1,98,98,2,3,0] 4.440892098500626e-16
21724 OSIM_X_c0[1,98,98,2,4,0] 0
21725 OSIM_X_c0[1,98,98,2,5,0] 0
21726 OSIM_X_c0[1,98,98,2,6,0] 0
21727 OSIM_X_c0[1,98,98,3,1,0] 4.440892098500626e-16
21728 OSIM_X_c0[1,98,98,3,2,0] -1.0000000000000002
21729 OSIM_X_c0[1,98,98,3,3,0] 2.220446049250313e-16
21730 OSIM_X_c0[1,98,98,3,4,0] 0
21731 OSIM_X_c0[1,98,98,3,5,0] 0
21732 OSIM_X_c0[1,98,98,3,6,0] 0
21733 OSIM_X_c0[1,98,98,4,1,0] 8.881784197001254e-16
21734 OSIM_X_c0[1,98,98,4,2,0] -2.000000000000001
21735 OSIM_X_c0[1,98,98,4,3,0] 4.440892098500627e-16
21736 OSIM_X_c0[1,98,98,4,4,0] 2.220446049250313e-16
21737 OSIM_X_c0[1,98,98,4,5,0] -4.440892098500626e-16
21738 OSIM_X_c0[1,98,98,4,6,0] -1.0000000000000002
21739 OSIM_X_c0[1,98,98,5,1,0] 3.3306690738754706e-16
21740 OSIM_X_c0[1,98,98,5,2,0] -0.7500000000000004
21741 OSIM_X_c0[1,98,98,5,3,0] 1.6653345369377353e-16
21742 OSIM_X_c0[1,98,98,5,4,0] 1.0000000000000002
21743 OSIM_X_c0[1,98,98,5,5,0] 2.220446049250313e-16
21744 OSIM_X_c0[1,98,98,5,6,0] 4.440892098500626e-16
21745 OSIM_X_c0[1,98,98,6,1,0] -0.7500000000000009
21746 OSIM_X_c0[1,98,98,6,2,0] 7.216449660063519e-16
21747 OSIM_X_c0[1,98,98,6,3,0] 2.0000000000000004
21748 OSIM_X_c0[1,98,98,6,4,0] 4.440892098500626e-16
21749 OSIM_X_c0[1,98,98,6,5,0] -1.0000000000000002
21750 OSIM_X_c0[1,98,98,6,6,0] 2.220446049250313e-16
21751 OSIM_X_c0[1,99,99,1,1,0] 2.220446049250313e-16
21752 OSIM_X_c0[1,99,99,1,2,0] -4.440892098500626e-16
21753 OSIM_X_c0[1,99,99,1,3,0] -1.0000000000000002
21754 OSIM_X_c0[1,99,99,1,4,0] 0
21755 OSIM_X_c0[1,99,99,1,5,0] 0
21756 OSIM_X_c0[1,99,99,1,6,0] 0
21757 OSIM_X_c0[1,99,99,2,1,0] 1.0000000000000002
21758 OSIM_X_c0[1,99,99,2,2,0] 2.220446049250313e-16
21759 OSIM_X_c0[1,99,99,2,3,0] 4.440892098500626e-16
21760 OSIM_X_c0[1,99,99,2,4,0] 0
21761 OSIM_X_c0[1,99,99,2,5,0] 0
21762 OSIM_X_c0[1,99,99,2,6,0] 0
21763 OSIM_X_c0[1,99,99,3,1,0] 4.440892098500626e-16
21764 OSIM_X_c0[1,99,99,3,2,0] -1.0000000000000002
21765 OSIM_X_c0[1,99,99,3,3,0] 2.220446049250313e-16
21766 OSIM_X_c0[1,99,99,3,4,0] 0
21767 OSIM_X_c0[1,99,99,3,5,0] 0
21768 OSIM_X_c0[1,99,99,3,6,0] 0
21769 OSIM_X_c0[1,99,99,4,1,0] 8.881784197001254e-16
21770 OSIM_X_c0[1,99,99,4,2,0] -2.000000000000001
21771 OSIM_X_c0[1,99,99,4,3,0] 4.440892098500627e-16
21772 OSIM_X_c0[1,99,99,4,4,0] 2.220446049250313e-16
21773 OSIM_X_c0[1,99,99,4,5,0] -4.440892098500626e-16
21774 OSIM_X_c0[1,99,99,4,6,0] -1.0000000000000002
21775 OSIM_X_c0[1,99,99,5,1,0] 3.3306690738754706e-16
21776 OSIM_X_c0[1,99,99,5,2,0] -0.7500000000000004
21777 OSIM_X_c0[1,99,99,5,3,0] 1.6653345369377353e-16
21778 OSIM_X_c0[1,99,99,5,4,0] 1.0000000000000002
21779 OSIM_X_c0[1,99,99,5,5,0] 2.220446049250313e-16
21780 OSIM_X_c0[1,99,99,5,6,0] 4.440892098500626e-16
21781 OSIM_X_c0[1,99,99,6,1,0] -0.7500000000000009
21782 OSIM_X_c0[1,99,99,6,2,0] 7.216449660063519e-16
21783 OSIM_X_c0[1,99,99,6,3,0] 2.0000000000000004
21784 OSIM_X_c0[1,99,99,6,4,0] 4.440892098500626e-16
21785 OSIM_X_c0[1,99,99,6,5,0] -1.0000000000000002
21786 OSIM_X_c0[1,99,99,6,6,0] 2.220446049250313e-16
21787 OSIM_X_c0[1,100,100,1,1,0] 2.220446049250313e-16
21788 OSIM_X_c0[1,100,100,1,2,0] -4.440892098500626e-16
21789 OSIM_X_c0[1,100,100,1,3,0] -1.0000000000000002
21790 OSIM_X_c0[1,100,100,1,4,0] 0
21791 OSIM_X_c0[1,100,100,1,5,0] 0
21792 OSIM_X_c0[1,100,100,1,6,0] 0
21793 OSIM_X_c0[1,100,100,2,1,0] 1.0000000000000002
21794 OSIM_X_c0[1,100,100,2,2,0] 2.220446049250313e-16
21795 OSIM_X_c0[1,100,100,2,3,0] 4.440892098500626e-16
21796 OSIM_X_c0[1,100,100,2,4,0] 0
21797 OSIM_X_c0[1,100,100,2,5,0] 0
21798 OSIM_X_c0[1,100,100,2,6,0] 0
21799 OSIM_X_c0[1,100,100,3,1,0] 4.440892098500626e-16
21800 OSIM_X_c0[1,100,100,3,2,0] -1.0000000000000002
21801 OSIM_X_c0[1,100,100,3,3,0] 2.220446049250313e-16
21802 OSIM_X_c0[1,100,100,3,4,0] 0
21803 OSIM_X_c0[1,100,100,3,5,0] 0
21804 OSIM_X_c0[1,100,100,3,6,0] 0
21805 OSIM_X_c0[1,100,100,4,1,0] 8.881784197001254e-16
21806 OSIM_X_c0[1,100,100,4,2,0] -2.000000000000001
21807 OSIM_X_c0[1,100,100,4,3,0] 4.440892098500627e-16
21808 OSIM_X_c0[1,100,100,4,4,0] 2.220446049250313e-16
21809 OSIM_X_c0[1,100,100,4,5,0] -4.440892098500626e-16
21810 OSIM_X_c0[1,100,100,4,6,0] -1.0000000000000002
21811 OSIM_X_c0[1,100,100,5,1,0] 3.3306690738754706e-16
21812 OSIM_X_c0[1,100,100,5,2,0] -0.7500000000000004
21813 OSIM_X_c0[1,100,100,5,3,0] 1.6653345369377353e-16
21814 OSIM_X_c0[1,100,100,5,4,0] 1.0000000000000002
21815 OSIM_X_c0[1,100,100,5,5,0] 2.220446049250313e-16
21816 OSIM_X_c0[1,100,100,5,6,0] 4.440892098500626e-16
21817 OSIM_X_c0[1,100,100,6,1,0] -0.7500000000000009
21818 OSIM_X_c0[1,100,100,6,2,0] 7.216449660063519e-16
21819 OSIM_X_c0[1,100,100,6,3,0] 2.0000000000000004
21820 OSIM_X_c0[1,100,100,6,4,0] 4.440892098500626e-16
21821 OSIM_X_c0[1,100,100,6,5,0] -1.0000000000000002
21822 OSIM_X_c0[1,100,100,6,6,0] 2.220446049250313e-16
21823 OSIM_X_c0[1,101,101,1,1,0] 2.220446049250313e-16
21824 OSIM_X_c0[1,101,101,1,2,0] -4.440892098500626e-16
21825 OSIM_X_c0[1,101,101,1,3,0] -1.0000000000000002
21826 OSIM_X_c0[1,101,101,1,4,0] 0
21827 OSIM_X_c0[1,101,101,1,5,0] 0
21828 OSIM_X_c0[1,101,101,1,6,0] 0
21829 OSIM_X_c0[1,101,101,2,1,0] 1.0000000000000002
21830 OSIM_X_c0[1,101,101,2,2,0] 2.220446049250313e-16
21831 OSIM_X_c0[1,101,101,2,3,0] 4.440892098500626e-16
21832 OSIM_X_c0[1,101,101,2,4,0] 0
21833 OSIM_X_c0[1,101,101,2,5,0] 0
21834 OSIM_X_c0[1,101,101,2,6,0] 0
21835 OSIM_X_c0[1,101,101,3,1,0] 4.440892098500626e-16
21836 OSIM_X_c0[1,101,101,3,2,0] -1.0000000000000002
21837 OSIM_X_c0[1,101,101,3,3,0] 2.220446049250313e-16
21838 OSIM_X_c0[1,101,101,3,4,0] 0
21839 OSIM_X_c0[1,101,101,3,5,0] 0
21840 OSIM_X_c0[1,101,101,3,6,0] 0
21841 OSIM_X_c0[1,101,101,4,1,0] 8.881784197001254e-16
21842 OSIM_X_c0[1,101,101,4,2,0] -2.000000000000001
21843 OSIM_X_c0[1,101,101,4,3,0] 4.440892098500627e-16
21844 OSIM_X_c0[1,101,101,4,4,0] 2.220446049250313e-16
21845 OSIM_X_c0[1,101,101,4,5,0] -4.440892098500626e-16
21846 OSIM_X_c0[1,101,101,4,6,0] -1.0000000000000002
21847 OSIM_X_c0[1,101,101,5,1,0] 3.3306690738754706e-16
21848 OSIM_X_c0[1,101,101,5,2,0] -0.7500000000000004
21849 OSIM_X_c0[1,101,101,5,3,0] 1.6653345369377353e-16
21850 OSIM_X_c0[1,101,101,5,4,0] 1.0000000000000002
21851 OSIM_X_c0[1,101,101,5,5,0] 2.220446049250313e-16
21852 OSIM_X_c0[1,101,101,5,6,0] 4.440892098500626e-16
21853 OSIM_X_c0[1,101,101,6,1,0] -0.7500000000000009
21854 OSIM_X_c0[1,101,101,6,2,0] 7.216449660063519e-16
21855 OSIM_X_c0[1,101,101,6,3,0] 2.0000000000000004
21856 OSIM_X_c0[1,101,101,6,4,0] 4.440892098500626e-16
21857 OSIM_X_c0[1,101,101,6,5,0] -1.0000000000000002
21858 OSIM_X_c0[1,101,101,6,6,0] 2.220446049250313e-16
21859 OSIM_X_c0[1,102,102,1,1,0] 2.220446049250313e-16
21860 OSIM_X_c0[1,102,102,1,2,0] -4.440892098500626e-16
21861 OSIM_X_c0[1,102,102,1,3,0] -1.0000000000000002
21862 OSIM_X_c0[1,102,102,1,4,0] 0
21863 OSIM_X_c0[1,102,102,1,5,0] 0
21864 OSIM_X_c0[1,102,102,1,6,0] 0
21865 OSIM_X_c0[1,102,102,2,1,0] 1.0000000000000002
21866 OSIM_X_c0[1,102,102,2,2,0] 2.220446049250313e-16
21867 OSIM_X_c0[1,102,102,2,3,0] 4.440892098500626e-16
21868 OSIM_X_c0[1,102,102,2,4,0] 0
21869 OSIM_X_c0[1,102,102,2,5,0] 0
21870 OSIM_X_c0[1,102,102,2,6,0] 0
21871 OSIM_X_c0[1,102,102,3,1,0] 4.440892098500626e-16
21872 OSIM_X_c0[1,102,102,3,2,0] -1.0000000000000002
21873 OSIM_X_c0[1,102,102,3,3,0] 2.220446049250313e-16
21874 OSIM_X_c0[1,102,102,3,4,0] 0
21875 OSIM_X_c0[1,102,102,3,5,0] 0
21876 OSIM_X_c0[1,102,102,3,6,0] 0
21877 OSIM_X_c0[1,102,102,4,1,0] 8.881784197001254e-16
21878 OSIM_X_c0[1,102,102,4,2,0] -2.000000000000001
21879 OSIM_X_c0[1,102,102,4,3,0] 4.440892098500627e-16
21880 OSIM_X_c0[1,102,102,4,4,0] 2.220446049250313e-16
21881 OSIM_X_c0[1,102,102,4,5,0] -4.440892098500626e-16
21882 OSIM_X_c0[1,102,102,4,6,0] -1.0000000000000002
21883 OSIM_X_c0[1,102,102,5,1,0] 3.3306690738754706e-16
21884 OSIM_X_c0[1,102,102,5,2,0] -0.7500000000000004
21885 OSIM_X_c0[1,102,102,5,3,0] 1.6653345369377353e-16
21886 OSIM_X_c0[1,102,102,5,4,0] 1.0000000000000002
21887 OSIM_X_c0[1,102,102,5,5,0] 2.220446049250313e-16
21888 OSIM_X_c0[1,102,102,5,6,0] 4.440892098500626e-16
21889 OSIM_X_c0[1,102,102,6,1,0] -0.7500000000000009
21890 OSIM_X_c0[1,102,102,6,2,0] 7.216449660063519e-16
21891 OSIM_X_c0[1,102,102,6,3,0] 2.0000000000000004
21892 OSIM_X_c0[1,102,102,6,4,0] 4.440892098500626e-16
21893 OSIM_X_c0[1,102,102,6,5,0] -1.0000000000000002
21894 OSIM_X_c0[1,102,102,6,6,0] 2.220446049250313e-16
21895 OSIM_X_c0[1,103,103,1,1,0] 2.220446049250313e-16
21896 OSIM_X_c0[1,103,103,1,2,0] -4.440892098500626e-16
21897 OSIM_X_c0[1,103,103,1,3,0] -1.0000000000000002
21898 OSIM_X_c0[1,103,103,1,4,0] 0
21899 OSIM_X_c0[1,103,103,1,5,0] 0
21900 OSIM_X_c0[1,103,103,1,6,0] 0
21901 OSIM_X_c0[1,103,103,2,1,0] 1.0000000000000002
21902 OSIM_X_c0[1,103,103,2,2,0] 2.220446049250313e-16
21903 OSIM_X_c0[1,103,103,2,3,0] 4.440892098500626e-16
21904 OSIM_X_c0[1,103,103,2,4,0] 0
21905 OSIM_X_c0[1,103,103,2,5,0] 0
21906 OSIM_X_c0[1,103,103,2,6,0] 0
21907 OSIM_X_c0[1,103,103,3,1,0] 4.440892098500626e-16
21908 OSIM_X_c0[1,103,103,3,2,0] -1.0000000000000002
21909 OSIM_X_c0[1,103,103,3,3,0] 2.220446049250313e-16
21910 OSIM_X_c0[1,103,103,3,4,0] 0
21911 OSIM_X_c0[1,103,103,3,5,0] 0
21912 OSIM_X_c0[1,103,103,3,6,0] 0
21913 OSIM_X_c0[1,103,103,4,1,0] 1.1102230246251567e-15
21914 OSIM_X_c0[1,103,103,4,2,0] -2.000000000000001
21915 OSIM_X_c0[1,103,103,4,3,0] 4.440892098500628e-16
21916 OSIM_X_c0[1,103,103,4,4,0] 2.220446049250313e-16
21917 OSIM_X_c0[1,103,103,4,5,0] -4.440892098500626e-16
21918 OSIM_X_c0[1,103,103,4,6,0] -1.0000000000000002
21919 OSIM_X_c0[1,103,103,5,1,0] 4.440892098500625e-16
21920 OSIM_X_c0[1,103,103,5,2,0] -1
21921 OSIM_X_c0[1,103,103,5,3,0] 4.440892098500626e-16
21922 OSIM_X_c0[1,103,103,5,4,0] 1.0000000000000002
21923 OSIM_X_c0[1,103,103,5,5,0] 2.220446049250313e-16
21924 OSIM_X_c0[1,103,103,5,6,0] 4.440892098500626e-16
21925 OSIM_X_c0[1,103,103,6,1,0] -1.0000000000000004
21926 OSIM_X_c0[1,103,103,6,2,0] 6.661338147750941e-16
21927 OSIM_X_c0[1,103,103,6,3,0] 2.0000000000000004
21928 OSIM_X_c0[1,103,103,6,4,0] 4.440892098500626e-16
21929 OSIM_X_c0[1,103,103,6,5,0] -1.0000000000000002
21930 OSIM_X_c0[1,103,103,6,6,0] 2.220446049250313e-16
21931 OSIM_X_c0[1,104,104,1,1,0] 2.220446049250313e-16
21932 OSIM_X_c0[1,104,104,1,2,0] -4.440892098500626e-16
21933 OSIM_X_c0[1,104,104,1,3,0] -1.0000000000000002
21934 OSIM_X_c0[1,104,104,1,4,0] 0
21935 OSIM_X_c0[1,104,104,1,5,0] 0
21936 OSIM_X_c0[1,104,104,1,6,0] 0
21937 OSIM_X_c0[1,104,104,2,1,0] 1.0000000000000002
21938 OSIM_X_c0[1,104,104,2,2,0] 2.220446049250313e-16
21939 OSIM_X_c0[1,104,104,2,3,0] 4.440892098500626e-16
21940 OSIM_X_c0[1,104,104,2,4,0] 0
21941 OSIM_X_c0[1,104,104,2,5,0] 0
21942 OSIM_X_c0[1,104,104,2,6,0] 0
21943 OSIM_X_c0[1,104,104,3,1,0] 4.440892098500626e-16
21944 OSIM_X_c0[1,104,104,3,2,0] -1.0000000000000002
21945 OSIM_X_c0[1,104,104,3,3,0] 2.220446049250313e-16
21946 OSIM_X_c0[1,104,104,3,4,0] 0
21947 OSIM_X_c0[1,104,104,3,5,0] 0
21948 OSIM_X_c0[1,104,104,3,6,0] 0
21949 OSIM_X_c0[1,104,104,4,1,0] 1.1102230246251567e-15
21950 OSIM_X_c0[1,104,104,4,2,0] -2.000000000000001
21951 OSIM_X_c0[1,104,104,4,3,0] 4.440892098500628e-16
21952 OSIM_X_c0[1,104,104,4,4,0] 2.220446049250313e-16
21953 OSIM_X_c0[1,104,104,4,5,0] -4.440892098500626e-16
21954 OSIM_X_c0[1,104,104,4,6,0] -1.0000000000000002
21955 OSIM_X_c0[1,104,104,5,1,0] 4.440892098500625e-16
21956 OSIM_X_c0[1,104,104,5,2,0] -1
21957 OSIM_X_c0[1,104,104,5,3,0] 4.440892098500626e-16
21958 OSIM_X_c0[1,104,104,5,4,0] 1.0000000000000002
21959 OSIM_X_c0[1,104,104,5,5,0] 2.220446049250313e-16
21960 OSIM_X_c0[1,104,104,5,6,0] 4.440892098500626e-16
21961 OSIM_X_c0[1,104,104,6,1,0] -1.0000000000000004
21962 OSIM_X_c0[1,104,104,6,2,0] 6.661338147750941e-16
21963 OSIM_X_c0[1,104,104,6,3,0] 2.0000000000000004
21964 OSIM_X_c0[1,104,104,6,4,0] 4.440892098500626e-16
21965 OSIM_X_c0[1,104,104,6,5,0] -1.0000000000000002
21966 OSIM_X_c0[1,104,104,6,6,0] 2.220446049250313e-16
21967 OSIM_X_c0[1,105,105,1,1,0] 2.220446049250313e-16
21968 OSIM_X_c0[1,105,105,1,2,0] -4.440892098500626e-16
21969 OSIM_X_c0[1,105,105,1,3,0] -1.0000000000000002
21970 OSIM_X_c0[1,105,105,1,4,0] 0
21971 OSIM_X_c0[1,105,105,1,5,0] 0
21972 OSIM_X_c0[1,105,105,1,6,0] 0
21973 OSIM_X_c0[1,105,105,2,1,0] 1.0000000000000002
21974 OSIM_X_c0[1,105,105,2,2,0] 2.220446049250313e-16
21975 OSIM_X_c0[1,105,105,2,3,0] 4.440892098500626e-16
21976 OSIM_X_c0[1,105,105,2,4,0] 0
21977 OSIM_X_c0[1,105,105,2,5,0] 0
21978 OSIM_X_c0[1,105,105,2,6,0] 0
21979 OSIM_X_c0[1,105,105,3,1,0] 4.440892098500626e-16
21980 OSIM_X_c0[1,105,105,3,2,0] -1.0000000000000002
21981 OSIM_X_c0[1,105,105,3,3,0] 2.220446049250313e-16
21982 OSIM_X_c0[1,105,105,3,4,0] 0
21983 OSIM_X_c0[1,105,105,3,5,0] 0
21984 OSIM_X_c0[1,105,105,3,6,0] 0
21985 OSIM_X_c0[1,105,105,4,1,0] 1.1102230246251567e-15
21986 OSIM_X_c0[1,105,105,4,2,0] -2.000000000000001
21987 OSIM_X_c0[1,105,105,4,3,0] 4.440892098500628e-16
21988 OSIM_X_c0[1,105,105,4,4,0] 2.220446049250313e-16
21989 OSIM_X_c0[1,105,105,4,5,0] -4.440892098500626e-16
21990 OSIM_X_c0[1,105,105,4,6,0] -1.0000000000000002
21991 OSIM_X_c0[1,105,105,5,1,0] 4.440892098500625e-16
21992 OSIM_X_c0[1,105,105,5,2,0] -1
21993 OSIM_X_c0[1,105,105,5,3,0] 4.440892098500626e-16
21994 OSIM_X_c0[1,105,105,5,4,0] 1.0000000000000002
21995 OSIM_X_c0[1,105,105,5,5,0] 2.220446049250313e-16
21996 OSIM_X_c0[1,105,105,5,6,0] 4.440892098500626e-16
21997 OSIM_X_c0[1,105,105,6,1,0] -1.0000000000000004
21998 OSIM_X_c0[1,105,105,6,2,0] 6.661338147750941e-16
21999 OSIM_X_c0[1,105,105,6,3,0] 2.0000000000000004
22000 OSIM_X_c0[1,105,105,6,4,0] 4.440892098500626e-16
22001 OSIM_X_c0[1,105,105,6,5,0] -1.0000000000000002
22002 OSIM_X_c0[1,105,105,6,6,0] 2.220446049250313e-16
22003 OSIM_X_c0[1,106,106,1,1,0] 2.220446049250313e-16
22004 OSIM_X_c0[1,106,106,1,2,0] -4.440892098500626e-16
22005 OSIM_X_c0[1,106,106,1,3,0] -1.0000000000000002
22006 OSIM_X_c0[1,106,106,1,4,0] 0
22007 OSIM_X_c0[1,106,106,1,5,0] 0
22008 OSIM_X_c0[1,106,106,1,6,0] 0
22009 OSIM_X_c0[1,106,106,2,1,0] 1.0000000000000002
22010 OSIM_X_c0[1,106,106,2,2,0] 2.220446049250313e-16
22011 OSIM_X_c0[1,106,106,2,3,0] 4.440892098500626e-16
22012 OSIM_X_c0[1,106,106,2,4,0] 0
22013 OSIM_X_c0[1,106,106,2,5,0] 0
22014 OSIM_X_c0[1,106,106,2,6,0] 0
22015 OSIM_X_c0[1,106,106,3,1,0] 4.440892098500626e-16
22016 OSIM_X_c0[1,106,106,3,2,0] -1.0000000000000002
22017 OSIM_X_c0[1,106,106,3,3,0] 2.220446049250313e-16
22018 OSIM_X_c0[1,106,106,3,4,0] 0
22019 OSIM_X_c0[1,106,106,3,5,0] 0
22020 OSIM_X_c0[1,106,106,3,6,0] 0
22021 OSIM_X_c0[1,106,106,4,1,0] 1.1102230246251567e-15
22022 OSIM_X_c0[1,106,106,4,2,0] -2.000000000000001
22023 OSIM_X_c0[1,106,106,4,3,0] 4.440892098500628e-16
22024 OSIM_X_c0[1,106,106,4,4,0] 2.220446049250313e-16
22025 OSIM_X_c0[1,106,106,4,5,0] -4.440892098500626e-16
22026 OSIM_X_c0[1,106,106,4,6,0] -1.0000000000000002
22027 OSIM_X_c0[1,106,106,5,1,0] 4.440892098500625e-16
22028 OSIM_X_c0[1,106,106,5,2,0] -1
22029 OSIM_X_c0[1,106,106,5,3,0] 4.440892098500626e-16
22030 OSIM_X_c0[1,106,106,5,4,0] 1.0000000000000002
22031 OSIM_X_c0[1,106,106,5,5,0] 2.220446049250313e-16
22032 OSIM_X_c0[1,106,106,5,6,0] 4.440892098500626e-16
22033 OSIM_X_c0[1,106,106,6,1,0] -1.0000000000000004
22034 OSIM_X_c0[1,106,106,6,2,0] 6.661338147750941e-16
22035 OSIM_X_c0[1,106,106,6,3,0] 2.0000000000000004
22036 OSIM_X_c0[1,106,106,6,4,0] 4.440892098500626e-16
22037 OSIM_X_c0[1,106,106,6,5,0] -1.0000000000000002
22038 OSIM_X_c0[1,106,106,6,6,0] 2.220446049250313e-16
22039 OSIM_X_c0[1,107,107,1,1,0] 2.220446049250313e-16
22040 OSIM_X_c0[1,107,107,1,2,0] -4.440892098500626e-16
22041 OSIM_X_c0[1,107,107,1,3,0] -1.0000000000000002
22042 OSIM_X_c0[1,107,107,1,4,0] 0
22043 OSIM_X_c0[1,107,107,1,5,0] 0
22044 OSIM_X_c0[1,107,107,1,6,0] 0
22045 OSIM_X_c0[1,107,107,2,1,0] 1.0000000000000002
22046 OSIM_X_c0[1,107,107,2,2,0] 2.220446049250313e-16
22047 OSIM_X_c0[1,107,107,2,3,0] 4.440892098500626e-16
22048 OSIM_X_c0[1,107,107,2,4,0] 0
22049 OSIM_X_c0[1,107,107,2,5,0] 0
22050 OSIM_X_c0[1,107,107,2,6,0] 0
22051 OSIM_X_c0[1,107,107,3,1,0] 4.440892098500626e-16
22052 OSIM_X_c0[1,107,107,3,2,0] -1.0000000000000002
22053 OSIM_X_c0[1,107,107,3,3,0] 2.220446049250313e-16
22054 OSIM_X_c0[1,107,107,3,4,0] 0
22055 OSIM_X_c0[1,107,107,3,5,0] 0
22056 OSIM_X_c0[1,107,107,3,6,0] 0
22057 OSIM_X_c0[1,107,107,4,1,0] 1.1102230246251567e-15
22058 OSIM_X_c0[1,107,107,4,2,0] -2.000000000000001
22059 OSIM_X_c0[1,107,107,4,3,0] 4.440892098500628e-16
22060 OSIM_X_c0[1,107,107,4,4,0] 2.220446049250313e-16
22061 OSIM_X_c0[1,107,107,4,5,0] -4.440892098500626e-16
22062 OSIM_X_c0[1,107,107,4,6,0] -1.0000000000000002
22063 OSIM_X_c0[1,107,107,5,1,0] 4.440892098500625e-16
22064 OSIM_X_c0[1,107,107,5,2,0] -1
22065 OSIM_X_c0[1,107,107,5,3,0] 4.440892098500626e-16
22066 OSIM_X_c0[1,107,107,5,4,0] 1.0000000000000002
22067 OSIM_X_c0[1,107,107,5,5,0] 2.220446049250313e-16
22068 OSIM_X_c0[1,107,107,5,6,0] 4.440892098500626e-16
22069 OSIM_X_c0[1,107,107,6,1,0] -1.0000000000000004
22070 OSIM_X_c0[1,107,107,6,2,0] 6.661338147750941e-16
22071 OSIM_X_c0[1,107,107,6,3,0] 2.0000000000000004
22072 OSIM_X_c0[1,107,107,6,4,0] 4.440892098500626e-16
22073 OSIM_X_c0[1,107,107,6,5,0] -1.0000000000000002
22074 OSIM_X_c0[1,107,107,6,6,0] 2.220446049250313e-16
22075 OSIM_X_c0[1,108,108,1,1,0] 2.220446049250313e-16
22076 OSIM_X_c0[1,108,108,1,2,0] -4.440892098500626e-16
22077 OSIM_X_c0[1,108,108,1,3,0] -1.0000000000000002
22078 OSIM_X_c0[1,108,108,1,4,0] 0
22079 OSIM_X_c0[1,108,108,1,5,0] 0
22080 OSIM_X_c0[1,108,108,1,6,0] 0
22081 OSIM_X_c0[1,108,108,2,1,0] 1.0000000000000002
22082 OSIM_X_c0[1,108,108,2,2,0] 2.220446049250313e-16
22083 OSIM_X_c0[1,108,108,2,3,0] 4.440892098500626e-16
22084 OSIM_X_c0[1,108,108,2,4,0] 0
22085 OSIM_X_c0[1,108,108,2,5,0] 0
22086 OSIM_X_c0[1,108,108,2,6,0] 0
22087 OSIM_X_c0[1,108,108,3,1,0] 4.440892098500626e-16
22088 OSIM_X_c0[1,108,108,3,2,0] -1.0000000000000002
22089 OSIM_X_c0[1,108,108,3,3,0] 2.220446049250313e-16
22090 OSIM_X_c0[1,108,108,3,4,0] 0
22091 OSIM_X_c0[1,108,108,3,5,0] 0
22092 OSIM_X_c0[1,108,108,3,6,0] 0
22093 OSIM_X_c0[1,108,108,4,1,0] 1.1102230246251567e-15
22094 OSIM_X_c0[1,108,108,4,2,0] -2.000000000000001
22095 OSIM_X_c0[1,108,108,4,3,0] 4.440892098500628e-16
22096 OSIM_X_c0[1,108,108,4,4,0] 2.220446049250313e-16
22097 OSIM_X_c0[1,108,108,4,5,0] -4.440892098500626e-16
22098 OSIM_X_c0[1,108,108,4,6,0] -1.0000000000000002
22099 OSIM_X_c0[1,108,108,5,1,0] 4.440892098500625e-16
22100 OSIM_X_c0[1,108,108,5,2,0] -1
22101 OSIM_X_c0[1,108,108,5,3,0] 4.440892098500626e-16
22102 OSIM_X_c0[1,108,108,5,4,0] 1.0000000000000002
22103 OSIM_X_c0[1,108,108,5,5,0] 2.220446049250313e-16
22104 OSIM_X_c0[1,108,108,5,6,0] 4.440892098500626e-16
22105 OSIM_X_c0[1,108,108,6,1,0] -1.0000000000000004
22106 OSIM_X_c0[1,108,108,6,2,0] 6.661338147750941e-16
22107 OSIM_X_c0[1,108,108,6,3,0] 2.0000000000000004
22108 OSIM_X_c0[1,108,108,6,4,0] 4.440892098500626e-16
22109 OSIM_X_c0[1,108,108,6,5,0] -1.0000000000000002
22110 OSIM_X_c0[1,108,108,6,6,0] 2.220446049250313e-16
22111 OSIM_X_c0[1,109,109,1,1,0] -0.9999999999999996
22112 OSIM_X_c0[1,109,109,1,2,0] 8.659560562354932e-17
22113 OSIM_X_c0[1,109,109,1,3,0] -8.659560562354932e-17
22114 OSIM_X_c0[1,109,109,1,4,0] 0
22115 OSIM_X_c0[1,109,109,1,5,0] 0
22116 OSIM_X_c0[1,109,109,1,6,0] 0
22117 OSIM_X_c0[1,109,109,2,1,0] -8.659560562354932e-17
22118 OSIM_X_c0[1,109,109,2,2,0] 2.220446049250313e-16
22119 OSIM_X_c0[1,109,109,2,3,0] 0.9999999999999998
22120 OSIM_X_c0[1,109,109,2,4,0] 0
22121 OSIM_X_c0[1,109,109,2,5,0] 0
22122 OSIM_X_c0[1,109,109,2,6,0] 0
22123 OSIM_X_c0[1,109,109,3,1,0] 8.659560562354932e-17
22124 OSIM_X_c0[1,109,109,3,2,0] 0.9999999999999998
22125 OSIM_X_c0[1,109,109,3,3,0] 2.220446049250313e-16
22126 OSIM_X_c0[1,109,109,3,4,0] 0
22127 OSIM_X_c0[1,109,109,3,5,0] 0
22128 OSIM_X_c0[1,109,109,3,6,0] 0
22129 OSIM_X_c0[1,109,109,4,1,0] 8.659560562354935e-17
22130 OSIM_X_c0[1,109,109,4,2,0] 0.9999999999999993
22131 OSIM_X_c0[1,109,109,4,3,0] -6.661338147750938e-16
22132 OSIM_X_c0[1,109,109,4,4,0] -0.9999999999999996
22133 OSIM_X_c0[1,109,109,4,5,0] 8.659560562354932e-17
22134 OSIM_X_c0[1,109,109,4,6,0] -8.659560562354932e-17
22135 OSIM_X_c0[1,109,109,5,1,0] -7.149872084530262e-16
22136 OSIM_X_c0[1,109,109,5,2,0] 1.9999999999999996
22137 OSIM_X_c0[1,109,109,5,3,0] 4.440892098500625e-16
22138 OSIM_X_c0[1,109,109,5,4,0] -8.659560562354932e-17
22139 OSIM_X_c0[1,109,109,5,5,0] 2.220446049250313e-16
22140 OSIM_X_c0[1,109,109,5,6,0] 0.9999999999999998
22141 OSIM_X_c0[1,109,109,6,1,0] 0.9999999999999993
22142 OSIM_X_c0[1,109,109,6,2,0] -5.306848154736119e-16
22143 OSIM_X_c0[1,109,109,6,3,0] -1.9999999999999996
22144 OSIM_X_c0[1,109,109,6,4,0] 8.659560562354932e-17
22145 OSIM_X_c0[1,109,109,6,5,0] 0.9999999999999998
22146 OSIM_X_c0[1,109,109,6,6,0] 2.220446049250313e-16
22147 OSIM_X_c0[1,110,110,1,1,0] -0.9999999999999996
22148 OSIM_X_c0[1,110,110,1,2,0] 8.659560562354932e-17
22149 OSIM_X_c0[1,110,110,1,3,0] -8.659560562354932e-17
22150 OSIM_X_c0[1,110,110,1,4,0] 0
22151 OSIM_X_c0[1,110,110,1,5,0] 0
22152 OSIM_X_c0[1,110,110,1,6,0] 0
22153 OSIM_X_c0[1,110,110,2,1,0] -8.659560562354932e-17
22154 OSIM_X_c0[1,110,110,2,2,0] 2.220446049250313e-16
22155 OSIM_X_c0[1,110,110,2,3,0] 0.9999999999999998
22156 OSIM_X_c0[1,110,110,2,4,0] 0
22157 OSIM_X_c0[1,110,110,2,5,0] 0
22158 OSIM_X_c0[1,110,110,2,6,0] 0
22159 OSIM_X_c0[1,110,110,3,1,0] 8.659560562354932e-17
22160 OSIM_X_c0[1,110,110,3,2,0] 0.9999999999999998
22161 OSIM_X_c0[1,110,110,3,3,0] 2.220446049250313e-16
22162 OSIM_X_c0[1,110,110,3,4,0] 0
22163 OSIM_X_c0[1,110,110,3,5,0] 0
22164 OSIM_X_c0[1,110,110,3,6,0] 0
22165 OSIM_X_c0[1,110,110,4,1,0] 8.659560562354935e-17
22166 OSIM_X_c0[1,110,110,4,2,0] 0.9999999999999993
22167 OSIM_X_c0[1,110,110,4,3,0] -6.661338147750938e-16
22168 OSIM_X_c0[1,110,110,4,4,0] -0.9999999999999996
22169 OSIM_X_c0[1,110,110,4,5,0] 8.659560562354932e-17
22170 OSIM_X_c0[1,110,110,4,6,0] -8.659560562354932e-17
22171 OSIM_X_c0[1,110,110,5,1,0] -7.149872084530262e-16
22172 OSIM_X_c0[1,110,110,5,2,0] 1.9999999999999996
22173 OSIM_X_c0[1,110,110,5,3,0] 4.440892098500625e-16
22174 OSIM_X_c0[1,110,110,5,4,0] -8.659560562354932e-17
22175 OSIM_X_c0[1,110,110,5,5,0] 2.220446049250313e-16
22176 OSIM_X_c0[1,110,110,5,6,0] 0.9999999999999998
22177 OSIM_X_c0[1,110,110,6,1,0] 0.9999999999999993
22178 OSIM_X_c0[1,110,110,6,2,0] -5.306848154736119e-16
22179 OSIM_X_c0[1,110,110,6,3,0] -1.9999999999999996
22180 OSIM_X_c0[1,110,110,6,4,0] 8.659560562354932e-17
22181 OSIM_X_c0[1,110,110,6,5,0] 0.9999999999999998
22182 OSIM_X_c0[1,110,110,6,6,0] 2.220446049250313e-16
22183 OSIM_X_c0[1,111,111,1,1,0] -0.9999999999999996
22184 OSIM_X_c0[1,111,111,1,2,0] 8.659560562354932e-17
22185 OSIM_X_c0[1,111,111,1,3,0] -8.659560562354932e-17
22186 OSIM_X_c0[1,111,111,1,4,0] 0
22187 OSIM_X_c0[1,111,111,1,5,0] 0
22188 OSIM_X_c0[1,111,111,1,6,0] 0
22189 OSIM_X_c0[1,111,111,2,1,0] -8.659560562354932e-17
22190 OSIM_X_c0[1,111,111,2,2,0] 2.220446049250313e-16
22191 OSIM_X_c0[1,111,111,2,3,0] 0.9999999999999998
22192 OSIM_X_c0[1,111,111,2,4,0] 0
22193 OSIM_X_c0[1,111,111,2,5,0] 0
22194 OSIM_X_c0[1,111,111,2,6,0] 0
22195 OSIM_X_c0[1,111,111,3,1,0] 8.659560562354932e-17
22196 OSIM_X_c0[1,111,111,3,2,0] 0.9999999999999998
22197 OSIM_X_c0[1,111,111,3,3,0] 2.220446049250313e-16
22198 OSIM_X_c0[1,111,111,3,4,0] 0
22199 OSIM_X_c0[1,111,111,3,5,0] 0
22200 OSIM_X_c0[1,111,111,3,6,0] 0
22201 OSIM_X_c0[1,111,111,4,1,0] 8.659560562354935e-17
22202 OSIM_X_c0[1,111,111,4,2,0] 0.9999999999999993
22203 OSIM_X_c0[1,111,111,4,3,0] -6.661338147750938e-16
22204 OSIM_X_c0[1,111,111,4,4,0] -0.9999999999999996
22205 OSIM_X_c0[1,111,111,4,5,0] 8.659560562354932e-17
22206 OSIM_X_c0[1,111,111,4,6,0] -8.659560562354932e-17
22207 OSIM_X_c0[1,111,111,5,1,0] -7.149872084530262e-16
22208 OSIM_X_c0[1,111,111,5,2,0] 1.9999999999999996
22209 OSIM_X_c0[1,111,111,5,3,0] 4.440892098500625e-16
22210 OSIM_X_c0[1,111,111,5,4,0] -8.659560562354932e-17
22211 OSIM_X_c0[1,111,111,5,5,0] 2.220446049250313e-16
22212 OSIM_X_c0[1,111,111,5,6,0] 0.9999999999999998
22213 OSIM_X_c0[1,111,111,6,1,0] 0.9999999999999993
22214 OSIM_X_c0[1,111,111,6,2,0] -5.306848154736119e-16
22215 OSIM_X_c0[1,111,111,6,3,0] -1.9999999999999996
22216 OSIM_X_c0[1,111,111,6,4,0] 8.659560562354932e-17
22217 OSIM_X_c0[1,111,111,6,5,0] 0.9999999999999998
22218 OSIM_X_c0[1,111,111,6,6,0] 2.220446049250313e-16
22219 OSIM_X_c0[1,112,112,1,1,0] -0.9999999999999996
22220 OSIM_X_c0[1,112,112,1,2,0] 8.659560562354932e-17
22221 OSIM_X_c0[1,112,112,1,3,0] -8.659560562354932e-17
22222 OSIM_X_c0[1,112,112,1,4,0] 0
22223 OSIM_X_c0[1,112,112,1,5,0] 0
22224 OSIM_X_c0[1,112,112,1,6,0] 0
22225 OSIM_X_c0[1,112,112,2,1,0] -8.659560562354932e-17
22226 OSIM_X_c0[1,112,112,2,2,0] 2.220446049250313e-16
22227 OSIM_X_c0[1,112,112,2,3,0] 0.9999999999999998
22228 OSIM_X_c0[1,112,112,2,4,0] 0
22229 OSIM_X_c0[1,112,112,2,5,0] 0
22230 OSIM_X_c0[1,112,112,2,6,0] 0
22231 OSIM_X_c0[1,112,112,3,1,0] 8.659560562354932e-17
22232 OSIM_X_c0[1,112,112,3,2,0] 0.9999999999999998
22233 OSIM_X_c0[1,112,112,3,3,0] 2.220446049250313e-16
22234 OSIM_X_c0[1,112,112,3,4,0] 0
22235 OSIM_X_c0[1,112,112,3,5,0] 0
22236 OSIM_X_c0[1,112,112,3,6,0] 0
22237 OSIM_X_c0[1,112,112,4,1,0] 8.659560562354935e-17
22238 OSIM_X_c0[1,112,112,4,2,0] 0.9999999999999993
22239 OSIM_X_c0[1,112,112,4,3,0] -6.661338147750938e-16
22240 OSIM_X_c0[1,112,112,4,4,0] -0.9999999999999996
22241 OSIM_X_c0[1,112,112,4,5,0] 8.659560562354932e-17
22242 OSIM_X_c0[1,112,112,4,6,0] -8.659560562354932e-17
22243 OSIM_X_c0[1,112,112,5,1,0] -7.149872084530262e-16
22244 OSIM_X_c0[1,112,112,5,2,0] 1.9999999999999996
22245 OSIM_X_c0[1,112,112,5,3,0] 4.440892098500625e-16
22246 OSIM_X_c0[1,112,112,5,4,0] -8.659560562354932e-17
22247 OSIM_X_c0[1,112,112,5,5,0] 2.220446049250313e-16
22248 OSIM_X_c0[1,112,112,5,6,0] 0.9999999999999998
22249 OSIM_X_c0[1,112,112,6,1,0] 0.9999999999999993
22250 OSIM_X_c0[1,112,112,6,2,0] -5.306848154736119e-16
22251 OSIM_X_c0[1,112,112,6,3,0] -1.9999999999999996
22252 OSIM_X_c0[1,112,112,6,4,0] 8.659560562354932e-17
22253 OSIM_X_c0[1,112,112,6,5,0] 0.9999999999999998
22254 OSIM_X_c0[1,112,112,6,6,0] 2.220446049250313e-16
22255 OSIM_X_c0[1,113,113,1,1,0] -0.9999999999999996
22256 OSIM_X_c0[1,113,113,1,2,0] 8.659560562354932e-17
22257 OSIM_X_c0[1,113,113,1,3,0] -8.659560562354932e-17
22258 OSIM_X_c0[1,113,113,1,4,0] 0
22259 OSIM_X_c0[1,113,113,1,5,0] 0
22260 OSIM_X_c0[1,113,113,1,6,0] 0
22261 OSIM_X_c0[1,113,113,2,1,0] -8.659560562354932e-17
22262 OSIM_X_c0[1,113,113,2,2,0] 2.220446049250313e-16
22263 OSIM_X_c0[1,113,113,2,3,0] 0.9999999999999998
22264 OSIM_X_c0[1,113,113,2,4,0] 0
22265 OSIM_X_c0[1,113,113,2,5,0] 0
22266 OSIM_X_c0[1,113,113,2,6,0] 0
22267 OSIM_X_c0[1,113,113,3,1,0] 8.659560562354932e-17
22268 OSIM_X_c0[1,113,113,3,2,0] 0.9999999999999998
22269 OSIM_X_c0[1,113,113,3,3,0] 2.220446049250313e-16
22270 OSIM_X_c0[1,113,113,3,4,0] 0
22271 OSIM_X_c0[1,113,113,3,5,0] 0
22272 OSIM_X_c0[1,113,113,3,6,0] 0
22273 OSIM_X_c0[1,113,113,4,1,0] 8.659560562354935e-17
22274 OSIM_X_c0[1,113,113,4,2,0] 0.9999999999999993
22275 OSIM_X_c0[1,113,113,4,3,0] -6.661338147750938e-16
22276 OSIM_X_c0[1,113,113,4,4,0] -0.9999999999999996
22277 OSIM_X_c0[1,113,113,4,5,0] 8.659560562354932e-17
22278 OSIM_X_c0[1,113,113,4,6,0] -8.659560562354932e-17
22279 OSIM_X_c0[1,113,113,5,1,0] -7.149872084530262e-16
22280 OSIM_X_c0[1,113,113,5,2,0] 1.9999999999999996
22281 OSIM_X_c0[1,113,113,5,3,0] 4.440892098500625e-16
22282 OSIM_X_c0[1,113,113,5,4,0] -8.659560562354932e-17
22283 OSIM_X_c0[1,113,113,5,5,0] 2.220446049250313e-16
22284 OSIM_X_c0[1,113,113,5,6,0] 0.9999999999999998
22285 OSIM_X_c0[1,113,113,6,1,0] 0.9999999999999993
22286 OSIM_X_c0[1,113,113,6,2,0] -5.306848154736119e-16
22287 OSIM_X_c0[1,113,113,6,3,0] -1.9999999999999996
22288 OSIM_X_c0[1,113,113,6,4,0] 8.659560562354932e-17
22289 OSIM_X_c0[1,113,113,6,5,0] 0.9999999999999998
22290 OSIM_X_c0[1,113,113,6,6,0] 2.220446049250313e-16
22291 OSIM_X_c0[1,114,114,1,1,0] -0.9999999999999996
22292 OSIM_X_c0[1,114,114,1,2,0] 8.659560562354932e-17
22293 OSIM_X_c0[1,114,114,1,3,0] -8.659560562354932e-17
22294 OSIM_X_c0[1,114,114,1,4,0] 0
22295 OSIM_X_c0[1,114,114,1,5,0] 0
22296 OSIM_X_c0[1,114,114,1,6,0] 0
22297 OSIM_X_c0[1,114,114,2,1,0] -8.659560562354932e-17
22298 OSIM_X_c0[1,114,114,2,2,0] 2.220446049250313e-16
22299 OSIM_X_c0[1,114,114,2,3,0] 0.9999999999999998
22300 OSIM_X_c0[1,114,114,2,4,0] 0
22301 OSIM_X_c0[1,114,114,2,5,0] 0
22302 OSIM_X_c0[1,114,114,2,6,0] 0
22303 OSIM_X_c0[1,114,114,3,1,0] 8.659560562354932e-17
22304 OSIM_X_c0[1,114,114,3,2,0] 0.9999999999999998
22305 OSIM_X_c0[1,114,114,3,3,0] 2.220446049250313e-16
22306 OSIM_X_c0[1,114,114,3,4,0] 0
22307 OSIM_X_c0[1,114,114,3,5,0] 0
22308 OSIM_X_c0[1,114,114,3,6,0] 0
22309 OSIM_X_c0[1,114,114,4,1,0] 8.659560562354935e-17
22310 OSIM_X_c0[1,114,114,4,2,0] 0.9999999999999993
22311 OSIM_X_c0[1,114,114,4,3,0] -6.661338147750938e-16
22312 OSIM_X_c0[1,114,114,4,4,0] -0.9999999999999996
22313 OSIM_X_c0[1,114,114,4,5,0] 8.659560562354932e-17
22314 OSIM_X_c0[1,114,114,4,6,0] -8.659560562354932e-17
22315 OSIM_X_c0[1,114,114,5,1,0] -7.149872084530262e-16
22316 OSIM_X_c0[1,114,114,5,2,0] 1.9999999999999996
22317 OSIM_X_c0[1,114,114,5,3,0] 4.440892098500625e-16
22318 OSIM_X_c0[1,114,114,5,4,0] -8.659560562354932e-17
22319 OSIM_X_c0[1,114,114,5,5,0] 2.220446049250313e-16
22320 OSIM_X_c0[1,114,114,5,6,0] 0.9999999999999998
22321 OSIM_X_c0[1,114,114,6,1,0] 0.9999999999999993
22322 OSIM_X_c0[1,114,114,6,2,0] -5.306848154736119e-16
22323 OSIM_X_c0[1,114,114,6,3,0] -1.9999999999999996
22324 OSIM_X_c0[1,114,114,6,4,0] 8.659560562354932e-17
22325 OSIM_X_c0[1,114,114,6,5,0] 0.9999999999999998
22326 OSIM_X_c0[1,114,114,6,6,0] 2.220446049250313e-16
22327 OSIM_X_c0[1,115,115,1,1,0] -0.9999999999999996
22328 OSIM_X_c0[1,115,115,1,2,0] 8.659560562354932e-17
22329 OSIM_X_c0[1,115,115,1,3,0] -8.659560562354932e-17
22330 OSIM_X_c0[1,115,115,1,4,0] 0
22331 OSIM_X_c0[1,115,115,1,5,0] 0
22332 OSIM_X_c0[1,115,115,1,6,0] 0
22333 OSIM_X_c0[1,115,115,2,1,0] -8.659560562354932e-17
22334 OSIM_X_c0[1,115,115,2,2,0] 2.220446049250313e-16
22335 OSIM_X_c0[1,115,115,2,3,0] 0.9999999999999998
22336 OSIM_X_c0[1,115,115,2,4,0] 0
22337 OSIM_X_c0[1,115,115,2,5,0] 0
22338 OSIM_X_c0[1,115,115,2,6,0] 0
22339 OSIM_X_c0[1,115,115,3,1,0] 8.659560562354932e-17
22340 OSIM_X_c0[1,115,115,3,2,0] 0.9999999999999998
22341 OSIM_X_c0[1,115,115,3,3,0] 2.220446049250313e-16
22342 OSIM_X_c0[1,115,115,3,4,0] 0
22343 OSIM_X_c0[1,115,115,3,5,0] 0
22344 OSIM_X_c0[1,115,115,3,6,0] 0
22345 OSIM_X_c0[1,115,115,4,1,0] 8.65956056235493e-17
22346 OSIM_X_c0[1,115,115,4,2,0] 0.9999999999999993
22347 OSIM_X_c0[1,115,115,4,3,0] -4.930380657631324e-32
22348 OSIM_X_c0[1,115,115,4,4,0] -0.9999999999999996
22349 OSIM_X_c0[1,115,115,4,5,0] 8.659560562354932e-17
22350 OSIM_X_c0[1,115,115,4,6,0] -8.659560562354932e-17
22351 OSIM_X_c0[1,115,115,5,1,0] -9.215119648970728e-17
22352 OSIM_X_c0[1,115,115,5,2,0] 1.4999999999999993
22353 OSIM_X_c0[1,115,115,5,3,0] 3.3306690738754686e-16
22354 OSIM_X_c0[1,115,115,5,4,0] -8.659560562354932e-17
22355 OSIM_X_c0[1,115,115,5,5,0] 2.220446049250313e-16
22356 OSIM_X_c0[1,115,115,5,6,0] 0.9999999999999998
22357 OSIM_X_c0[1,115,115,6,1,0] 0.9999999999999992
22358 OSIM_X_c0[1,115,115,6,2,0] -4.196625130110961e-16
22359 OSIM_X_c0[1,115,115,6,3,0] -1.4999999999999993
22360 OSIM_X_c0[1,115,115,6,4,0] 8.659560562354932e-17
22361 OSIM_X_c0[1,115,115,6,5,0] 0.9999999999999998
22362 OSIM_X_c0[1,115,115,6,6,0] 2.220446049250313e-16
22363 OSIM_X_c0[1,116,116,1,1,0] -0.9999999999999996
22364 OSIM_X_c0[1,116,116,1,2,0] 8.659560562354932e-17
22365 OSIM_X_c0[1,116,116,1,3,0] -8.659560562354932e-17
22366 OSIM_X_c0[1,116,116,1,4,0] 0
22367 OSIM_X_c0[1,116,116,1,5,0] 0
22368 OSIM_X_c0[1,116,116,1,6,0] 0
22369 OSIM_X_c0[1,116,116,2,1,0] -8.659560562354932e-17
22370 OSIM_X_c0[1,116,116,2,2,0] 2.220446049250313e-16
22371 OSIM_X_c0[1,116,116,2,3,0] 0.9999999999999998
22372 OSIM_X_c0[1,116,116,2,4,0] 0
22373 OSIM_X_c0[1,116,116,2,5,0] 0
22374 OSIM_X_c0[1,116,116,2,6,0] 0
22375 OSIM_X_c0[1,116,116,3,1,0] 8.659560562354932e-17
22376 OSIM_X_c0[1,116,116,3,2,0] 0.9999999999999998
22377 OSIM_X_c0[1,116,116,3,3,0] 2.220446049250313e-16
22378 OSIM_X_c0[1,116,116,3,4,0] 0
22379 OSIM_X_c0[1,116,116,3,5,0] 0
22380 OSIM_X_c0[1,116,116,3,6,0] 0
22381 OSIM_X_c0[1,116,116,4,1,0] 8.65956056235493e-17
22382 OSIM_X_c0[1,116,116,4,2,0] 0.9999999999999993
22383 OSIM_X_c0[1,116,116,4,3,0] -4.930380657631324e-32
22384 OSIM_X_c0[1,116,116,4,4,0] -0.9999999999999996
22385 OSIM_X_c0[1,116,116,4,5,0] 8.659560562354932e-17
22386 OSIM_X_c0[1,116,116,4,6,0] -8.659560562354932e-17
22387 OSIM_X_c0[1,116,116,5,1,0] -9.215119648970728e-17
22388 OSIM_X_c0[1,116,116,5,2,0] 1.4999999999999993
22389 OSIM_X_c0[1,116,116,5,3,0] 3.3306690738754686e-16
22390 OSIM_X_c0[1,116,116,5,4,0] -8.659560562354932e-17
22391 OSIM_X_c0[1,116,116,5,5,0] 2.220446049250313e-16
22392 OSIM_X_c0[1,116,116,5,6,0] 0.9999999999999998
22393 OSIM_X_c0[1,116,116,6,1,0] 0.9999999999999992
22394 OSIM_X_c0[1,116,116,6,2,0] -4.196625130110961e-16
22395 OSIM_X_c0[1,116,116,6,3,0] -1.4999999999999993
22396 OSIM_X_c0[1,116,116,6,4,0] 8.659560562354932e-17
22397 OSIM_X_c0[1,116,116,6,5,0] 0.9999999999999998
22398 OSIM_X_c0[1,116,116,6,6,0] 2.220446049250313e-16
22399 OSIM_X_c0[1,117,117,1,1,0] -0.9999999999999996
22400 OSIM_X_c0[1,117,117,1,2,0] 8.659560562354932e-17
22401 OSIM_X_c0[1,117,117,1,3,0] -8.659560562354932e-17
22402 OSIM_X_c0[1,117,117,1,4,0] 0
22403 OSIM_X_c0[1,117,117,1,5,0] 0
22404 OSIM_X_c0[1,117,117,1,6,0] 0
22405 OSIM_X_c0[1,117,117,2,1,0] -8.659560562354932e-17
22406 OSIM_X_c0[1,117,117,2,2,0] 2.220446049250313e-16
22407 OSIM_X_c0[1,117,117,2,3,0] 0.9999999999999998
22408 OSIM_X_c0[1,117,117,2,4,0] 0
22409 OSIM_X_c0[1,117,117,2,5,0] 0
22410 OSIM_X_c0[1,117,117,2,6,0] 0
22411 OSIM_X_c0[1,117,117,3,1,0] 8.659560562354932e-17
22412 OSIM_X_c0[1,117,117,3,2,0] 0.9999999999999998
22413 OSIM_X_c0[1,117,117,3,3,0] 2.220446049250313e-16
22414 OSIM_X_c0[1,117,117,3,4,0] 0
22415 OSIM_X_c0[1,117,117,3,5,0] 0
22416 OSIM_X_c0[1,117,117,3,6,0] 0
22417 OSIM_X_c0[1,117,117,4,1,0] 8.65956056235493e-17
22418 OSIM_X_c0[1,117,117,4,2,0] 0.9999999999999993
22419 OSIM_X_c0[1,117,117,4,3,0] -4.930380657631324e-32
22420 OSIM_X_c0[1,117,117,4,4,0] -0.9999999999999996
22421 OSIM_X_c0[1,117,117,4,5,0] 8.659560562354932e-17
22422 OSIM_X_c0[1,117,117,4,6,0] -8.659560562354932e-17
22423 OSIM_X_c0[1,117,117,5,1,0] -9.215119648970728e-17
22424 OSIM_X_c0[1,117,117,5,2,0] 1.4999999999999993
22425 OSIM_X_c0[1,117,117,5,3,0] 3.3306690738754686e-16
22426 OSIM_X_c0[1,117,117,5,4,0] -8.659560562354932e-17
22427 OSIM_X_c0[1,117,117,5,5,0] 2.220446049250313e-16
22428 OSIM_X_c0[1,117,117,5,6,0] 0.9999999999999998
22429 OSIM_X_c0[1,117,117,6,1,0] 0.9999999999999992
22430 OSIM_X_c0[1,117,117,6,2,0] -4.196625130110961e-16
22431 OSIM_X_c0[1,117,117,6,3,0] -1.4999999999999993
22432 OSIM_X_c0[1,117,117,6,4,0] 8.659560562354932e-17
22433 OSIM_X_c0[1,117,117,6,5,0] 0.9999999999999998
22434 OSIM_X_c0[1,117,117,6,6,0] 2.220446049250313e-16
22435 OSIM_X_c0[1,118,118,1,1,0] -0.9999999999999996
22436 OSIM_X_c0[1,118,118,1,2,0] 8.659560562354932e-17
22437 OSIM_X_c0[1,118,118,1,3,0] -8.659560562354932e-17
22438 OSIM_X_c0[1,118,118,1,4,0] 0
22439 OSIM_X_c0[1,118,118,1,5,0] 0
22440 OSIM_X_c0[1,118,118,1,6,0] 0
22441 OSIM_X_c0[1,118,118,2,1,0] -8.659560562354932e-17
22442 OSIM_X_c0[1,118,118,2,2,0] 2.220446049250313e-16
22443 OSIM_X_c0[1,118,118,2,3,0] 0.9999999999999998
22444 OSIM_X_c0[1,118,118,2,4,0] 0
22445 OSIM_X_c0[1,118,118,2,5,0] 0
22446 OSIM_X_c0[1,118,118,2,6,0] 0
22447 OSIM_X_c0[1,118,118,3,1,0] 8.659560562354932e-17
22448 OSIM_X_c0[1,118,118,3,2,0] 0.9999999999999998
22449 OSIM_X_c0[1,118,118,3,3,0] 2.220446049250313e-16
22450 OSIM_X_c0[1,118,118,3,4,0] 0
22451 OSIM_X_c0[1,118,118,3,5,0] 0
22452 OSIM_X_c0[1,118,118,3,6,0] 0
22453 OSIM_X_c0[1,118,118,4,1,0] 8.65956056235493e-17
22454 OSIM_X_c0[1,118,118,4,2,0] 0.9999999999999993
22455 OSIM_X_c0[1,118,118,4,3,0] -4.930380657631324e-32
22456 OSIM_X_c0[1,118,118,4,4,0] -0.9999999999999996
22457 OSIM_X_c0[1,118,118,4,5,0] 8.659560562354932e-17
22458 OSIM_X_c0[1,118,118,4,6,0] -8.659560562354932e-17
22459 OSIM_X_c0[1,118,118,5,1,0] -9.215119648970728e-17
22460 OSIM_X_c0[1,118,118,5,2,0] 1.4999999999999993
22461 OSIM_X_c0[1,118,118,5,3,0] 3.3306690738754686e-16
22462 OSIM_X_c0[1,118,118,5,4,0] -8.659560562354932e-17
22463 OSIM_X_c0[1,118,118,5,5,0] 2.220446049250313e-16
22464 OSIM_X_c0[1,118,118,5,6,0] 0.9999999999999998
22465 OSIM_X_c0[1,118,118,6,1,0] 0.9999999999999992
22466 OSIM_X_c0[1,118,118,6,2,0] -4.196625130110961e-16
22467 OSIM_X_c0[1,118,118,6,3,0] -1.4999999999999993
22468 OSIM_X_c0[1,118,118,6,4,0] 8.659560562354932e-17
22469 OSIM_X_c0[1,118,118,6,5,0] 0.9999999999999998
22470 OSIM_X_c0[1,118,118,6,6,0] 2.220446049250313e-16
22471 OSIM_X_c0[1,119,119,1,1,0] -0.9999999999999996
22472 OSIM_X_c0[1,119,119,1,2,0] 8.659560562354932e-17
22473 OSIM_X_c0[1,119,119,1,3,0] -8.659560562354932e-17
22474 OSIM_X_c0[1,119,119,1,4,0] 0
22475 OSIM_X_c0[1,119,119,1,5,0] 0
22476 OSIM_X_c0[1,119,119,1,6,0] 0
22477 OSIM_X_c0[1,119,119,2,1,0] -8.659560562354932e-17
22478 OSIM_X_c0[1,119,119,2,2,0] 2.220446049250313e-16
22479 OSIM_X_c0[1,119,119,2,3,0] 0.9999999999999998
22480 OSIM_X_c0[1,119,119,2,4,0] 0
22481 OSIM_X_c0[1,119,119,2,5,0] 0
22482 OSIM_X_c0[1,119,119,2,6,0] 0
22483 OSIM_X_c0[1,119,119,3,1,0] 8.659560562354932e-17
22484 OSIM_X_c0[1,119,119,3,2,0] 0.9999999999999998
22485 OSIM_X_c0[1,119,119,3,3,0] 2.220446049250313e-16
22486 OSIM_X_c0[1,119,119,3,4,0] 0
22487 OSIM_X_c0[1,119,119,3,5,0] 0
22488 OSIM_X_c0[1,119,119,3,6,0] 0
22489 OSIM_X_c0[1,119,119,4,1,0] 8.65956056235493e-17
22490 OSIM_X_c0[1,119,119,4,2,0] 0.9999999999999993
22491 OSIM_X_c0[1,119,119,4,3,0] -4.930380657631324e-32
22492 OSIM_X_c0[1,119,119,4,4,0] -0.9999999999999996
22493 OSIM_X_c0[1,119,119,4,5,0] 8.659560562354932e-17
22494 OSIM_X_c0[1,119,119,4,6,0] -8.659560562354932e-17
22495 OSIM_X_c0[1,119,119,5,1,0] -9.215119648970728e-17
22496 OSIM_X_c0[1,119,119,5,2,0] 1.4999999999999993
22497 OSIM_X_c0[1,119,119,5,3,0] 3.3306690738754686e-16
22498 OSIM_X_c0[1,119,119,5,4,0] -8.659560562354932e-17
22499 OSIM_X_c0[1,119,119,5,5,0] 2.220446049250313e-16
22500 OSIM_X_c0[1,119,119,5,6,0] 0.9999999999999998
22501 OSIM_X_c0[1,119,119,6,1,0] 0.9999999999999992
22502 OSIM_X_c0[1,119,119,6,2,0] -4.196625130110961e-16
22503 OSIM_X_c0[1,119,119,6,3,0] -1.4999999999999993
22504 OSIM_X_c0[1,119,119,6,4,0] 8.659560562354932e-17
22505 OSIM_X_c0[1,119,119,6,5,0] 0.9999999999999998
22506 OSIM_X_c0[1,119,119,6,6,0] 2.220446049250313e-16
22507 OSIM_X_c0[1,120,120,1,1,0] -0.9999999999999996
22508 OSIM_X_c0[1,120,120,1,2,0] 8.659560562354932e-17
22509 OSIM_X_c0[1,120,120,1,3,0] -8.659560562354932e-17
22510 OSIM_X_c0[1,120,120,1,4,0] 0
22511 OSIM_X_c0[1,120,120,1,5,0] 0
22512 OSIM_X_c0[1,120,120,1,6,0] 0
22513 OSIM_X_c0[1,120,120,2,1,0] -8.659560562354932e-17
22514 OSIM_X_c0[1,120,120,2,2,0] 2.220446049250313e-16
22515 OSIM_X_c0[1,120,120,2,3,0] 0.9999999999999998
22516 OSIM_X_c0[1,120,120,2,4,0] 0
22517 OSIM_X_c0[1,120,120,2,5,0] 0
22518 OSIM_X_c0[1,120,120,2,6,0] 0
22519 OSIM_X_c0[1,120,120,3,1,0] 8.659560562354932e-17
22520 OSIM_X_c0[1,120,120,3,2,0] 0.9999999999999998
22521 OSIM_X_c0[1,120,120,3,3,0] 2.220446049250313e-16
22522 OSIM_X_c0[1,120,120,3,4,0] 0
22523 OSIM_X_c0[1,120,120,3,5,0] 0
22524 OSIM_X_c0[1,120,120,3,6,0] 0
22525 OSIM_X_c0[1,120,120,4,1,0] 8.65956056235493e-17
22526 OSIM_X_c0[1,120,120,4,2,0] 0.9999999999999993
22527 OSIM_X_c0[1,120,120,4,3,0] -4.930380657631324e-32
22528 OSIM_X_c0[1,120,120,4,4,0] -0.9999999999999996
22529 OSIM_X_c0[1,120,120,4,5,0] 8.659560562354932e-17
22530 OSIM_X_c0[1,120,120,4,6,0] -8.659560562354932e-17
22531 OSIM_X_c0[1,120,120,5,1,0] -9.215119648970728e-17
22532 OSIM_X_c0[1,120,120,5,2,0] 1.4999999999999993
22533 OSIM_X_c0[1,120,120,5,3,0] 3.3306690738754686e-16
22534 OSIM_X_c0[1,120,120,5,4,0] -8.659560562354932e-17
22535 OSIM_X_c0[1,120,120,5,5,0] 2.220446049250313e-16
22536 OSIM_X_c0[1,120,120,5,6,0] 0.9999999999999998
22537 OSIM_X_c0[1,120,120,6,1,0] 0.9999999999999992
22538 OSIM_X_c0[1,120,120,6,2,0] -4.196625130110961e-16
22539 OSIM_X_c0[1,120,120,6,3,0] -1.4999999999999993
22540 OSIM_X_c0[1,120,120,6,4,0] 8.659560562354932e-17
22541 OSIM_X_c0[1,120,120,6,5,0] 0.9999999999999998
22542 OSIM_X_c0[1,120,120,6,6,0] 2.220446049250313e-16
22543 OSIM_X_c0[1,121,121,1,1,0] -0.9999999999999996
22544 OSIM_X_c0[1,121,121,1,2,0] 8.659560562354932e-17
22545 OSIM_X_c0[1,121,121,1,3,0] -8.659560562354932e-17
22546 OSIM_X_c0[1,121,121,1,4,0] 0
22547 OSIM_X_c0[1,121,121,1,5,0] 0
22548 OSIM_X_c0[1,121,121,1,6,0] 0
22549 OSIM_X_c0[1,121,121,2,1,0] -8.659560562354932e-17
22550 OSIM_X_c0[1,121,121,2,2,0] 2.220446049250313e-16
22551 OSIM_X_c0[1,121,121,2,3,0] 0.9999999999999998
22552 OSIM_X_c0[1,121,121,2,4,0] 0
22553 OSIM_X_c0[1,121,121,2,5,0] 0
22554 OSIM_X_c0[1,121,121,2,6,0] 0
22555 OSIM_X_c0[1,121,121,3,1,0] 8.659560562354932e-17
22556 OSIM_X_c0[1,121,121,3,2,0] 0.9999999999999998
22557 OSIM_X_c0[1,121,121,3,3,0] 2.220446049250313e-16
22558 OSIM_X_c0[1,121,121,3,4,0] 0
22559 OSIM_X_c0[1,121,121,3,5,0] 0
22560 OSIM_X_c0[1,121,121,3,6,0] 0
22561 OSIM_X_c0[1,121,121,4,1,0] 8.659560562354932e-17
22562 OSIM_X_c0[1,121,121,4,2,0] 0.9999999999999993
22563 OSIM_X_c0[1,121,121,4,3,0] -2.220446049250313e-16
22564 OSIM_X_c0[1,121,121,4,4,0] -0.9999999999999996
22565 OSIM_X_c0[1,121,121,4,5,0] 8.659560562354932e-17
22566 OSIM_X_c0[1,121,121,4,6,0] -8.659560562354932e-17
22567 OSIM_X_c0[1,121,121,5,1,0] -3.5749360422651307e-16
22568 OSIM_X_c0[1,121,121,5,2,0] 1.0000000000000002
22569 OSIM_X_c0[1,121,121,5,3,0] 2.2204460492503136e-16
22570 OSIM_X_c0[1,121,121,5,4,0] -8.659560562354932e-17
22571 OSIM_X_c0[1,121,121,5,5,0] 2.220446049250313e-16
22572 OSIM_X_c0[1,121,121,5,6,0] 0.9999999999999998
22573 OSIM_X_c0[1,121,121,6,1,0] 0.9999999999999992
22574 OSIM_X_c0[1,121,121,6,2,0] -3.0864021054858066e-16
22575 OSIM_X_c0[1,121,121,6,3,0] -1.0000000000000002
22576 OSIM_X_c0[1,121,121,6,4,0] 8.659560562354932e-17
22577 OSIM_X_c0[1,121,121,6,5,0] 0.9999999999999998
22578 OSIM_X_c0[1,121,121,6,6,0] 2.220446049250313e-16
22579 OSIM_X_c0[1,122,122,1,1,0] -0.9999999999999996
22580 OSIM_X_c0[1,122,122,1,2,0] 8.659560562354932e-17
22581 OSIM_X_c0[1,122,122,1,3,0] -8.659560562354932e-17
22582 OSIM_X_c0[1,122,122,1,4,0] 0
22583 OSIM_X_c0[1,122,122,1,5,0] 0
22584 OSIM_X_c0[1,122,122,1,6,0] 0
22585 OSIM_X_c0[1,122,122,2,1,0] -8.659560562354932e-17
22586 OSIM_X_c0[1,122,122,2,2,0] 2.220446049250313e-16
22587 OSIM_X_c0[1,122,122,2,3,0] 0.9999999999999998
22588 OSIM_X_c0[1,122,122,2,4,0] 0
22589 OSIM_X_c0[1,122,122,2,5,0] 0
22590 OSIM_X_c0[1,122,122,2,6,0] 0
22591 OSIM_X_c0[1,122,122,3,1,0] 8.659560562354932e-17
22592 OSIM_X_c0[1,122,122,3,2,0] 0.9999999999999998
22593 OSIM_X_c0[1,122,122,3,3,0] 2.220446049250313e-16
22594 OSIM_X_c0[1,122,122,3,4,0] 0
22595 OSIM_X_c0[1,122,122,3,5,0] 0
22596 OSIM_X_c0[1,122,122,3,6,0] 0
22597 OSIM_X_c0[1,122,122,4,1,0] 8.659560562354932e-17
22598 OSIM_X_c0[1,122,122,4,2,0] 0.9999999999999993
22599 OSIM_X_c0[1,122,122,4,3,0] -2.220446049250313e-16
22600 OSIM_X_c0[1,122,122,4,4,0] -0.9999999999999996
22601 OSIM_X_c0[1,122,122,4,5,0] 8.659560562354932e-17
22602 OSIM_X_c0[1,122,122,4,6,0] -8.659560562354932e-17
22603 OSIM_X_c0[1,122,122,5,1,0] -3.5749360422651307e-16
22604 OSIM_X_c0[1,122,122,5,2,0] 1.0000000000000002
22605 OSIM_X_c0[1,122,122,5,3,0] 2.2204460492503136e-16
22606 OSIM_X_c0[1,122,122,5,4,0] -8.659560562354932e-17
22607 OSIM_X_c0[1,122,122,5,5,0] 2.220446049250313e-16
22608 OSIM_X_c0[1,122,122,5,6,0] 0.9999999999999998
22609 OSIM_X_c0[1,122,122,6,1,0] 0.9999999999999992
22610 OSIM_X_c0[1,122,122,6,2,0] -3.0864021054858066e-16
22611 OSIM_X_c0[1,122,122,6,3,0] -1.0000000000000002
22612 OSIM_X_c0[1,122,122,6,4,0] 8.659560562354932e-17
22613 OSIM_X_c0[1,122,122,6,5,0] 0.9999999999999998
22614 OSIM_X_c0[1,122,122,6,6,0] 2.220446049250313e-16
22615 OSIM_X_c0[1,123,123,1,1,0] -0.9999999999999996
22616 OSIM_X_c0[1,123,123,1,2,0] 8.659560562354932e-17
22617 OSIM_X_c0[1,123,123,1,3,0] -8.659560562354932e-17
22618 OSIM_X_c0[1,123,123,1,4,0] 0
22619 OSIM_X_c0[1,123,123,1,5,0] 0
22620 OSIM_X_c0[1,123,123,1,6,0] 0
22621 OSIM_X_c0[1,123,123,2,1,0] -8.659560562354932e-17
22622 OSIM_X_c0[1,123,123,2,2,0] 2.220446049250313e-16
22623 OSIM_X_c0[1,123,123,2,3,0] 0.9999999999999998
22624 OSIM_X_c0[1,123,123,2,4,0] 0
22625 OSIM_X_c0[1,123,123,2,5,0] 0
22626 OSIM_X_c0[1,123,123,2,6,0] 0
22627 OSIM_X_c0[1,123,123,3,1,0] 8.659560562354932e-17
22628 OSIM_X_c0[1,123,123,3,2,0] 0.9999999999999998
22629 OSIM_X_c0[1,123,123,3,3,0] 2.220446049250313e-16
22630 OSIM_X_c0[1,123,123,3,4,0] 0
22631 OSIM_X_c0[1,123,123,3,5,0] 0
22632 OSIM_X_c0[1,123,123,3,6,0] 0
22633 OSIM_X_c0[1,123,123,4,1,0] 8.659560562354932e-17
22634 OSIM_X_c0[1,123,123,4,2,0] 0.9999999999999993
22635 OSIM_X_c0[1,123,123,4,3,0] -2.220446049250313e-16
22636 OSIM_X_c0[1,123,123,4,4,0] -0.9999999999999996
22637 OSIM_X_c0[1,123,123,4,5,0] 8.659560562354932e-17
22638 OSIM_X_c0[1,123,123,4,6,0] -8.659560562354932e-17
22639 OSIM_X_c0[1,123,123,5,1,0] -3.5749360422651307e-16
22640 OSIM_X_c0[1,123,123,5,2,0] 1.0000000000000002
22641 OSIM_X_c0[1,123,123,5,3,0] 2.2204460492503136e-16
22642 OSIM_X_c0[1,123,123,5,4,0] -8.659560562354932e-17
22643 OSIM_X_c0[1,123,123,5,5,0] 2.220446049250313e-16
22644 OSIM_X_c0[1,123,123,5,6,0] 0.9999999999999998
22645 OSIM_X_c0[1,123,123,6,1,0] 0.9999999999999992
22646 OSIM_X_c0[1,123,123,6,2,0] -3.0864021054858066e-16
22647 OSIM_X_c0[1,123,123,6,3,0] -1.0000000000000002
22648 OSIM_X_c0[1,123,123,6,4,0] 8.659560562354932e-17
22649 OSIM_X_c0[1,123,123,6,5,0] 0.9999999999999998
22650 OSIM_X_c0[1,123,123,6,6,0] 2.220446049250313e-16
22651 OSIM_X_c0[1,124,124,1,1,0] -0.9999999999999996
22652 OSIM_X_c0[1,124,124,1,2,0] 8.659560562354932e-17
22653 OSIM_X_c0[1,124,124,1,3,0] -8.659560562354932e-17
22654 OSIM_X_c0[1,124,124,1,4,0] 0
22655 OSIM_X_c0[1,124,124,1,5,0] 0
22656 OSIM_X_c0[1,124,124,1,6,0] 0
22657 OSIM_X_c0[1,124,124,2,1,0] -8.659560562354932e-17
22658 OSIM_X_c0[1,124,124,2,2,0] 2.220446049250313e-16
22659 OSIM_X_c0[1,124,124,2,3,0] 0.9999999999999998
22660 OSIM_X_c0[1,124,124,2,4,0] 0
22661 OSIM_X_c0[1,124,124,2,5,0] 0
22662 OSIM_X_c0[1,124,124,2,6,0] 0
22663 OSIM_X_c0[1,124,124,3,1,0] 8.659560562354932e-17
22664 OSIM_X_c0[1,124,124,3,2,0] 0.9999999999999998
22665 OSIM_X_c0[1,124,124,3,3,0] 2.220446049250313e-16
22666 OSIM_X_c0[1,124,124,3,4,0] 0
22667 OSIM_X_c0[1,124,124,3,5,0] 0
22668 OSIM_X_c0[1,124,124,3,6,0] 0
22669 OSIM_X_c0[1,124,124,4,1,0] 8.659560562354932e-17
22670 OSIM_X_c0[1,124,124,4,2,0] 0.9999999999999993
22671 OSIM_X_c0[1,124,124,4,3,0] -2.220446049250313e-16
22672 OSIM_X_c0[1,124,124,4,4,0] -0.9999999999999996
22673 OSIM_X_c0[1,124,124,4,5,0] 8.659560562354932e-17
22674 OSIM_X_c0[1,124,124,4,6,0] -8.659560562354932e-17
22675 OSIM_X_c0[1,124,124,5,1,0] -3.5749360422651307e-16
22676 OSIM_X_c0[1,124,124,5,2,0] 1.0000000000000002
22677 OSIM_X_c0[1,124,124,5,3,0] 2.2204460492503136e-16
22678 OSIM_X_c0[1,124,124,5,4,0] -8.659560562354932e-17
22679 OSIM_X_c0[1,124,124,5,5,0] 2.220446049250313e-16
22680 OSIM_X_c0[1,124,124,5,6,0] 0.9999999999999998
22681 OSIM_X_c0[1,124,124,6,1,0] 0.9999999999999992
22682 OSIM_X_c0[1,124,124,6,2,0] -3.0864021054858066e-16
22683 OSIM_X_c0[1,124,124,6,3,0] -1.0000000000000002
22684 OSIM_X_c0[1,124,124,6,4,0] 8.659560562354932e-17
22685 OSIM_X_c0[1,124,124,6,5,0] 0.9999999999999998
22686 OSIM_X_c0[1,124,124,6,6,0] 2.220446049250313e-16
22687 OSIM_X_c0[1,125,125,1,1,0] -0.9999999999999996
22688 OSIM_X_c0[1,125,125,1,2,0] 8.659560562354932e-17
22689 OSIM_X_c0[1,125,125,1,3,0] -8.659560562354932e-17
22690 OSIM_X_c0[1,125,125,1,4,0] 0
22691 OSIM_X_c0[1,125,125,1,5,0] 0
22692 OSIM_X_c0[1,125,125,1,6,0] 0
22693 OSIM_X_c0[1,125,125,2,1,0] -8.659560562354932e-17
22694 OSIM_X_c0[1,125,125,2,2,0] 2.220446049250313e-16
22695 OSIM_X_c0[1,125,125,2,3,0] 0.9999999999999998
22696 OSIM_X_c0[1,125,125,2,4,0] 0
22697 OSIM_X_c0[1,125,125,2,5,0] 0
22698 OSIM_X_c0[1,125,125,2,6,0] 0
22699 OSIM_X_c0[1,125,125,3,1,0] 8.659560562354932e-17
22700 OSIM_X_c0[1,125,125,3,2,0] 0.9999999999999998
22701 OSIM_X_c0[1,125,125,3,3,0] 2.220446049250313e-16
22702 OSIM_X_c0[1,125,125,3,4,0] 0
22703 OSIM_X_c0[1,125,125,3,5,0] 0
22704 OSIM_X_c0[1,125,125,3,6,0] 0
22705 OSIM_X_c0[1,125,125,4,1,0] 8.659560562354932e-17
22706 OSIM_X_c0[1,125,125,4,2,0] 0.9999999999999993
22707 OSIM_X_c0[1,125,125,4,3,0] -2.220446049250313e-16
22708 OSIM_X_c0[1,125,125,4,4,0] -0.9999999999999996
22709 OSIM_X_c0[1,125,125,4,5,0] 8.659560562354932e-17
22710 OSIM_X_c0[1,125,125,4,6,0] -8.659560562354932e-17
22711 OSIM_X_c0[1,125,125,5,1,0] -3.5749360422651307e-16
22712 OSIM_X_c0[1,125,125,5,2,0] 1.0000000000000002
22713 OSIM_X_c0[1,125,125,5,3,0] 2.2204460492503136e-16
22714 OSIM_X_c0[1,125,125,5,4,0] -8.659560562354932e-17
22715 OSIM_X_c0[1,125,125,5,5,0] 2.220446049250313e-16
22716 OSIM_X_c0[1,125,125,5,6,0] 0.9999999999999998
22717 OSIM_X_c0[1,125,125,6,1,0] 0.9999999999999992
22718 OSIM_X_c0[1,125,125,6,2,0] -3.0864021054858066e-16
22719 OSIM_X_c0[1,125,125,6,3,0] -1.0000000000000002
22720 OSIM_X_c0[1,125,125,6,4,0] 8.659560562354932e-17
22721 OSIM_X_c0[1,125,125,6,5,0] 0.9999999999999998
22722 OSIM_X_c0[1,125,125,6,6,0] 2.220446049250313e-16
22723 OSIM_X_c0[1,126,126,1,1,0] -0.9999999999999996
22724 OSIM_X_c0[1,126,126,1,2,0] 8.659560562354932e-17
22725 OSIM_X_c0[1,126,126,1,3,0] -8.659560562354932e-17
22726 OSIM_X_c0[1,126,126,1,4,0] 0
22727 OSIM_X_c0[1,126,126,1,5,0] 0
22728 OSIM_X_c0[1,126,126,1,6,0] 0
22729 OSIM_X_c0[1,126,126,2,1,0] -8.659560562354932e-17
22730 OSIM_X_c0[1,126,126,2,2,0] 2.220446049250313e-16
22731 OSIM_X_c0[1,126,126,2,3,0] 0.9999999999999998
22732 OSIM_X_c0[1,126,126,2,4,0] 0
22733 OSIM_X_c0[1,126,126,2,5,0] 0
22734 OSIM_X_c0[1,126,126,2,6,0] 0
22735 OSIM_X_c0[1,126,126,3,1,0] 8.659560562354932e-17
22736 OSIM_X_c0[1,126,126,3,2,0] 0.9999999999999998
22737 OSIM_X_c0[1,126,126,3,3,0] 2.220446049250313e-16
22738 OSIM_X_c0[1,126,126,3,4,0] 0
22739 OSIM_X_c0[1,126,126,3,5,0] 0
22740 OSIM_X_c0[1,126,126,3,6,0] 0
22741 OSIM_X_c0[1,126,126,4,1,0] 8.659560562354932e-17
22742 OSIM_X_c0[1,126,126,4,2,0] 0.9999999999999993
22743 OSIM_X_c0[1,126,126,4,3,0] -2.220446049250313e-16
22744 OSIM_X_c0[1,126,126,4,4,0] -0.9999999999999996
22745 OSIM_X_c0[1,126,126,4,5,0] 8.659560562354932e-17
22746 OSIM_X_c0[1,126,126,4,6,0] -8.659560562354932e-17
22747 OSIM_X_c0[1,126,126,5,1,0] -3.5749360422651307e-16
22748 OSIM_X_c0[1,126,126,5,2,0] 1.0000000000000002
22749 OSIM_X_c0[1,126,126,5,3,0] 2.2204460492503136e-16
22750 OSIM_X_c0[1,126,126,5,4,0] -8.659560562354932e-17
22751 OSIM_X_c0[1,126,126,5,5,0] 2.220446049250313e-16
22752 OSIM_X_c0[1,126,126,5,6,0] 0.9999999999999998
22753 OSIM_X_c0[1,126,126,6,1,0] 0.9999999999999992
22754 OSIM_X_c0[1,126,126,6,2,0] -3.0864021054858066e-16
22755 OSIM_X_c0[1,126,126,6,3,0] -1.0000000000000002
22756 OSIM_X_c0[1,126,126,6,4,0] 8.659560562354932e-17
22757 OSIM_X_c0[1,126,126,6,5,0] 0.9999999999999998
22758 OSIM_X_c0[1,126,126,6,6,0] 2.220446049250313e-16
22759 OSIM_X_c0[1,127,127,1,1,0] -0.9999999999999996
22760 OSIM_X_c0[1,127,127,1,2,0] 8.659560562354932e-17
22761 OSIM_X_c0[1,127,127,1,3,0] -8.659560562354932e-17
22762 OSIM_X_c0[1,127,127,1,4,0] 0
22763 OSIM_X_c0[1,127,127,1,5,0] 0
22764 OSIM_X_c0[1,127,127,1,6,0] 0
22765 OSIM_X_c0[1,127,127,2,1,0] -8.659560562354932e-17
22766 OSIM_X_c0[1,127,127,2,2,0] 2.220446049250313e-16
22767 OSIM_X_c0[1,127,127,2,3,0] 0.9999999999999998
22768 OSIM_X_c0[1,127,127,2,4,0] 0
22769 OSIM_X_c0[1,127,127,2,5,0] 0
22770 OSIM_X_c0[1,127,127,2,6,0] 0
22771 OSIM_X_c0[1,127,127,3,1,0] 8.659560562354932e-17
22772 OSIM_X_c0[1,127,127,3,2,0] 0.9999999999999998
22773 OSIM_X_c0[1,127,127,3,3,0] 2.220446049250313e-16
22774 OSIM_X_c0[1,127,127,3,4,0] 0
22775 OSIM_X_c0[1,127,127,3,5,0] 0
22776 OSIM_X_c0[1,127,127,3,6,0] 0
22777 OSIM_X_c0[1,127,127,4,1,0] 8.659560562354932e-17
22778 OSIM_X_c0[1,127,127,4,2,0] 0.9999999999999996
22779 OSIM_X_c0[1,127,127,4,3,0] 0
22780 OSIM_X_c0[1,127,127,4,4,0] -0.9999999999999996
22781 OSIM_X_c0[1,127,127,4,5,0] 8.659560562354932e-17
22782 OSIM_X_c0[1,127,127,4,6,0] -8.659560562354932e-17
22783 OSIM_X_c0[1,127,127,5,1,0] -1.7874680211325656e-16
22784 OSIM_X_c0[1,127,127,5,2,0] 0.4999999999999999
22785 OSIM_X_c0[1,127,127,5,3,0] 1.1102230246251563e-16
22786 OSIM_X_c0[1,127,127,5,4,0] -8.659560562354932e-17
22787 OSIM_X_c0[1,127,127,5,5,0] 2.220446049250313e-16
22788 OSIM_X_c0[1,127,127,5,6,0] 0.9999999999999998
22789 OSIM_X_c0[1,127,127,6,1,0] 0.9999999999999993
22790 OSIM_X_c0[1,127,127,6,2,0] -1.9761790808606496e-16
22791 OSIM_X_c0[1,127,127,6,3,0] -0.4999999999999998
22792 OSIM_X_c0[1,127,127,6,4,0] 8.659560562354932e-17
22793 OSIM_X_c0[1,127,127,6,5,0] 0.9999999999999998
22794 OSIM_X_c0[1,127,127,6,6,0] 2.220446049250313e-16
22795 OSIM_X_c0[1,128,128,1,1,0] -0.9999999999999996
22796 OSIM_X_c0[1,128,128,1,2,0] 8.659560562354932e-17
22797 OSIM_X_c0[1,128,128,1,3,0] -8.659560562354932e-17
22798 OSIM_X_c0[1,128,128,1,4,0] 0
22799 OSIM_X_c0[1,128,128,1,5,0] 0
22800 OSIM_X_c0[1,128,128,1,6,0] 0
22801 OSIM_X_c0[1,128,128,2,1,0] -8.659560562354932e-17
22802 OSIM_X_c0[1,128,128,2,2,0] 2.220446049250313e-16
22803 OSIM_X_c0[1,128,128,2,3,0] 0.9999999999999998
22804 OSIM_X_c0[1,128,128,2,4,0] 0
22805 OSIM_X_c0[1,128,128,2,5,0] 0
22806 OSIM_X_c0[1,128,128,2,6,0] 0
22807 OSIM_X_c0[1,128,128,3,1,0] 8.659560562354932e-17
22808 OSIM_X_c0[1,128,128,3,2,0] 0.9999999999999998
22809 OSIM_X_c0[1,128,128,3,3,0] 2.220446049250313e-16
22810 OSIM_X_c0[1,128,128,3,4,0] 0
22811 OSIM_X_c0[1,128,128,3,5,0] 0
22812 OSIM_X_c0[1,128,128,3,6,0] 0
22813 OSIM_X_c0[1,128,128,4,1,0] 8.659560562354932e-17
22814 OSIM_X_c0[1,128,128,4,2,0] 0.9999999999999996
22815 OSIM_X_c0[1,128,128,4,3,0] 0
22816 OSIM_X_c0[1,128,128,4,4,0] -0.9999999999999996
22817 OSIM_X_c0[1,128,128,4,5,0] 8.659560562354932e-17
22818 OSIM_X_c0[1,128,128,4,6,0] -8.659560562354932e-17
22819 OSIM_X_c0[1,128,128,5,1,0] -1.7874680211325656e-16
22820 OSIM_X_c0[1,128,128,5,2,0] 0.4999999999999999
22821 OSIM_X_c0[1,128,128,5,3,0] 1.1102230246251563e-16
22822 OSIM_X_c0[1,128,128,5,4,0] -8.659560562354932e-17
22823 OSIM_X_c0[1,128,128,5,5,0] 2.220446049250313e-16
22824 OSIM_X_c0[1,128,128,5,6,0] 0.9999999999999998
22825 OSIM_X_c0[1,128,128,6,1,0] 0.9999999999999993
22826 OSIM_X_c0[1,128,128,6,2,0] -1.9761790808606496e-16
22827 OSIM_X_c0[1,128,128,6,3,0] -0.4999999999999998
22828 OSIM_X_c0[1,128,128,6,4,0] 8.659560562354932e-17
22829 OSIM_X_c0[1,128,128,6,5,0] 0.9999999999999998
22830 OSIM_X_c0[1,128,128,6,6,0] 2.220446049250313e-16
22831 OSIM_X_c0[1,129,129,1,1,0] -0.9999999999999996
22832 OSIM_X_c0[1,129,129,1,2,0] 8.659560562354932e-17
22833 OSIM_X_c0[1,129,129,1,3,0] -8.659560562354932e-17
22834 OSIM_X_c0[1,129,129,1,4,0] 0
22835 OSIM_X_c0[1,129,129,1,5,0] 0
22836 OSIM_X_c0[1,129,129,1,6,0] 0
22837 OSIM_X_c0[1,129,129,2,1,0] -8.659560562354932e-17
22838 OSIM_X_c0[1,129,129,2,2,0] 2.220446049250313e-16
22839 OSIM_X_c0[1,129,129,2,3,0] 0.9999999999999998
22840 OSIM_X_c0[1,129,129,2,4,0] 0
22841 OSIM_X_c0[1,129,129,2,5,0] 0
22842 OSIM_X_c0[1,129,129,2,6,0] 0
22843 OSIM_X_c0[1,129,129,3,1,0] 8.659560562354932e-17
22844 OSIM_X_c0[1,129,129,3,2,0] 0.9999999999999998
22845 OSIM_X_c0[1,129,129,3,3,0] 2.220446049250313e-16
22846 OSIM_X_c0[1,129,129,3,4,0] 0
22847 OSIM_X_c0[1,129,129,3,5,0] 0
22848 OSIM_X_c0[1,129,129,3,6,0] 0
22849 OSIM_X_c0[1,129,129,4,1,0] 8.659560562354932e-17
22850 OSIM_X_c0[1,129,129,4,2,0] 0.9999999999999996
22851 OSIM_X_c0[1,129,129,4,3,0] 0
22852 OSIM_X_c0[1,129,129,4,4,0] -0.9999999999999996
22853 OSIM_X_c0[1,129,129,4,5,0] 8.659560562354932e-17
22854 OSIM_X_c0[1,129,129,4,6,0] -8.659560562354932e-17
22855 OSIM_X_c0[1,129,129,5,1,0] -1.7874680211325656e-16
22856 OSIM_X_c0[1,129,129,5,2,0] 0.4999999999999999
22857 OSIM_X_c0[1,129,129,5,3,0] 1.1102230246251563e-16
22858 OSIM_X_c0[1,129,129,5,4,0] -8.659560562354932e-17
22859 OSIM_X_c0[1,129,129,5,5,0] 2.220446049250313e-16
22860 OSIM_X_c0[1,129,129,5,6,0] 0.9999999999999998
22861 OSIM_X_c0[1,129,129,6,1,0] 0.9999999999999993
22862 OSIM_X_c0[1,129,129,6,2,0] -1.9761790808606496e-16
22863 OSIM_X_c0[1,129,129,6,3,0] -0.4999999999999998
22864 OSIM_X_c0[1,129,129,6,4,0] 8.659560562354932e-17
22865 OSIM_X_c0[1,129,129,6,5,0] 0.9999999999999998
22866 OSIM_X_c0[1,129,129,6,6,0] 2.220446049250313e-16
22867 OSIM_X_c0[1,130,130,1,1,0] -0.9999999999999996
22868 OSIM_X_c0[1,130,130,1,2,0] 8.659560562354932e-17
22869 OSIM_X_c0[1,130,130,1,3,0] -8.659560562354932e-17
22870 OSIM_X_c0[1,130,130,1,4,0] 0
22871 OSIM_X_c0[1,130,130,1,5,0] 0
22872 OSIM_X_c0[1,130,130,1,6,0] 0
22873 OSIM_X_c0[1,130,130,2,1,0] -8.659560562354932e-17
22874 OSIM_X_c0[1,130,130,2,2,0] 2.220446049250313e-16
22875 OSIM_X_c0[1,130,130,2,3,0] 0.9999999999999998
22876 OSIM_X_c0[1,130,130,2,4,0] 0
22877 OSIM_X_c0[1,130,130,2,5,0] 0
22878 OSIM_X_c0[1,130,130,2,6,0] 0
22879 OSIM_X_c0[1,130,130,3,1,0] 8.659560562354932e-17
22880 OSIM_X_c0[1,130,130,3,2,0] 0.9999999999999998
22881 OSIM_X_c0[1,130,130,3,3,0] 2.220446049250313e-16
22882 OSIM_X_c0[1,130,130,3,4,0] 0
22883 OSIM_X_c0[1,130,130,3,5,0] 0
22884 OSIM_X_c0[1,130,130,3,6,0] 0
22885 OSIM_X_c0[1,130,130,4,1,0] 8.659560562354932e-17
22886 OSIM_X_c0[1,130,130,4,2,0] 0.9999999999999996
22887 OSIM_X_c0[1,130,130,4,3,0] 0
22888 OSIM_X_c0[1,130,130,4,4,0] -0.9999999999999996
22889 OSIM_X_c0[1,130,130,4,5,0] 8.659560562354932e-17
22890 OSIM_X_c0[1,130,130,4,6,0] -8.659560562354932e-17
22891 OSIM_X_c0[1,130,130,5,1,0] -1.7874680211325656e-16
22892 OSIM_X_c0[1,130,130,5,2,0] 0.4999999999999999
22893 OSIM_X_c0[1,130,130,5,3,0] 1.1102230246251563e-16
22894 OSIM_X_c0[1,130,130,5,4,0] -8.659560562354932e-17
22895 OSIM_X_c0[1,130,130,5,5,0] 2.220446049250313e-16
22896 OSIM_X_c0[1,130,130,5,6,0] 0.9999999999999998
22897 OSIM_X_c0[1,130,130,6,1,0] 0.9999999999999993
22898 OSIM_X_c0[1,130,130,6,2,0] -1.9761790808606496e-16
22899 OSIM_X_c0[1,130,130,6,3,0] -0.4999999999999998
22900 OSIM_X_c0[1,130,130,6,4,0] 8.659560562354932e-17
22901 OSIM_X_c0[1,130,130,6,5,0] 0.9999999999999998
22902 OSIM_X_c0[1,130,130,6,6,0] 2.220446049250313e-16
22903 OSIM_X_c0[1,131,131,1,1,0] -0.9999999999999996
22904 OSIM_X_c0[1,131,131,1,2,0] 8.659560562354932e-17
22905 OSIM_X_c0[1,131,131,1,3,0] -8.659560562354932e-17
22906 OSIM_X_c0[1,131,131,1,4,0] 0
22907 OSIM_X_c0[1,131,131,1,5,0] 0
22908 OSIM_X_c0[1,131,131,1,6,0] 0
22909 OSIM_X_c0[1,131,131,2,1,0] -8.659560562354932e-17
22910 OSIM_X_c0[1,131,131,2,2,0] 2.220446049250313e-16
22911 OSIM_X_c0[1,131,131,2,3,0] 0.9999999999999998
22912 OSIM_X_c0[1,131,131,2,4,0] 0
22913 OSIM_X_c0[1,131,131,2,5,0] 0
22914 OSIM_X_c0[1,131,131,2,6,0] 0
22915 OSIM_X_c0[1,131,131,3,1,0] 8.659560562354932e-17
22916 OSIM_X_c0[1,131,131,3,2,0] 0.9999999999999998
22917 OSIM_X_c0[1,131,131,3,3,0] 2.220446049250313e-16
22918 OSIM_X_c0[1,131,131,3,4,0] 0
22919 OSIM_X_c0[1,131,131,3,5,0] 0
22920 OSIM_X_c0[1,131,131,3,6,0] 0
22921 OSIM_X_c0[1,131,131,4,1,0] 8.659560562354932e-17
22922 OSIM_X_c0[1,131,131,4,2,0] 0.9999999999999996
22923 OSIM_X_c0[1,131,131,4,3,0] 0
22924 OSIM_X_c0[1,131,131,4,4,0] -0.9999999999999996
22925 OSIM_X_c0[1,131,131,4,5,0] 8.659560562354932e-17
22926 OSIM_X_c0[1,131,131,4,6,0] -8.659560562354932e-17
22927 OSIM_X_c0[1,131,131,5,1,0] -1.7874680211325656e-16
22928 OSIM_X_c0[1,131,131,5,2,0] 0.4999999999999999
22929 OSIM_X_c0[1,131,131,5,3,0] 1.1102230246251563e-16
22930 OSIM_X_c0[1,131,131,5,4,0] -8.659560562354932e-17
22931 OSIM_X_c0[1,131,131,5,5,0] 2.220446049250313e-16
22932 OSIM_X_c0[1,131,131,5,6,0] 0.9999999999999998
22933 OSIM_X_c0[1,131,131,6,1,0] 0.9999999999999993
22934 OSIM_X_c0[1,131,131,6,2,0] -1.9761790808606496e-16
22935 OSIM_X_c0[1,131,131,6,3,0] -0.4999999999999998
22936 OSIM_X_c0[1,131,131,6,4,0] 8.659560562354932e-17
22937 OSIM_X_c0[1,131,131,6,5,0] 0.9999999999999998
22938 OSIM_X_c0[1,131,131,6,6,0] 2.220446049250313e-16
22939 OSIM_X_c0[1,132,132,1,1,0] -0.9999999999999996
22940 OSIM_X_c0[1,132,132,1,2,0] 8.659560562354932e-17
22941 OSIM_X_c0[1,132,132,1,3,0] -8.659560562354932e-17
22942 OSIM_X_c0[1,132,132,1,4,0] 0
22943 OSIM_X_c0[1,132,132,1,5,0] 0
22944 OSIM_X_c0[1,132,132,1,6,0] 0
22945 OSIM_X_c0[1,132,132,2,1,0] -8.659560562354932e-17
22946 OSIM_X_c0[1,132,132,2,2,0] 2.220446049250313e-16
22947 OSIM_X_c0[1,132,132,2,3,0] 0.9999999999999998
22948 OSIM_X_c0[1,132,132,2,4,0] 0
22949 OSIM_X_c0[1,132,132,2,5,0] 0
22950 OSIM_X_c0[1,132,132,2,6,0] 0
22951 OSIM_X_c0[1,132,132,3,1,0] 8.659560562354932e-17
22952 OSIM_X_c0[1,132,132,3,2,0] 0.9999999999999998
22953 OSIM_X_c0[1,132,132,3,3,0] 2.220446049250313e-16
22954 OSIM_X_c0[1,132,132,3,4,0] 0
22955 OSIM_X_c0[1,132,132,3,5,0] 0
22956 OSIM_X_c0[1,132,132,3,6,0] 0
22957 OSIM_X_c0[1,132,132,4,1,0] 8.659560562354932e-17
22958 OSIM_X_c0[1,132,132,4,2,0] 0.9999999999999996
22959 OSIM_X_c0[1,132,132,4,3,0] 0
22960 OSIM_X_c0[1,132,132,4,4,0] -0.9999999999999996
22961 OSIM_X_c0[1,132,132,4,5,0] 8.659560562354932e-17
22962 OSIM_X_c0[1,132,132,4,6,0] -8.659560562354932e-17
22963 OSIM_X_c0[1,132,132,5,1,0] -1.7874680211325656e-16
22964 OSIM_X_c0[1,132,132,5,2,0] 0.4999999999999999
22965 OSIM_X_c0[1,132,132,5,3,0] 1.1102230246251563e-16
22966 OSIM_X_c0[1,132,132,5,4,0] -8.659560562354932e-17
22967 OSIM_X_c0[1,132,132,5,5,0] 2.220446049250313e-16
22968 OSIM_X_c0[1,132,132,5,6,0] 0.9999999999999998
22969 OSIM_X_c0[1,132,132,6,1,0] 0.9999999999999993
22970 OSIM_X_c0[1,132,132,6,2,0] -1.9761790808606496e-16
22971 OSIM_X_c0[1,132,132,6,3,0] -0.4999999999999998
22972 OSIM_X_c0[1,132,132,6,4,0] 8.659560562354932e-17
22973 OSIM_X_c0[1,132,132,6,5,0] 0.9999999999999998
22974 OSIM_X_c0[1,132,132,6,6,0] 2.220446049250313e-16
22975 OSIM_X_c0[1,133,133,1,1,0] -0.9999999999999996
22976 OSIM_X_c0[1,133,133,1,2,0] 8.659560562354932e-17
22977 OSIM_X_c0[1,133,133,1,3,0] -8.659560562354932e-17
22978 OSIM_X_c0[1,133,133,1,4,0] 0
22979 OSIM_X_c0[1,133,133,1,5,0] 0
22980 OSIM_X_c0[1,133,133,1,6,0] 0
22981 OSIM_X_c0[1,133,133,2,1,0] -8.659560562354932e-17
22982 OSIM_X_c0[1,133,133,2,2,0] 2.220446049250313e-16
22983 OSIM_X_c0[1,133,133,2,3,0] 0.9999999999999998
22984 OSIM_X_c0[1,133,133,2,4,0] 0
22985 OSIM_X_c0[1,133,133,2,5,0] 0
22986 OSIM_X_c0[1,133,133,2,6,0] 0
22987 OSIM_X_c0[1,133,133,3,1,0] 8.659560562354932e-17
22988 OSIM_X_c0[1,133,133,3,2,0] 0.9999999999999998
22989 OSIM_X_c0[1,133,133,3,3,0] 2.220446049250313e-16
22990 OSIM_X_c0[1,133,133,3,4,0] 0
22991 OSIM_X_c0[1,133,133,3,5,0] 0
22992 OSIM_X_c0[1,133,133,3,6,0] 0
22993 OSIM_X_c0[1,133,133,4,1,0] 8.659560562354935e-17
22994 OSIM_X_c0[1,133,133,4,2,0] 0.9999999999999998
22995 OSIM_X_c0[1,133,133,4,3,0] -1.6653345369377338e-16
22996 OSIM_X_c0[1,133,133,4,4,0] -0.9999999999999996
22997 OSIM_X_c0[1,133,133,4,5,0] 8.659560562354932e-17
22998 OSIM_X_c0[1,133,133,4,6,0] -8.659560562354932e-17
22999 OSIM_X_c0[1,133,133,5,1,0] -3.885780586188046e-16
23000 OSIM_X_c0[1,133,133,5,2,0] 2.2204460492503128e-16
23001 OSIM_X_c0[1,133,133,5,3,0] 1.5654654258194792e-32
23002 OSIM_X_c0[1,133,133,5,4,0] -8.659560562354932e-17
23003 OSIM_X_c0[1,133,133,5,5,0] 2.220446049250313e-16
23004 OSIM_X_c0[1,133,133,5,6,0] 0.9999999999999998
23005 OSIM_X_c0[1,133,133,6,1,0] 0.9999999999999996
23006 OSIM_X_c0[1,133,133,6,2,0] -8.659560562354937e-17
23007 OSIM_X_c0[1,133,133,6,3,0] -1.3544899930148195e-16
23008 OSIM_X_c0[1,133,133,6,4,0] 8.659560562354932e-17
23009 OSIM_X_c0[1,133,133,6,5,0] 0.9999999999999998
23010 OSIM_X_c0[1,133,133,6,6,0] 2.220446049250313e-16
23011 OSIM_X_c0[1,134,134,1,1,0] -0.9999999999999996
23012 OSIM_X_c0[1,134,134,1,2,0] 8.659560562354932e-17
23013 OSIM_X_c0[1,134,134,1,3,0] -8.659560562354932e-17
23014 OSIM_X_c0[1,134,134,1,4,0] 0
23015 OSIM_X_c0[1,134,134,1,5,0] 0
23016 OSIM_X_c0[1,134,134,1,6,0] 0
23017 OSIM_X_c0[1,134,134,2,1,0] -8.659560562354932e-17
23018 OSIM_X_c0[1,134,134,2,2,0] 2.220446049250313e-16
23019 OSIM_X_c0[1,134,134,2,3,0] 0.9999999999999998
23020 OSIM_X_c0[1,134,134,2,4,0] 0
23021 OSIM_X_c0[1,134,134,2,5,0] 0
23022 OSIM_X_c0[1,134,134,2,6,0] 0
23023 OSIM_X_c0[1,134,134,3,1,0] 8.659560562354932e-17
23024 OSIM_X_c0[1,134,134,3,2,0] 0.9999999999999998
23025 OSIM_X_c0[1,134,134,3,3,0] 2.220446049250313e-16
23026 OSIM_X_c0[1,134,134,3,4,0] 0
23027 OSIM_X_c0[1,134,134,3,5,0] 0
23028 OSIM_X_c0[1,134,134,3,6,0] 0
23029 OSIM_X_c0[1,134,134,4,1,0] 8.659560562354935e-17
23030 OSIM_X_c0[1,134,134,4,2,0] 0.9999999999999998
23031 OSIM_X_c0[1,134,134,4,3,0] -1.6653345369377338e-16
23032 OSIM_X_c0[1,134,134,4,4,0] -0.9999999999999996
23033 OSIM_X_c0[1,134,134,4,5,0] 8.659560562354932e-17
23034 OSIM_X_c0[1,134,134,4,6,0] -8.659560562354932e-17
23035 OSIM_X_c0[1,134,134,5,1,0] -3.885780586188046e-16
23036 OSIM_X_c0[1,134,134,5,2,0] 2.2204460492503128e-16
23037 OSIM_X_c0[1,134,134,5,3,0] 1.5654654258194792e-32
23038 OSIM_X_c0[1,134,134,5,4,0] -8.659560562354932e-17
23039 OSIM_X_c0[1,134,134,5,5,0] 2.220446049250313e-16
23040 OSIM_X_c0[1,134,134,5,6,0] 0.9999999999999998
23041 OSIM_X_c0[1,134,134,6,1,0] 0.9999999999999996
23042 OSIM_X_c0[1,134,134,6,2,0] -8.659560562354937e-17
23043 OSIM_X_c0[1,134,134,6,3,0] -1.3544899930148195e-16
23044 OSIM_X_c0[1,134,134,6,4,0] 8.659560562354932e-17
23045 OSIM_X_c0[1,134,134,6,5,0] 0.9999999999999998
23046 OSIM_X_c0[1,134,134,6,6,0] 2.220446049250313e-16
23047 OSIM_X_c0[1,135,135,1,1,0] -0.9999999999999996
23048 OSIM_X_c0[1,135,135,1,2,0] 8.659560562354932e-17
23049 OSIM_X_c0[1,135,135,1,3,0] -8.659560562354932e-17
23050 OSIM_X_c0[1,135,135,1,4,0] 0
23051 OSIM_X_c0[1,135,135,1,5,0] 0
23052 OSIM_X_c0[1,135,135,1,6,0] 0
23053 OSIM_X_c0[1,135,135,2,1,0] -8.659560562354932e-17
23054 OSIM_X_c0[1,135,135,2,2,0] 2.220446049250313e-16
23055 OSIM_X_c0[1,135,135,2,3,0] 0.9999999999999998
23056 OSIM_X_c0[1,135,135,2,4,0] 0
23057 OSIM_X_c0[1,135,135,2,5,0] 0
23058 OSIM_X_c0[1,135,135,2,6,0] 0
23059 OSIM_X_c0[1,135,135,3,1,0] 8.659560562354932e-17
23060 OSIM_X_c0[1,135,135,3,2,0] 0.9999999999999998
23061 OSIM_X_c0[1,135,135,3,3,0] 2.220446049250313e-16
23062 OSIM_X_c0[1,135,135,3,4,0] 0
23063 OSIM_X_c0[1,135,135,3,5,0] 0
23064 OSIM_X_c0[1,135,135,3,6,0] 0
23065 OSIM_X_c0[1,135,135,4,1,0] 8.659560562354935e-17
23066 OSIM_X_c0[1,135,135,4,2,0] 0.9999999999999998
23067 OSIM_X_c0[1,135,135,4,3,0] -1.6653345369377338e-16
23068 OSIM_X_c0[1,135,135,4,4,0] -0.9999999999999996
23069 OSIM_X_c0[1,135,135,4,5,0] 8.659560562354932e-17
23070 OSIM_X_c0[1,135,135,4,6,0] -8.659560562354932e-17
23071 OSIM_X_c0[1,135,135,5,1,0] -3.885780586188046e-16
23072 OSIM_X_c0[1,135,135,5,2,0] 2.2204460492503128e-16
23073 OSIM_X_c0[1,135,135,5,3,0] 1.5654654258194792e-32
23074 OSIM_X_c0[1,135,135,5,4,0] -8.659560562354932e-17
23075 OSIM_X_c0[1,135,135,5,5,0] 2.220446049250313e-16
23076 OSIM_X_c0[1,135,135,5,6,0] 0.9999999999999998
23077 OSIM_X_c0[1,135,135,6,1,0] 0.9999999999999996
23078 OSIM_X_c0[1,135,135,6,2,0] -8.659560562354937e-17
23079 OSIM_X_c0[1,135,135,6,3,0] -1.3544899930148195e-16
23080 OSIM_X_c0[1,135,135,6,4,0] 8.659560562354932e-17
23081 OSIM_X_c0[1,135,135,6,5,0] 0.9999999999999998
23082 OSIM_X_c0[1,135,135,6,6,0] 2.220446049250313e-16
23083 OSIM_X_c0[1,136,136,1,1,0] -0.9999999999999996
23084 OSIM_X_c0[1,136,136,1,2,0] 8.659560562354932e-17
23085 OSIM_X_c0[1,136,136,1,3,0] -8.659560562354932e-17
23086 OSIM_X_c0[1,136,136,1,4,0] 0
23087 OSIM_X_c0[1,136,136,1,5,0] 0
23088 OSIM_X_c0[1,136,136,1,6,0] 0
23089 OSIM_X_c0[1,136,136,2,1,0] -8.659560562354932e-17
23090 OSIM_X_c0[1,136,136,2,2,0] 2.220446049250313e-16
23091 OSIM_X_c0[1,136,136,2,3,0] 0.9999999999999998
23092 OSIM_X_c0[1,136,136,2,4,0] 0
23093 OSIM_X_c0[1,136,136,2,5,0] 0
23094 OSIM_X_c0[1,136,136,2,6,0] 0
23095 OSIM_X_c0[1,136,136,3,1,0] 8.659560562354932e-17
23096 OSIM_X_c0[1,136,136,3,2,0] 0.9999999999999998
23097 OSIM_X_c0[1,136,136,3,3,0] 2.220446049250313e-16
23098 OSIM_X_c0[1,136,136,3,4,0] 0
23099 OSIM_X_c0[1,136,136,3,5,0] 0
23100 OSIM_X_c0[1,136,136,3,6,0] 0
23101 OSIM_X_c0[1,136,136,4,1,0] 8.659560562354935e-17
23102 OSIM_X_c0[1,136,136,4,2,0] 0.9999999999999998
23103 OSIM_X_c0[1,136,136,4,3,0] -1.6653345369377338e-16
23104 OSIM_X_c0[1,136,136,4,4,0] -0.9999999999999996
23105 OSIM_X_c0[1,136,136,4,5,0] 8.659560562354932e-17
23106 OSIM_X_c0[1,136,136,4,6,0] -8.659560562354932e-17
23107 OSIM_X_c0[1,136,136,5,1,0] -3.885780586188046e-16
23108 OSIM_X_c0[1,136,136,5,2,0] 2.2204460492503128e-16
23109 OSIM_X_c0[1,136,136,5,3,0] 1.5654654258194792e-32
23110 OSIM_X_c0[1,136,136,5,4,0] -8.659560562354932e-17
23111 OSIM_X_c0[1,136,136,5,5,0] 2.220446049250313e-16
23112 OSIM_X_c0[1,136,136,5,6,0] 0.9999999999999998
23113 OSIM_X_c0[1,136,136,6,1,0] 0.9999999999999996
23114 OSIM_X_c0[1,136,136,6,2,0] -8.659560562354937e-17
23115 OSIM_X_c0[1,136,136,6,3,0] -1.3544899930148195e-16
23116 OSIM_X_c0[1,136,136,6,4,0] 8.659560562354932e-17
23117 OSIM_X_c0[1,136,136,6,5,0] 0.9999999999999998
23118 OSIM_X_c0[1,136,136,6,6,0] 2.220446049250313e-16
23119 OSIM_X_c0[1,137,137,1,1,0] -0.9999999999999996
23120 OSIM_X_c0[1,137,137,1,2,0] 8.659560562354932e-17
23121 OSIM_X_c0[1,137,137,1,3,0] -8.659560562354932e-17
23122 OSIM_X_c0[1,137,137,1,4,0] 0
23123 OSIM_X_c0[1,137,137,1,5,0] 0
23124 OSIM_X_c0[1,137,137,1,6,0] 0
23125 OSIM_X_c0[1,137,137,2,1,0] -8.659560562354932e-17
23126 OSIM_X_c0[1,137,137,2,2,0] 2.220446049250313e-16
23127 OSIM_X_c0[1,137,137,2,3,0] 0.9999999999999998
23128 OSIM_X_c0[1,137,137,2,4,0] 0
23129 OSIM_X_c0[1,137,137,2,5,0] 0
23130 OSIM_X_c0[1,137,137,2,6,0] 0
23131 OSIM_X_c0[1,137,137,3,1,0] 8.659560562354932e-17
23132 OSIM_X_c0[1,137,137,3,2,0] 0.9999999999999998
23133 OSIM_X_c0[1,137,137,3,3,0] 2.220446049250313e-16
23134 OSIM_X_c0[1,137,137,3,4,0] 0
23135 OSIM_X_c0[1,137,137,3,5,0] 0
23136 OSIM_X_c0[1,137,137,3,6,0] 0
23137 OSIM_X_c0[1,137,137,4,1,0] 8.659560562354935e-17
23138 OSIM_X_c0[1,137,137,4,2,0] 0.9999999999999998
23139 OSIM_X_c0[1,137,137,4,3,0] -1.6653345369377338e-16
23140 OSIM_X_c0[1,137,137,4,4,0] -0.9999999999999996
23141 OSIM_X_c0[1,137,137,4,5,0] 8.659560562354932e-17
23142 OSIM_X_c0[1,137,137,4,6,0] -8.659560562354932e-17
23143 OSIM_X_c0[1,137,137,5,1,0] -3.885780586188046e-16
23144 OSIM_X_c0[1,137,137,5,2,0] 2.2204460492503128e-16
23145 OSIM_X_c0[1,137,137,5,3,0] 1.5654654258194792e-32
23146 OSIM_X_c0[1,137,137,5,4,0] -8.659560562354932e-17
23147 OSIM_X_c0[1,137,137,5,5,0] 2.220446049250313e-16
23148 OSIM_X_c0[1,137,137,5,6,0] 0.9999999999999998
23149 OSIM_X_c0[1,137,137,6,1,0] 0.9999999999999996
23150 OSIM_X_c0[1,137,137,6,2,0] -8.659560562354937e-17
23151 OSIM_X_c0[1,137,137,6,3,0] -1.3544899930148195e-16
23152 OSIM_X_c0[1,137,137,6,4,0] 8.659560562354932e-17
23153 OSIM_X_c0[1,137,137,6,5,0] 0.9999999999999998
23154 OSIM_X_c0[1,137,137,6,6,0] 2.220446049250313e-16
23155 OSIM_X_c0[1,138,138,1,1,0] -0.9999999999999996
23156 OSIM_X_c0[1,138,138,1,2,0] 8.659560562354932e-17
23157 OSIM_X_c0[1,138,138,1,3,0] -8.659560562354932e-17
23158 OSIM_X_c0[1,138,138,1,4,0] 0
23159 OSIM_X_c0[1,138,138,1,5,0] 0
23160 OSIM_X_c0[1,138,138,1,6,0] 0
23161 OSIM_X_c0[1,138,138,2,1,0] -8.659560562354932e-17
23162 OSIM_X_c0[1,138,138,2,2,0] 2.220446049250313e-16
23163 OSIM_X_c0[1,138,138,2,3,0] 0.9999999999999998
23164 OSIM_X_c0[1,138,138,2,4,0] 0
23165 OSIM_X_c0[1,138,138,2,5,0] 0
23166 OSIM_X_c0[1,138,138,2,6,0] 0
23167 OSIM_X_c0[1,138,138,3,1,0] 8.659560562354932e-17
23168 OSIM_X_c0[1,138,138,3,2,0] 0.9999999999999998
23169 OSIM_X_c0[1,138,138,3,3,0] 2.220446049250313e-16
23170 OSIM_X_c0[1,138,138,3,4,0] 0
23171 OSIM_X_c0[1,138,138,3,5,0] 0
23172 OSIM_X_c0[1,138,138,3,6,0] 0
23173 OSIM_X_c0[1,138,138,4,1,0] 8.659560562354935e-17
23174 OSIM_X_c0[1,138,138,4,2,0] 0.9999999999999998
23175 OSIM_X_c0[1,138,138,4,3,0] -1.6653345369377338e-16
23176 OSIM_X_c0[1,138,138,4,4,0] -0.9999999999999996
23177 OSIM_X_c0[1,138,138,4,5,0] 8.659560562354932e-17
23178 OSIM_X_c0[1,138,138,4,6,0] -8.659560562354932e-17
23179 OSIM_X_c0[1,138,138,5,1,0] -3.885780586188046e-16
23180 OSIM_X_c0[1,138,138,5,2,0] 2.2204460492503128e-16
23181 OSIM_X_c0[1,138,138,5,3,0] 1.5654654258194792e-32
23182 OSIM_X_c0[1,138,138,5,4,0] -8.659560562354932e-17
23183 OSIM_X_c0[1,138,138,5,5,0] 2.220446049250313e-16
23184 OSIM_X_c0[1,138,138,5,6,0] 0.9999999999999998
23185 OSIM_X_c0[1,138,138,6,1,0] 0.9999999999999996
23186 OSIM_X_c0[1,138,138,6,2,0] -8.659560562354937e-17
23187 OSIM_X_c0[1,138,138,6,3,0] -1.3544899930148195e-16
23188 OSIM_X_c0[1,138,138,6,4,0] 8.659560562354932e-17
23189 OSIM_X_c0[1,138,138,6,5,0] 0.9999999999999998
23190 OSIM_X_c0[1,138,138,6,6,0] 2.220446049250313e-16
23191 OSIM_X_c0[1,139,139,1,1,0] -0.9999999999999996
23192 OSIM_X_c0[1,139,139,1,2,0] 8.659560562354932e-17
23193 OSIM_X_c0[1,139,139,1,3,0] -8.659560562354932e-17
23194 OSIM_X_c0[1,139,139,1,4,0] 0
23195 OSIM_X_c0[1,139,139,1,5,0] 0
23196 OSIM_X_c0[1,139,139,1,6,0] 0
23197 OSIM_X_c0[1,139,139,2,1,0] -8.659560562354932e-17
23198 OSIM_X_c0[1,139,139,2,2,0] 2.220446049250313e-16
23199 OSIM_X_c0[1,139,139,2,3,0] 0.9999999999999998
23200 OSIM_X_c0[1,139,139,2,4,0] 0
23201 OSIM_X_c0[1,139,139,2,5,0] 0
23202 OSIM_X_c0[1,139,139,2,6,0] 0
23203 OSIM_X_c0[1,139,139,3,1,0] 8.659560562354932e-17
23204 OSIM_X_c0[1,139,139,3,2,0] 0.9999999999999998
23205 OSIM_X_c0[1,139,139,3,3,0] 2.220446049250313e-16
23206 OSIM_X_c0[1,139,139,3,4,0] 0
23207 OSIM_X_c0[1,139,139,3,5,0] 0
23208 OSIM_X_c0[1,139,139,3,6,0] 0
23209 OSIM_X_c0[1,139,139,4,1,0] 8.659560562354929e-17
23210 OSIM_X_c0[1,139,139,4,2,0] 0.9999999999999996
23211 OSIM_X_c0[1,139,139,4,3,0] 2.2204460492503126e-16
23212 OSIM_X_c0[1,139,139,4,4,0] -0.9999999999999996
23213 OSIM_X_c0[1,139,139,4,5,0] 8.659560562354932e-17
23214 OSIM_X_c0[1,139,139,4,6,0] -8.659560562354932e-17
23215 OSIM_X_c0[1,139,139,5,1,0] -4.329780281177463e-17
23216 OSIM_X_c0[1,139,139,5,2,0] -0.49999999999999956
23217 OSIM_X_c0[1,139,139,5,3,0] -1.1102230246251558e-16
23218 OSIM_X_c0[1,139,139,5,4,0] -8.659560562354932e-17
23219 OSIM_X_c0[1,139,139,5,5,0] 2.220446049250313e-16
23220 OSIM_X_c0[1,139,139,5,6,0] 0.9999999999999998
23221 OSIM_X_c0[1,139,139,6,1,0] 0.9999999999999993
23222 OSIM_X_c0[1,139,139,6,2,0] 2.442669683896629e-17
23223 OSIM_X_c0[1,139,139,6,3,0] 0.49999999999999967
23224 OSIM_X_c0[1,139,139,6,4,0] 8.659560562354932e-17
23225 OSIM_X_c0[1,139,139,6,5,0] 0.9999999999999998
23226 OSIM_X_c0[1,139,139,6,6,0] 2.220446049250313e-16
23227 OSIM_X_c0[1,140,140,1,1,0] -0.9999999999999996
23228 OSIM_X_c0[1,140,140,1,2,0] 8.659560562354932e-17
23229 OSIM_X_c0[1,140,140,1,3,0] -8.659560562354932e-17
23230 OSIM_X_c0[1,140,140,1,4,0] 0
23231 OSIM_X_c0[1,140,140,1,5,0] 0
23232 OSIM_X_c0[1,140,140,1,6,0] 0
23233 OSIM_X_c0[1,140,140,2,1,0] -8.659560562354932e-17
23234 OSIM_X_c0[1,140,140,2,2,0] 2.220446049250313e-16
23235 OSIM_X_c0[1,140,140,2,3,0] 0.9999999999999998
23236 OSIM_X_c0[1,140,140,2,4,0] 0
23237 OSIM_X_c0[1,140,140,2,5,0] 0
23238 OSIM_X_c0[1,140,140,2,6,0] 0
23239 OSIM_X_c0[1,140,140,3,1,0] 8.659560562354932e-17
23240 OSIM_X_c0[1,140,140,3,2,0] 0.9999999999999998
23241 OSIM_X_c0[1,140,140,3,3,0] 2.220446049250313e-16
23242 OSIM_X_c0[1,140,140,3,4,0] 0
23243 OSIM_X_c0[1,140,140,3,5,0] 0
23244 OSIM_X_c0[1,140,140,3,6,0] 0
23245 OSIM_X_c0[1,140,140,4,1,0] 8.659560562354929e-17
23246 OSIM_X_c0[1,140,140,4,2,0] 0.9999999999999996
23247 OSIM_X_c0[1,140,140,4,3,0] 2.2204460492503126e-16
23248 OSIM_X_c0[1,140,140,4,4,0] -0.9999999999999996
23249 OSIM_X_c0[1,140,140,4,5,0] 8.659560562354932e-17
23250 OSIM_X_c0[1,140,140,4,6,0] -8.659560562354932e-17
23251 OSIM_X_c0[1,140,140,5,1,0] -4.329780281177463e-17
23252 OSIM_X_c0[1,140,140,5,2,0] -0.49999999999999956
23253 OSIM_X_c0[1,140,140,5,3,0] -1.1102230246251558e-16
23254 OSIM_X_c0[1,140,140,5,4,0] -8.659560562354932e-17
23255 OSIM_X_c0[1,140,140,5,5,0] 2.220446049250313e-16
23256 OSIM_X_c0[1,140,140,5,6,0] 0.9999999999999998
23257 OSIM_X_c0[1,140,140,6,1,0] 0.9999999999999993
23258 OSIM_X_c0[1,140,140,6,2,0] 2.442669683896629e-17
23259 OSIM_X_c0[1,140,140,6,3,0] 0.49999999999999967
23260 OSIM_X_c0[1,140,140,6,4,0] 8.659560562354932e-17
23261 OSIM_X_c0[1,140,140,6,5,0] 0.9999999999999998
23262 OSIM_X_c0[1,140,140,6,6,0] 2.220446049250313e-16
23263 OSIM_X_c0[1,141,141,1,1,0] -0.9999999999999996
23264 OSIM_X_c0[1,141,141,1,2,0] 8.659560562354932e-17
23265 OSIM_X_c0[1,141,141,1,3,0] -8.659560562354932e-17
23266 OSIM_X_c0[1,141,141,1,4,0] 0
23267 OSIM_X_c0[1,141,141,1,5,0] 0
23268 OSIM_X_c0[1,141,141,1,6,0] 0
23269 OSIM_X_c0[1,141,141,2,1,0] -8.659560562354932e-17
23270 OSIM_X_c0[1,141,141,2,2,0] 2.220446049250313e-16
23271 OSIM_X_c0[1,141,141,2,3,0] 0.9999999999999998
23272 OSIM_X_c0[1,141,141,2,4,0] 0
23273 OSIM_X_c0[1,141,141,2,5,0] 0
23274 OSIM_X_c0[1,141,141,2,6,0] 0
23275 OSIM_X_c0[1,141,141,3,1,0] 8.659560562354932e-17
23276 OSIM_X_c0[1,141,141,3,2,0] 0.9999999999999998
23277 OSIM_X_c0[1,141,141,3,3,0] 2.220446049250313e-16
23278 OSIM_X_c0[1,141,141,3,4,0] 0
23279 OSIM_X_c0[1,141,141,3,5,0] 0
23280 OSIM_X_c0[1,141,141,3,6,0] 0
23281 OSIM_X_c0[1,141,141,4,1,0] 8.659560562354929e-17
23282 OSIM_X_c0[1,141,141,4,2,0] 0.9999999999999996
23283 OSIM_X_c0[1,141,141,4,3,0] 2.2204460492503126e-16
23284 OSIM_X_c0[1,141,141,4,4,0] -0.9999999999999996
23285 OSIM_X_c0[1,141,141,4,5,0] 8.659560562354932e-17
23286 OSIM_X_c0[1,141,141,4,6,0] -8.659560562354932e-17
23287 OSIM_X_c0[1,141,141,5,1,0] -4.329780281177463e-17
23288 OSIM_X_c0[1,141,141,5,2,0] -0.49999999999999956
23289 OSIM_X_c0[1,141,141,5,3,0] -1.1102230246251558e-16
23290 OSIM_X_c0[1,141,141,5,4,0] -8.659560562354932e-17
23291 OSIM_X_c0[1,141,141,5,5,0] 2.220446049250313e-16
23292 OSIM_X_c0[1,141,141,5,6,0] 0.9999999999999998
23293 OSIM_X_c0[1,141,141,6,1,0] 0.9999999999999993
23294 OSIM_X_c0[1,141,141,6,2,0] 2.442669683896629e-17
23295 OSIM_X_c0[1,141,141,6,3,0] 0.49999999999999967
23296 OSIM_X_c0[1,141,141,6,4,0] 8.659560562354932e-17
23297 OSIM_X_c0[1,141,141,6,5,0] 0.9999999999999998
23298 OSIM_X_c0[1,141,141,6,6,0] 2.220446049250313e-16
23299 OSIM_X_c0[1,142,142,1,1,0] -0.9999999999999996
23300 OSIM_X_c0[1,142,142,1,2,0] 8.659560562354932e-17
23301 OSIM_X_c0[1,142,142,1,3,0] -8.659560562354932e-17
23302 OSIM_X_c0[1,142,142,1,4,0] 0
23303 OSIM_X_c0[1,142,142,1,5,0] 0
23304 OSIM_X_c0[1,142,142,1,6,0] 0
23305 OSIM_X_c0[1,142,142,2,1,0] -8.659560562354932e-17
23306 OSIM_X_c0[1,142,142,2,2,0] 2.220446049250313e-16
23307 OSIM_X_c0[1,142,142,2,3,0] 0.9999999999999998
23308 OSIM_X_c0[1,142,142,2,4,0] 0
23309 OSIM_X_c0[1,142,142,2,5,0] 0
23310 OSIM_X_c0[1,142,142,2,6,0] 0
23311 OSIM_X_c0[1,142,142,3,1,0] 8.659560562354932e-17
23312 OSIM_X_c0[1,142,142,3,2,0] 0.9999999999999998
23313 OSIM_X_c0[1,142,142,3,3,0] 2.220446049250313e-16
23314 OSIM_X_c0[1,142,142,3,4,0] 0
23315 OSIM_X_c0[1,142,142,3,5,0] 0
23316 OSIM_X_c0[1,142,142,3,6,0] 0
23317 OSIM_X_c0[1,142,142,4,1,0] 8.659560562354929e-17
23318 OSIM_X_c0[1,142,142,4,2,0] 0.9999999999999996
23319 OSIM_X_c0[1,142,142,4,3,0] 2.2204460492503126e-16
23320 OSIM_X_c0[1,142,142,4,4,0] -0.9999999999999996
23321 OSIM_X_c0[1,142,142,4,5,0] 8.659560562354932e-17
23322 OSIM_X_c0[1,142,142,4,6,0] -8.659560562354932e-17
23323 OSIM_X_c0[1,142,142,5,1,0] -4.329780281177463e-17
23324 OSIM_X_c0[1,142,142,5,2,0] -0.49999999999999956
23325 OSIM_X_c0[1,142,142,5,3,0] -1.1102230246251558e-16
23326 OSIM_X_c0[1,142,142,5,4,0] -8.659560562354932e-17
23327 OSIM_X_c0[1,142,142,5,5,0] 2.220446049250313e-16
23328 OSIM_X_c0[1,142,142,5,6,0] 0.9999999999999998
23329 OSIM_X_c0[1,142,142,6,1,0] 0.9999999999999993
23330 OSIM_X_c0[1,142,142,6,2,0] 2.442669683896629e-17
23331 OSIM_X_c0[1,142,142,6,3,0] 0.49999999999999967
23332 OSIM_X_c0[1,142,142,6,4,0] 8.659560562354932e-17
23333 OSIM_X_c0[1,142,142,6,5,0] 0.9999999999999998
23334 OSIM_X_c0[1,142,142,6,6,0] 2.220446049250313e-16
23335 OSIM_X_c0[1,143,143,1,1,0] -0.9999999999999996
23336 OSIM_X_c0[1,143,143,1,2,0] 8.659560562354932e-17
23337 OSIM_X_c0[1,143,143,1,3,0] -8.659560562354932e-17
23338 OSIM_X_c0[1,143,143,1,4,0] 0
23339 OSIM_X_c0[1,143,143,1,5,0] 0
23340 OSIM_X_c0[1,143,143,1,6,0] 0
23341 OSIM_X_c0[1,143,143,2,1,0] -8.659560562354932e-17
23342 OSIM_X_c0[1,143,143,2,2,0] 2.220446049250313e-16
23343 OSIM_X_c0[1,143,143,2,3,0] 0.9999999999999998
23344 OSIM_X_c0[1,143,143,2,4,0] 0
23345 OSIM_X_c0[1,143,143,2,5,0] 0
23346 OSIM_X_c0[1,143,143,2,6,0] 0
23347 OSIM_X_c0[1,143,143,3,1,0] 8.659560562354932e-17
23348 OSIM_X_c0[1,143,143,3,2,0] 0.9999999999999998
23349 OSIM_X_c0[1,143,143,3,3,0] 2.220446049250313e-16
23350 OSIM_X_c0[1,143,143,3,4,0] 0
23351 OSIM_X_c0[1,143,143,3,5,0] 0
23352 OSIM_X_c0[1,143,143,3,6,0] 0
23353 OSIM_X_c0[1,143,143,4,1,0] 8.659560562354929e-17
23354 OSIM_X_c0[1,143,143,4,2,0] 0.9999999999999996
23355 OSIM_X_c0[1,143,143,4,3,0] 2.2204460492503126e-16
23356 OSIM_X_c0[1,143,143,4,4,0] -0.9999999999999996
23357 OSIM_X_c0[1,143,143,4,5,0] 8.659560562354932e-17
23358 OSIM_X_c0[1,143,143,4,6,0] -8.659560562354932e-17
23359 OSIM_X_c0[1,143,143,5,1,0] -4.329780281177463e-17
23360 OSIM_X_c0[1,143,143,5,2,0] -0.49999999999999956
23361 OSIM_X_c0[1,143,143,5,3,0] -1.1102230246251558e-16
23362 OSIM_X_c0[1,143,143,5,4,0] -8.659560562354932e-17
23363 OSIM_X_c0[1,143,143,5,5,0] 2.220446049250313e-16
23364 OSIM_X_c0[1,143,143,5,6,0] 0.9999999999999998
23365 OSIM_X_c0[1,143,143,6,1,0] 0.9999999999999993
23366 OSIM_X_c0[1,143,143,6,2,0] 2.442669683896629e-17
23367 OSIM_X_c0[1,143,143,6,3,0] 0.49999999999999967
23368 OSIM_X_c0[1,143,143,6,4,0] 8.659560562354932e-17
23369 OSIM_X_c0[1,143,143,6,5,0] 0.9999999999999998
23370 OSIM_X_c0[1,143,143,6,6,0] 2.220446049250313e-16
23371 OSIM_X_c0[1,144,144,1,1,0] -0.9999999999999996
23372 OSIM_X_c0[1,144,144,1,2,0] 8.659560562354932e-17
23373 OSIM_X_c0[1,144,144,1,3,0] -8.659560562354932e-17
23374 OSIM_X_c0[1,144,144,1,4,0] 0
23375 OSIM_X_c0[1,144,144,1,5,0] 0
23376 OSIM_X_c0[1,144,144,1,6,0] 0
23377 OSIM_X_c0[1,144,144,2,1,0] -8.659560562354932e-17
23378 OSIM_X_c0[1,144,144,2,2,0] 2.220446049250313e-16
23379 OSIM_X_c0[1,144,144,2,3,0] 0.9999999999999998
23380 OSIM_X_c0[1,144,144,2,4,0] 0
23381 OSIM_X_c0[1,144,144,2,5,0] 0
23382 OSIM_X_c0[1,144,144,2,6,0] 0
23383 OSIM_X_c0[1,144,144,3,1,0] 8.659560562354932e-17
23384 OSIM_X_c0[1,144,144,3,2,0] 0.9999999999999998
23385 OSIM_X_c0[1,144,144,3,3,0] 2.220446049250313e-16
23386 OSIM_X_c0[1,144,144,3,4,0] 0
23387 OSIM_X_c0[1,144,144,3,5,0] 0
23388 OSIM_X_c0[1,144,144,3,6,0] 0
23389 OSIM_X_c0[1,144,144,4,1,0] 8.659560562354929e-17
23390 OSIM_X_c0[1,144,144,4,2,0] 0.9999999999999996
23391 OSIM_X_c0[1,144,144,4,3,0] 2.2204460492503126e-16
23392 OSIM_X_c0[1,144,144,4,4,0] -0.9999999999999996
23393 OSIM_X_c0[1,144,144,4,5,0] 8.659560562354932e-17
23394 OSIM_X_c0[1,144,144,4,6,0] -8.659560562354932e-17
23395 OSIM_X_c0[1,144,144,5,1,0] -4.329780281177463e-17
23396 OSIM_X_c0[1,144,144,5,2,0] -0.49999999999999956
23397 OSIM_X_c0[1,144,144,5,3,0] -1.1102230246251558e-16
23398 OSIM_X_c0[1,144,144,5,4,0] -8.659560562354932e-17
23399 OSIM_X_c0[1,144,144,5,5,0] 2.220446049250313e-16
23400 OSIM_X_c0[1,144,144,5,6,0] 0.9999999999999998
23401 OSIM_X_c0[1,144,144,6,1,0] 0.9999999999999993
23402 OSIM_X_c0[1,144,144,6,2,0] 2.442669683896629e-17
23403 OSIM_X_c0[1,144,144,6,3,0] 0.49999999999999967
23404 OSIM_X_c0[1,144,144,6,4,0] 8.659560562354932e-17
23405 OSIM_X_c0[1,144,144,6,5,0] 0.9999999999999998
23406 OSIM_X_c0[1,144,144,6,6,0] 2.220446049250313e-16
23407 OSIM_X_c0[1,145,145,1,1,0] -0.9999999999999996
23408 OSIM_X_c0[1,145,145,1,2,0] 8.659560562354932e-17
23409 OSIM_X_c0[1,145,145,1,3,0] -8.659560562354932e-17
23410 OSIM_X_c0[1,145,145,1,4,0] 0
23411 OSIM_X_c0[1,145,145,1,5,0] 0
23412 OSIM_X_c0[1,145,145,1,6,0] 0
23413 OSIM_X_c0[1,145,145,2,1,0] -8.659560562354932e-17
23414 OSIM_X_c0[1,145,145,2,2,0] 2.220446049250313e-16
23415 OSIM_X_c0[1,145,145,2,3,0] 0.9999999999999998
23416 OSIM_X_c0[1,145,145,2,4,0] 0
23417 OSIM_X_c0[1,145,145,2,5,0] 0
23418 OSIM_X_c0[1,145,145,2,6,0] 0
23419 OSIM_X_c0[1,145,145,3,1,0] 8.659560562354932e-17
23420 OSIM_X_c0[1,145,145,3,2,0] 0.9999999999999998
23421 OSIM_X_c0[1,145,145,3,3,0] 2.220446049250313e-16
23422 OSIM_X_c0[1,145,145,3,4,0] 0
23423 OSIM_X_c0[1,145,145,3,5,0] 0
23424 OSIM_X_c0[1,145,145,3,6,0] 0
23425 OSIM_X_c0[1,145,145,4,1,0] 8.659560562354934e-17
23426 OSIM_X_c0[1,145,145,4,2,0] 1
23427 OSIM_X_c0[1,145,145,4,3,0] 2.2204460492503136e-16
23428 OSIM_X_c0[1,145,145,4,4,0] -0.9999999999999996
23429 OSIM_X_c0[1,145,145,4,5,0] 8.659560562354932e-17
23430 OSIM_X_c0[1,145,145,4,6,0] -8.659560562354932e-17
23431 OSIM_X_c0[1,145,145,5,1,0] -8.659560562354929e-17
23432 OSIM_X_c0[1,145,145,5,2,0] -0.9999999999999996
23433 OSIM_X_c0[1,145,145,5,3,0] -2.2204460492503126e-16
23434 OSIM_X_c0[1,145,145,5,4,0] -8.659560562354932e-17
23435 OSIM_X_c0[1,145,145,5,5,0] 2.220446049250313e-16
23436 OSIM_X_c0[1,145,145,5,6,0] 0.9999999999999998
23437 OSIM_X_c0[1,145,145,6,1,0] 0.9999999999999997
23438 OSIM_X_c0[1,145,145,6,2,0] 1.354489993014819e-16
23439 OSIM_X_c0[1,145,145,6,3,0] 0.9999999999999997
23440 OSIM_X_c0[1,145,145,6,4,0] 8.659560562354932e-17
23441 OSIM_X_c0[1,145,145,6,5,0] 0.9999999999999998
23442 OSIM_X_c0[1,145,145,6,6,0] 2.220446049250313e-16
23443 OSIM_X_c0[1,146,146,1,1,0] -0.9999999999999996
23444 OSIM_X_c0[1,146,146,1,2,0] 8.659560562354932e-17
23445 OSIM_X_c0[1,146,146,1,3,0] -8.659560562354932e-17
23446 OSIM_X_c0[1,146,146,1,4,0] 0
23447 OSIM_X_c0[1,146,146,1,5,0] 0
23448 OSIM_X_c0[1,146,146,1,6,0] 0
23449 OSIM_X_c0[1,146,146,2,1,0] -8.659560562354932e-17
23450 OSIM_X_c0[1,146,146,2,2,0] 2.220446049250313e-16
23451 OSIM_X_c0[1,146,146,2,3,0] 0.9999999999999998
23452 OSIM_X_c0[1,146,146,2,4,0] 0
23453 OSIM_X_c0[1,146,146,2,5,0] 0
23454 OSIM_X_c0[1,146,146,2,6,0] 0
23455 OSIM_X_c0[1,146,146,3,1,0] 8.659560562354932e-17
23456 OSIM_X_c0[1,146,146,3,2,0] 0.9999999999999998
23457 OSIM_X_c0[1,146,146,3,3,0] 2.220446049250313e-16
23458 OSIM_X_c0[1,146,146,3,4,0] 0
23459 OSIM_X_c0[1,146,146,3,5,0] 0
23460 OSIM_X_c0[1,146,146,3,6,0] 0
23461 OSIM_X_c0[1,146,146,4,1,0] 8.659560562354934e-17
23462 OSIM_X_c0[1,146,146,4,2,0] 1
23463 OSIM_X_c0[1,146,146,4,3,0] 2.2204460492503136e-16
23464 OSIM_X_c0[1,146,146,4,4,0] -0.9999999999999996
23465 OSIM_X_c0[1,146,146,4,5,0] 8.659560562354932e-17
23466 OSIM_X_c0[1,146,146,4,6,0] -8.659560562354932e-17
23467 OSIM_X_c0[1,146,146,5,1,0] -8.659560562354929e-17
23468 OSIM_X_c0[1,146,146,5,2,0] -0.9999999999999996
23469 OSIM_X_c0[1,146,146,5,3,0] -2.2204460492503126e-16
23470 OSIM_X_c0[1,146,146,5,4,0] -8.659560562354932e-17
23471 OSIM_X_c0[1,146,146,5,5,0] 2.220446049250313e-16
23472 OSIM_X_c0[1,146,146,5,6,0] 0.9999999999999998
23473 OSIM_X_c0[1,146,146,6,1,0] 0.9999999999999997
23474 OSIM_X_c0[1,146,146,6,2,0] 1.354489993014819e-16
23475 OSIM_X_c0[1,146,146,6,3,0] 0.9999999999999997
23476 OSIM_X_c0[1,146,146,6,4,0] 8.659560562354932e-17
23477 OSIM_X_c0[1,146,146,6,5,0] 0.9999999999999998
23478 OSIM_X_c0[1,146,146,6,6,0] 2.220446049250313e-16
23479 OSIM_X_c0[1,147,147,1,1,0] -0.9999999999999996
23480 OSIM_X_c0[1,147,147,1,2,0] 8.659560562354932e-17
23481 OSIM_X_c0[1,147,147,1,3,0] -8.659560562354932e-17
23482 OSIM_X_c0[1,147,147,1,4,0] 0
23483 OSIM_X_c0[1,147,147,1,5,0] 0
23484 OSIM_X_c0[1,147,147,1,6,0] 0
23485 OSIM_X_c0[1,147,147,2,1,0] -8.659560562354932e-17
23486 OSIM_X_c0[1,147,147,2,2,0] 2.220446049250313e-16
23487 OSIM_X_c0[1,147,147,2,3,0] 0.9999999999999998
23488 OSIM_X_c0[1,147,147,2,4,0] 0
23489 OSIM_X_c0[1,147,147,2,5,0] 0
23490 OSIM_X_c0[1,147,147,2,6,0] 0
23491 OSIM_X_c0[1,147,147,3,1,0] 8.659560562354932e-17
23492 OSIM_X_c0[1,147,147,3,2,0] 0.9999999999999998
23493 OSIM_X_c0[1,147,147,3,3,0] 2.220446049250313e-16
23494 OSIM_X_c0[1,147,147,3,4,0] 0
23495 OSIM_X_c0[1,147,147,3,5,0] 0
23496 OSIM_X_c0[1,147,147,3,6,0] 0
23497 OSIM_X_c0[1,147,147,4,1,0] 8.659560562354934e-17
23498 OSIM_X_c0[1,147,147,4,2,0] 1
23499 OSIM_X_c0[1,147,147,4,3,0] 2.2204460492503136e-16
23500 OSIM_X_c0[1,147,147,4,4,0] -0.9999999999999996
23501 OSIM_X_c0[1,147,147,4,5,0] 8.659560562354932e-17
23502 OSIM_X_c0[1,147,147,4,6,0] -8.659560562354932e-17
23503 OSIM_X_c0[1,147,147,5,1,0] -8.659560562354929e-17
23504 OSIM_X_c0[1,147,147,5,2,0] -0.9999999999999996
23505 OSIM_X_c0[1,147,147,5,3,0] -2.2204460492503126e-16
23506 OSIM_X_c0[1,147,147,5,4,0] -8.659560562354932e-17
23507 OSIM_X_c0[1,147,147,5,5,0] 2.220446049250313e-16
23508 OSIM_X_c0[1,147,147,5,6,0] 0.9999999999999998
23509 OSIM_X_c0[1,147,147,6,1,0] 0.9999999999999997
23510 OSIM_X_c0[1,147,147,6,2,0] 1.354489993014819e-16
23511 OSIM_X_c0[1,147,147,6,3,0] 0.9999999999999997
23512 OSIM_X_c0[1,147,147,6,4,0] 8.659560562354932e-17
23513 OSIM_X_c0[1,147,147,6,5,0] 0.9999999999999998
23514 OSIM_X_c0[1,147,147,6,6,0] 2.220446049250313e-16
23515 OSIM_X_c0[1,148,148,1,1,0] -0.9999999999999996
23516 OSIM_X_c0[1,148,148,1,2,0] 8.659560562354932e-17
23517 OSIM_X_c0[1,148,148,1,3,0] -8.659560562354932e-17
23518 OSIM_X_c0[1,148,148,1,4,0] 0
23519 OSIM_X_c0[1,148,148,1,5,0] 0
23520 OSIM_X_c0[1,148,148,1,6,0] 0
23521 OSIM_X_c0[1,148,148,2,1,0] -8.659560562354932e-17
23522 OSIM_X_c0[1,148,148,2,2,0] 2.220446049250313e-16
23523 OSIM_X_c0[1,148,148,2,3,0] 0.9999999999999998
23524 OSIM_X_c0[1,148,148,2,4,0] 0
23525 OSIM_X_c0[1,148,148,2,5,0] 0
23526 OSIM_X_c0[1,148,148,2,6,0] 0
23527 OSIM_X_c0[1,148,148,3,1,0] 8.659560562354932e-17
23528 OSIM_X_c0[1,148,148,3,2,0] 0.9999999999999998
23529 OSIM_X_c0[1,148,148,3,3,0] 2.220446049250313e-16
23530 OSIM_X_c0[1,148,148,3,4,0] 0
23531 OSIM_X_c0[1,148,148,3,5,0] 0
23532 OSIM_X_c0[1,148,148,3,6,0] 0
23533 OSIM_X_c0[1,148,148,4,1,0] 8.659560562354934e-17
23534 OSIM_X_c0[1,148,148,4,2,0] 1
23535 OSIM_X_c0[1,148,148,4,3,0] 2.2204460492503136e-16
23536 OSIM_X_c0[1,148,148,4,4,0] -0.9999999999999996
23537 OSIM_X_c0[1,148,148,4,5,0] 8.659560562354932e-17
23538 OSIM_X_c0[1,148,148,4,6,0] -8.659560562354932e-17
23539 OSIM_X_c0[1,148,148,5,1,0] -8.659560562354929e-17
23540 OSIM_X_c0[1,148,148,5,2,0] -0.9999999999999996
23541 OSIM_X_c0[1,148,148,5,3,0] -2.2204460492503126e-16
23542 OSIM_X_c0[1,148,148,5,4,0] -8.659560562354932e-17
23543 OSIM_X_c0[1,148,148,5,5,0] 2.220446049250313e-16
23544 OSIM_X_c0[1,148,148,5,6,0] 0.9999999999999998
23545 OSIM_X_c0[1,148,148,6,1,0] 0.9999999999999997
23546 OSIM_X_c0[1,148,148,6,2,0] 1.354489993014819e-16
23547 OSIM_X_c0[1,148,148,6,3,0] 0.9999999999999997
23548 OSIM_X_c0[1,148,148,6,4,0] 8.659560562354932e-17
23549 OSIM_X_c0[1,148,148,6,5,0] 0.9999999999999998
23550 OSIM_X_c0[1,148,148,6,6,0] 2.220446049250313e-16
23551 OSIM_X_c0[1,149,149,1,1,0] -0.9999999999999996
23552 OSIM_X_c0[1,149,149,1,2,0] 8.659560562354932e-17
23553 OSIM_X_c0[1,149,149,1,3,0] -8.659560562354932e-17
23554 OSIM_X_c0[1,149,149,1,4,0] 0
23555 OSIM_X_c0[1,149,149,1,5,0] 0
23556 OSIM_X_c0[1,149,149,1,6,0] 0
23557 OSIM_X_c0[1,149,149,2,1,0] -8.659560562354932e-17
23558 OSIM_X_c0[1,149,149,2,2,0] 2.220446049250313e-16
23559 OSIM_X_c0[1,149,149,2,3,0] 0.9999999999999998
23560 OSIM_X_c0[1,149,149,2,4,0] 0
23561 OSIM_X_c0[1,149,149,2,5,0] 0
23562 OSIM_X_c0[1,149,149,2,6,0] 0
23563 OSIM_X_c0[1,149,149,3,1,0] 8.659560562354932e-17
23564 OSIM_X_c0[1,149,149,3,2,0] 0.9999999999999998
23565 OSIM_X_c0[1,149,149,3,3,0] 2.220446049250313e-16
23566 OSIM_X_c0[1,149,149,3,4,0] 0
23567 OSIM_X_c0[1,149,149,3,5,0] 0
23568 OSIM_X_c0[1,149,149,3,6,0] 0
23569 OSIM_X_c0[1,149,149,4,1,0] 8.659560562354934e-17
23570 OSIM_X_c0[1,149,149,4,2,0] 1
23571 OSIM_X_c0[1,149,149,4,3,0] 2.2204460492503136e-16
23572 OSIM_X_c0[1,149,149,4,4,0] -0.9999999999999996
23573 OSIM_X_c0[1,149,149,4,5,0] 8.659560562354932e-17
23574 OSIM_X_c0[1,149,149,4,6,0] -8.659560562354932e-17
23575 OSIM_X_c0[1,149,149,5,1,0] -8.659560562354929e-17
23576 OSIM_X_c0[1,149,149,5,2,0] -0.9999999999999996
23577 OSIM_X_c0[1,149,149,5,3,0] -2.2204460492503126e-16
23578 OSIM_X_c0[1,149,149,5,4,0] -8.659560562354932e-17
23579 OSIM_X_c0[1,149,149,5,5,0] 2.220446049250313e-16
23580 OSIM_X_c0[1,149,149,5,6,0] 0.9999999999999998
23581 OSIM_X_c0[1,149,149,6,1,0] 0.9999999999999997
23582 OSIM_X_c0[1,149,149,6,2,0] 1.354489993014819e-16
23583 OSIM_X_c0[1,149,149,6,3,0] 0.9999999999999997
23584 OSIM_X_c0[1,149,149,6,4,0] 8.659560562354932e-17
23585 OSIM_X_c0[1,149,149,6,5,0] 0.9999999999999998
23586 OSIM_X_c0[1,149,149,6,6,0] 2.220446049250313e-16
23587 OSIM_X_c0[1,150,150,1,1,0] -0.9999999999999996
23588 OSIM_X_c0[1,150,150,1,2,0] 8.659560562354932e-17
23589 OSIM_X_c0[1,150,150,1,3,0] -8.659560562354932e-17
23590 OSIM_X_c0[1,150,150,1,4,0] 0
23591 OSIM_X_c0[1,150,150,1,5,0] 0
23592 OSIM_X_c0[1,150,150,1,6,0] 0
23593 OSIM_X_c0[1,150,150,2,1,0] -8.659560562354932e-17
23594 OSIM_X_c0[1,150,150,2,2,0] 2.220446049250313e-16
23595 OSIM_X_c0[1,150,150,2,3,0] 0.9999999999999998
23596 OSIM_X_c0[1,150,150,2,4,0] 0
23597 OSIM_X_c0[1,150,150,2,5,0] 0
23598 OSIM_X_c0[1,150,150,2,6,0] 0
23599 OSIM_X_c0[1,150,150,3,1,0] 8.659560562354932e-17
23600 OSIM_X_c0[1,150,150,3,2,0] 0.9999999999999998
23601 OSIM_X_c0[1,150,150,3,3,0] 2.220446049250313e-16
23602 OSIM_X_c0[1,150,150,3,4,0] 0
23603 OSIM_X_c0[1,150,150,3,5,0] 0
23604 OSIM_X_c0[1,150,150,3,6,0] 0
23605 OSIM_X_c0[1,150,150,4,1,0] 8.659560562354934e-17
23606 OSIM_X_c0[1,150,150,4,2,0] 1
23607 OSIM_X_c0[1,150,150,4,3,0] 2.2204460492503136e-16
23608 OSIM_X_c0[1,150,150,4,4,0] -0.9999999999999996
23609 OSIM_X_c0[1,150,150,4,5,0] 8.659560562354932e-17
23610 OSIM_X_c0[1,150,150,4,6,0] -8.659560562354932e-17
23611 OSIM_X_c0[1,150,150,5,1,0] -8.659560562354929e-17
23612 OSIM_X_c0[1,150,150,5,2,0] -0.9999999999999996
23613 OSIM_X_c0[1,150,150,5,3,0] -2.2204460492503126e-16
23614 OSIM_X_c0[1,150,150,5,4,0] -8.659560562354932e-17
23615 OSIM_X_c0[1,150,150,5,5,0] 2.220446049250313e-16
23616 OSIM_X_c0[1,150,150,5,6,0] 0.9999999999999998
23617 OSIM_X_c0[1,150,150,6,1,0] 0.9999999999999997
23618 OSIM_X_c0[1,150,150,6,2,0] 1.354489993014819e-16
23619 OSIM_X_c0[1,150,150,6,3,0] 0.9999999999999997
23620 OSIM_X_c0[1,150,150,6,4,0] 8.659560562354932e-17
23621 OSIM_X_c0[1,150,150,6,5,0] 0.9999999999999998
23622 OSIM_X_c0[1,150,150,6,6,0] 2.220446049250313e-16
23623 OSIM_X_c0[1,151,151,1,1,0] -0.9999999999999996
23624 OSIM_X_c0[1,151,151,1,2,0] 8.659560562354932e-17
23625 OSIM_X_c0[1,151,151,1,3,0] -8.659560562354932e-17
23626 OSIM_X_c0[1,151,151,1,4,0] 0
23627 OSIM_X_c0[1,151,151,1,5,0] 0
23628 OSIM_X_c0[1,151,151,1,6,0] 0
23629 OSIM_X_c0[1,151,151,2,1,0] -8.659560562354932e-17
23630 OSIM_X_c0[1,151,151,2,2,0] 2.220446049250313e-16
23631 OSIM_X_c0[1,151,151,2,3,0] 0.9999999999999998
23632 OSIM_X_c0[1,151,151,2,4,0] 0
23633 OSIM_X_c0[1,151,151,2,5,0] 0
23634 OSIM_X_c0[1,151,151,2,6,0] 0
23635 OSIM_X_c0[1,151,151,3,1,0] 8.659560562354932e-17
23636 OSIM_X_c0[1,151,151,3,2,0] 0.9999999999999998
23637 OSIM_X_c0[1,151,151,3,3,0] 2.220446049250313e-16
23638 OSIM_X_c0[1,151,151,3,4,0] 0
23639 OSIM_X_c0[1,151,151,3,5,0] 0
23640 OSIM_X_c0[1,151,151,3,6,0] 0
23641 OSIM_X_c0[1,151,151,4,1,0] 8.659560562354929e-17
23642 OSIM_X_c0[1,151,151,4,2,0] 0.9999999999999998
23643 OSIM_X_c0[1,151,151,4,3,0] 4.4408920985006257e-16
23644 OSIM_X_c0[1,151,151,4,4,0] -0.9999999999999996
23645 OSIM_X_c0[1,151,151,4,5,0] 8.659560562354932e-17
23646 OSIM_X_c0[1,151,151,4,6,0] -8.659560562354932e-17
23647 OSIM_X_c0[1,151,151,5,1,0] 9.21511964897073e-17
23648 OSIM_X_c0[1,151,151,5,2,0] -1.4999999999999991
23649 OSIM_X_c0[1,151,151,5,3,0] -3.330669073875468e-16
23650 OSIM_X_c0[1,151,151,5,4,0] -8.659560562354932e-17
23651 OSIM_X_c0[1,151,151,5,5,0] 2.220446049250313e-16
23652 OSIM_X_c0[1,151,151,5,6,0] 0.9999999999999998
23653 OSIM_X_c0[1,151,151,6,1,0] 0.9999999999999994
23654 OSIM_X_c0[1,151,151,6,2,0] 2.464713017639975e-16
23655 OSIM_X_c0[1,151,151,6,3,0] 1.4999999999999991
23656 OSIM_X_c0[1,151,151,6,4,0] 8.659560562354932e-17
23657 OSIM_X_c0[1,151,151,6,5,0] 0.9999999999999998
23658 OSIM_X_c0[1,151,151,6,6,0] 2.220446049250313e-16
23659 OSIM_X_c0[1,152,152,1,1,0] -0.9999999999999996
23660 OSIM_X_c0[1,152,152,1,2,0] 8.659560562354932e-17
23661 OSIM_X_c0[1,152,152,1,3,0] -8.659560562354932e-17
23662 OSIM_X_c0[1,152,152,1,4,0] 0
23663 OSIM_X_c0[1,152,152,1,5,0] 0
23664 OSIM_X_c0[1,152,152,1,6,0] 0
23665 OSIM_X_c0[1,152,152,2,1,0] -8.659560562354932e-17
23666 OSIM_X_c0[1,152,152,2,2,0] 2.220446049250313e-16
23667 OSIM_X_c0[1,152,152,2,3,0] 0.9999999999999998
23668 OSIM_X_c0[1,152,152,2,4,0] 0
23669 OSIM_X_c0[1,152,152,2,5,0] 0
23670 OSIM_X_c0[1,152,152,2,6,0] 0
23671 OSIM_X_c0[1,152,152,3,1,0] 8.659560562354932e-17
23672 OSIM_X_c0[1,152,152,3,2,0] 0.9999999999999998
23673 OSIM_X_c0[1,152,152,3,3,0] 2.220446049250313e-16
23674 OSIM_X_c0[1,152,152,3,4,0] 0
23675 OSIM_X_c0[1,152,152,3,5,0] 0
23676 OSIM_X_c0[1,152,152,3,6,0] 0
23677 OSIM_X_c0[1,152,152,4,1,0] 8.659560562354929e-17
23678 OSIM_X_c0[1,152,152,4,2,0] 0.9999999999999998
23679 OSIM_X_c0[1,152,152,4,3,0] 4.4408920985006257e-16
23680 OSIM_X_c0[1,152,152,4,4,0] -0.9999999999999996
23681 OSIM_X_c0[1,152,152,4,5,0] 8.659560562354932e-17
23682 OSIM_X_c0[1,152,152,4,6,0] -8.659560562354932e-17
23683 OSIM_X_c0[1,152,152,5,1,0] 9.21511964897073e-17
23684 OSIM_X_c0[1,152,152,5,2,0] -1.4999999999999991
23685 OSIM_X_c0[1,152,152,5,3,0] -3.330669073875468e-16
23686 OSIM_X_c0[1,152,152,5,4,0] -8.659560562354932e-17
23687 OSIM_X_c0[1,152,152,5,5,0] 2.220446049250313e-16
23688 OSIM_X_c0[1,152,152,5,6,0] 0.9999999999999998
23689 OSIM_X_c0[1,152,152,6,1,0] 0.9999999999999994
23690 OSIM_X_c0[1,152,152,6,2,0] 2.464713017639975e-16
23691 OSIM_X_c0[1,152,152,6,3,0] 1.4999999999999991
23692 OSIM_X_c0[1,152,152,6,4,0] 8.659560562354932e-17
23693 OSIM_X_c0[1,152,152,6,5,0] 0.9999999999999998
23694 OSIM_X_c0[1,152,152,6,6,0] 2.220446049250313e-16
23695 OSIM_X_c0[1,153,153,1,1,0] -0.9999999999999996
23696 OSIM_X_c0[1,153,153,1,2,0] 8.659560562354932e-17
23697 OSIM_X_c0[1,153,153,1,3,0] -8.659560562354932e-17
23698 OSIM_X_c0[1,153,153,1,4,0] 0
23699 OSIM_X_c0[1,153,153,1,5,0] 0
23700 OSIM_X_c0[1,153,153,1,6,0] 0
23701 OSIM_X_c0[1,153,153,2,1,0] -8.659560562354932e-17
23702 OSIM_X_c0[1,153,153,2,2,0] 2.220446049250313e-16
23703 OSIM_X_c0[1,153,153,2,3,0] 0.9999999999999998
23704 OSIM_X_c0[1,153,153,2,4,0] 0
23705 OSIM_X_c0[1,153,153,2,5,0] 0
23706 OSIM_X_c0[1,153,153,2,6,0] 0
23707 OSIM_X_c0[1,153,153,3,1,0] 8.659560562354932e-17
23708 OSIM_X_c0[1,153,153,3,2,0] 0.9999999999999998
23709 OSIM_X_c0[1,153,153,3,3,0] 2.220446049250313e-16
23710 OSIM_X_c0[1,153,153,3,4,0] 0
23711 OSIM_X_c0[1,153,153,3,5,0] 0
23712 OSIM_X_c0[1,153,153,3,6,0] 0
23713 OSIM_X_c0[1,153,153,4,1,0] 8.659560562354929e-17
23714 OSIM_X_c0[1,153,153,4,2,0] 0.9999999999999998
23715 OSIM_X_c0[1,153,153,4,3,0] 4.4408920985006257e-16
23716 OSIM_X_c0[1,153,153,4,4,0] -0.9999999999999996
23717 OSIM_X_c0[1,153,153,4,5,0] 8.659560562354932e-17
23718 OSIM_X_c0[1,153,153,4,6,0] -8.659560562354932e-17
23719 OSIM_X_c0[1,153,153,5,1,0] 9.21511964897073e-17
23720 OSIM_X_c0[1,153,153,5,2,0] -1.4999999999999991
23721 OSIM_X_c0[1,153,153,5,3,0] -3.330669073875468e-16
23722 OSIM_X_c0[1,153,153,5,4,0] -8.659560562354932e-17
23723 OSIM_X_c0[1,153,153,5,5,0] 2.220446049250313e-16
23724 OSIM_X_c0[1,153,153,5,6,0] 0.9999999999999998
23725 OSIM_X_c0[1,153,153,6,1,0] 0.9999999999999994
23726 OSIM_X_c0[1,153,153,6,2,0] 2.464713017639975e-16
23727 OSIM_X_c0[1,153,153,6,3,0] 1.4999999999999991
23728 OSIM_X_c0[1,153,153,6,4,0] 8.659560562354932e-17
23729 OSIM_X_c0[1,153,153,6,5,0] 0.9999999999999998
23730 OSIM_X_c0[1,153,153,6,6,0] 2.220446049250313e-16
23731 OSIM_X_c0[1,154,154,1,1,0] -0.9999999999999996
23732 OSIM_X_c0[1,154,154,1,2,0] 8.659560562354932e-17
23733 OSIM_X_c0[1,154,154,1,3,0] -8.659560562354932e-17
23734 OSIM_X_c0[1,154,154,1,4,0] 0
23735 OSIM_X_c0[1,154,154,1,5,0] 0
23736 OSIM_X_c0[1,154,154,1,6,0] 0
23737 OSIM_X_c0[1,154,154,2,1,0] -8.659560562354932e-17
23738 OSIM_X_c0[1,154,154,2,2,0] 2.220446049250313e-16
23739 OSIM_X_c0[1,154,154,2,3,0] 0.9999999999999998
23740 OSIM_X_c0[1,154,154,2,4,0] 0
23741 OSIM_X_c0[1,154,154,2,5,0] 0
23742 OSIM_X_c0[1,154,154,2,6,0] 0
23743 OSIM_X_c0[1,154,154,3,1,0] 8.659560562354932e-17
23744 OSIM_X_c0[1,154,154,3,2,0] 0.9999999999999998
23745 OSIM_X_c0[1,154,154,3,3,0] 2.220446049250313e-16
23746 OSIM_X_c0[1,154,154,3,4,0] 0
23747 OSIM_X_c0[1,154,154,3,5,0] 0
23748 OSIM_X_c0[1,154,154,3,6,0] 0
23749 OSIM_X_c0[1,154,154,4,1,0] 8.659560562354929e-17
23750 OSIM_X_c0[1,154,154,4,2,0] 0.9999999999999998
23751 OSIM_X_c0[1,154,154,4,3,0] 4.4408920985006257e-16
23752 OSIM_X_c0[1,154,154,4,4,0] -0.9999999999999996
23753 OSIM_X_c0[1,154,154,4,5,0] 8.659560562354932e-17
23754 OSIM_X_c0[1,154,154,4,6,0] -8.659560562354932e-17
23755 OSIM_X_c0[1,154,154,5,1,0] 9.21511964897073e-17
23756 OSIM_X_c0[1,154,154,5,2,0] -1.4999999999999991
23757 OSIM_X_c0[1,154,154,5,3,0] -3.330669073875468e-16
23758 OSIM_X_c0[1,154,154,5,4,0] -8.659560562354932e-17
23759 OSIM_X_c0[1,154,154,5,5,0] 2.220446049250313e-16
23760 OSIM_X_c0[1,154,154,5,6,0] 0.9999999999999998
23761 OSIM_X_c0[1,154,154,6,1,0] 0.9999999999999994
23762 OSIM_X_c0[1,154,154,6,2,0] 2.464713017639975e-16
23763 OSIM_X_c0[1,154,154,6,3,0] 1.4999999999999991
23764 OSIM_X_c0[1,154,154,6,4,0] 8.659560562354932e-17
23765 OSIM_X_c0[1,154,154,6,5,0] 0.9999999999999998
23766 OSIM_X_c0[1,154,154,6,6,0] 2.220446049250313e-16
23767 OSIM_X_c0[1,155,155,1,1,0] -0.9999999999999996
23768 OSIM_X_c0[1,155,155,1,2,0] 8.659560562354932e-17
23769 OSIM_X_c0[1,155,155,1,3,0] -8.659560562354932e-17
23770 OSIM_X_c0[1,155,155,1,4,0] 0
23771 OSIM_X_c0[1,155,155,1,5,0] 0
23772 OSIM_X_c0[1,155,155,1,6,0] 0
23773 OSIM_X_c0[1,155,155,2,1,0] -8.659560562354932e-17
23774 OSIM_X_c0[1,155,155,2,2,0] 2.220446049250313e-16
23775 OSIM_X_c0[1,155,155,2,3,0] 0.9999999999999998
23776 OSIM_X_c0[1,155,155,2,4,0] 0
23777 OSIM_X_c0[1,155,155,2,5,0] 0
23778 OSIM_X_c0[1,155,155,2,6,0] 0
23779 OSIM_X_c0[1,155,155,3,1,0] 8.659560562354932e-17
23780 OSIM_X_c0[1,155,155,3,2,0] 0.9999999999999998
23781 OSIM_X_c0[1,155,155,3,3,0] 2.220446049250313e-16
23782 OSIM_X_c0[1,155,155,3,4,0] 0
23783 OSIM_X_c0[1,155,155,3,5,0] 0
23784 OSIM_X_c0[1,155,155,3,6,0] 0
23785 OSIM_X_c0[1,155,155,4,1,0] 8.659560562354929e-17
23786 OSIM_X_c0[1,155,155,4,2,0] 0.9999999999999998
23787 OSIM_X_c0[1,155,155,4,3,0] 4.4408920985006257e-16
23788 OSIM_X_c0[1,155,155,4,4,0] -0.9999999999999996
23789 OSIM_X_c0[1,155,155,4,5,0] 8.659560562354932e-17
23790 OSIM_X_c0[1,155,155,4,6,0] -8.659560562354932e-17
23791 OSIM_X_c0[1,155,155,5,1,0] 9.21511964897073e-17
23792 OSIM_X_c0[1,155,155,5,2,0] -1.4999999999999991
23793 OSIM_X_c0[1,155,155,5,3,0] -3.330669073875468e-16
23794 OSIM_X_c0[1,155,155,5,4,0] -8.659560562354932e-17
23795 OSIM_X_c0[1,155,155,5,5,0] 2.220446049250313e-16
23796 OSIM_X_c0[1,155,155,5,6,0] 0.9999999999999998
23797 OSIM_X_c0[1,155,155,6,1,0] 0.9999999999999994
23798 OSIM_X_c0[1,155,155,6,2,0] 2.464713017639975e-16
23799 OSIM_X_c0[1,155,155,6,3,0] 1.4999999999999991
23800 OSIM_X_c0[1,155,155,6,4,0] 8.659560562354932e-17
23801 OSIM_X_c0[1,155,155,6,5,0] 0.9999999999999998
23802 OSIM_X_c0[1,155,155,6,6,0] 2.220446049250313e-16
23803 OSIM_X_c0[1,156,156,1,1,0] -0.9999999999999996
23804 OSIM_X_c0[1,156,156,1,2,0] 8.659560562354932e-17
23805 OSIM_X_c0[1,156,156,1,3,0] -8.659560562354932e-17
23806 OSIM_X_c0[1,156,156,1,4,0] 0
23807 OSIM_X_c0[1,156,156,1,5,0] 0
23808 OSIM_X_c0[1,156,156,1,6,0] 0
23809 OSIM_X_c0[1,156,156,2,1,0] -8.659560562354932e-17
23810 OSIM_X_c0[1,156,156,2,2,0] 2.220446049250313e-16
23811 OSIM_X_c0[1,156,156,2,3,0] 0.9999999999999998
23812 OSIM_X_c0[1,156,156,2,4,0] 0
23813 OSIM_X_c0[1,156,156,2,5,0] 0
23814 OSIM_X_c0[1,156,156,2,6,0] 0
23815 OSIM_X_c0[1,156,156,3,1,0] 8.659560562354932e-17
23816 OSIM_X_c0[1,156,156,3,2,0] 0.9999999999999998
23817 OSIM_X_c0[1,156,156,3,3,0] 2.220446049250313e-16
23818 OSIM_X_c0[1,156,156,3,4,0] 0
23819 OSIM_X_c0[1,156,156,3,5,0] 0
23820 OSIM_X_c0[1,156,156,3,6,0] 0
23821 OSIM_X_c0[1,156,156,4,1,0] 8.659560562354929e-17
23822 OSIM_X_c0[1,156,156,4,2,0] 0.9999999999999998
23823 OSIM_X_c0[1,156,156,4,3,0] 4.4408920985006257e-16
23824 OSIM_X_c0[1,156,156,4,4,0] -0.9999999999999996
23825 OSIM_X_c0[1,156,156,4,5,0] 8.659560562354932e-17
23826 OSIM_X_c0[1,156,156,4,6,0] -8.659560562354932e-17
23827 OSIM_X_c0[1,156,156,5,1,0] 9.21511964897073e-17
23828 OSIM_X_c0[1,156,156,5,2,0] -1.4999999999999991
23829 OSIM_X_c0[1,156,156,5,3,0] -3.330669073875468e-16
23830 OSIM_X_c0[1,156,156,5,4,0] -8.659560562354932e-17
23831 OSIM_X_c0[1,156,156,5,5,0] 2.220446049250313e-16
23832 OSIM_X_c0[1,156,156,5,6,0] 0.9999999999999998
23833 OSIM_X_c0[1,156,156,6,1,0] 0.9999999999999994
23834 OSIM_X_c0[1,156,156,6,2,0] 2.464713017639975e-16
23835 OSIM_X_c0[1,156,156,6,3,0] 1.4999999999999991
23836 OSIM_X_c0[1,156,156,6,4,0] 8.659560562354932e-17
23837 OSIM_X_c0[1,156,156,6,5,0] 0.9999999999999998
23838 OSIM_X_c0[1,156,156,6,6,0] 2.220446049250313e-16
23839 OSIM_X_c0[1,157,157,1,1,0] -0.9999999999999996
23840 OSIM_X_c0[1,157,157,1,2,0] 8.659560562354932e-17
23841 OSIM_X_c0[1,157,157,1,3,0] -8.659560562354932e-17
23842 OSIM_X_c0[1,157,157,1,4,0] 0
23843 OSIM_X_c0[1,157,157,1,5,0] 0
23844 OSIM_X_c0[1,157,157,1,6,0] 0
23845 OSIM_X_c0[1,157,157,2,1,0] -8.659560562354932e-17
23846 OSIM_X_c0[1,157,157,2,2,0] 2.220446049250313e-16
23847 OSIM_X_c0[1,157,157,2,3,0] 0.9999999999999998
23848 OSIM_X_c0[1,157,157,2,4,0] 0
23849 OSIM_X_c0[1,157,157,2,5,0] 0
23850 OSIM_X_c0[1,157,157,2,6,0] 0
23851 OSIM_X_c0[1,157,157,3,1,0] 8.659560562354932e-17
23852 OSIM_X_c0[1,157,157,3,2,0] 0.9999999999999998
23853 OSIM_X_c0[1,157,157,3,3,0] 2.220446049250313e-16
23854 OSIM_X_c0[1,157,157,3,4,0] 0
23855 OSIM_X_c0[1,157,157,3,5,0] 0
23856 OSIM_X_c0[1,157,157,3,6,0] 0
23857 OSIM_X_c0[1,157,157,4,1,0] 8.659560562354935e-17
23858 OSIM_X_c0[1,157,157,4,2,0] 1.0000000000000002
23859 OSIM_X_c0[1,157,157,4,3,0] 2.220446049250314e-16
23860 OSIM_X_c0[1,157,157,4,4,0] -0.9999999999999996
23861 OSIM_X_c0[1,157,157,4,5,0] 8.659560562354932e-17
23862 OSIM_X_c0[1,157,157,4,6,0] -8.659560562354932e-17
23863 OSIM_X_c0[1,157,157,5,1,0] -1.731912112470986e-16
23864 OSIM_X_c0[1,157,157,5,2,0] -1.9999999999999993
23865 OSIM_X_c0[1,157,157,5,3,0] -4.4408920985006257e-16
23866 OSIM_X_c0[1,157,157,5,4,0] -8.659560562354932e-17
23867 OSIM_X_c0[1,157,157,5,5,0] 2.220446049250313e-16
23868 OSIM_X_c0[1,157,157,5,6,0] 0.9999999999999998
23869 OSIM_X_c0[1,157,157,6,1,0] 0.9999999999999998
23870 OSIM_X_c0[1,157,157,6,2,0] 3.574936042265132e-16
23871 OSIM_X_c0[1,157,157,6,3,0] 1.9999999999999993
23872 OSIM_X_c0[1,157,157,6,4,0] 8.659560562354932e-17
23873 OSIM_X_c0[1,157,157,6,5,0] 0.9999999999999998
23874 OSIM_X_c0[1,157,157,6,6,0] 2.220446049250313e-16
23875 OSIM_X_c0[1,158,158,1,1,0] -0.9999999999999996
23876 OSIM_X_c0[1,158,158,1,2,0] 8.659560562354932e-17
23877 OSIM_X_c0[1,158,158,1,3,0] -8.659560562354932e-17
23878 OSIM_X_c0[1,158,158,1,4,0] 0
23879 OSIM_X_c0[1,158,158,1,5,0] 0
23880 OSIM_X_c0[1,158,158,1,6,0] 0
23881 OSIM_X_c0[1,158,158,2,1,0] -8.659560562354932e-17
23882 OSIM_X_c0[1,158,158,2,2,0] 2.220446049250313e-16
23883 OSIM_X_c0[1,158,158,2,3,0] 0.9999999999999998
23884 OSIM_X_c0[1,158,158,2,4,0] 0
23885 OSIM_X_c0[1,158,158,2,5,0] 0
23886 OSIM_X_c0[1,158,158,2,6,0] 0
23887 OSIM_X_c0[1,158,158,3,1,0] 8.659560562354932e-17
23888 OSIM_X_c0[1,158,158,3,2,0] 0.9999999999999998
23889 OSIM_X_c0[1,158,158,3,3,0] 2.220446049250313e-16
23890 OSIM_X_c0[1,158,158,3,4,0] 0
23891 OSIM_X_c0[1,158,158,3,5,0] 0
23892 OSIM_X_c0[1,158,158,3,6,0] 0
23893 OSIM_X_c0[1,158,158,4,1,0] 8.659560562354935e-17
23894 OSIM_X_c0[1,158,158,4,2,0] 1.0000000000000002
23895 OSIM_X_c0[1,158,158,4,3,0] 2.220446049250314e-16
23896 OSIM_X_c0[1,158,158,4,4,0] -0.9999999999999996
23897 OSIM_X_c0[1,158,158,4,5,0] 8.659560562354932e-17
23898 OSIM_X_c0[1,158,158,4,6,0] -8.659560562354932e-17
23899 OSIM_X_c0[1,158,158,5,1,0] -1.731912112470986e-16
23900 OSIM_X_c0[1,158,158,5,2,0] -1.9999999999999993
23901 OSIM_X_c0[1,158,158,5,3,0] -4.4408920985006257e-16
23902 OSIM_X_c0[1,158,158,5,4,0] -8.659560562354932e-17
23903 OSIM_X_c0[1,158,158,5,5,0] 2.220446049250313e-16
23904 OSIM_X_c0[1,158,158,5,6,0] 0.9999999999999998
23905 OSIM_X_c0[1,158,158,6,1,0] 0.9999999999999998
23906 OSIM_X_c0[1,158,158,6,2,0] 3.574936042265132e-16
23907 OSIM_X_c0[1,158,158,6,3,0] 1.9999999999999993
23908 OSIM_X_c0[1,158,158,6,4,0] 8.659560562354932e-17
23909 OSIM_X_c0[1,158,158,6,5,0] 0.9999999999999998
23910 OSIM_X_c0[1,158,158,6,6,0] 2.220446049250313e-16
23911 OSIM_X_c0[1,159,159,1,1,0] -0.9999999999999996
23912 OSIM_X_c0[1,159,159,1,2,0] 8.659560562354932e-17
23913 OSIM_X_c0[1,159,159,1,3,0] -8.659560562354932e-17
23914 OSIM_X_c0[1,159,159,1,4,0] 0
23915 OSIM_X_c0[1,159,159,1,5,0] 0
23916 OSIM_X_c0[1,159,159,1,6,0] 0
23917 OSIM_X_c0[1,159,159,2,1,0] -8.659560562354932e-17
23918 OSIM_X_c0[1,159,159,2,2,0] 2.220446049250313e-16
23919 OSIM_X_c0[1,159,159,2,3,0] 0.9999999999999998
23920 OSIM_X_c0[1,159,159,2,4,0] 0
23921 OSIM_X_c0[1,159,159,2,5,0] 0
23922 OSIM_X_c0[1,159,159,2,6,0] 0
23923 OSIM_X_c0[1,159,159,3,1,0] 8.659560562354932e-17
23924 OSIM_X_c0[1,159,159,3,2,0] 0.9999999999999998
23925 OSIM_X_c0[1,159,159,3,3,0] 2.220446049250313e-16
23926 OSIM_X_c0[1,159,159,3,4,0] 0
23927 OSIM_X_c0[1,159,159,3,5,0] 0
23928 OSIM_X_c0[1,159,159,3,6,0] 0
23929 OSIM_X_c0[1,159,159,4,1,0] 8.659560562354935e-17
23930 OSIM_X_c0[1,159,159,4,2,0] 1.0000000000000002
23931 OSIM_X_c0[1,159,159,4,3,0] 2.220446049250314e-16
23932 OSIM_X_c0[1,159,159,4,4,0] -0.9999999999999996
23933 OSIM_X_c0[1,159,159,4,5,0] 8.659560562354932e-17
23934 OSIM_X_c0[1,159,159,4,6,0] -8.659560562354932e-17
23935 OSIM_X_c0[1,159,159,5,1,0] -1.731912112470986e-16
23936 OSIM_X_c0[1,159,159,5,2,0] -1.9999999999999993
23937 OSIM_X_c0[1,159,159,5,3,0] -4.4408920985006257e-16
23938 OSIM_X_c0[1,159,159,5,4,0] -8.659560562354932e-17
23939 OSIM_X_c0[1,159,159,5,5,0] 2.220446049250313e-16
23940 OSIM_X_c0[1,159,159,5,6,0] 0.9999999999999998
23941 OSIM_X_c0[1,159,159,6,1,0] 0.9999999999999998
23942 OSIM_X_c0[1,159,159,6,2,0] 3.574936042265132e-16
23943 OSIM_X_c0[1,159,159,6,3,0] 1.9999999999999993
23944 OSIM_X_c0[1,159,159,6,4,0] 8.659560562354932e-17
23945 OSIM_X_c0[1,159,159,6,5,0] 0.9999999999999998
23946 OSIM_X_c0[1,159,159,6,6,0] 2.220446049250313e-16
23947 OSIM_X_c0[1,160,160,1,1,0] -0.9999999999999996
23948 OSIM_X_c0[1,160,160,1,2,0] 8.659560562354932e-17
23949 OSIM_X_c0[1,160,160,1,3,0] -8.659560562354932e-17
23950 OSIM_X_c0[1,160,160,1,4,0] 0
23951 OSIM_X_c0[1,160,160,1,5,0] 0
23952 OSIM_X_c0[1,160,160,1,6,0] 0
23953 OSIM_X_c0[1,160,160,2,1,0] -8.659560562354932e-17
23954 OSIM_X_c0[1,160,160,2,2,0] 2.220446049250313e-16
23955 OSIM_X_c0[1,160,160,2,3,0] 0.9999999999999998
23956 OSIM_X_c0[1,160,160,2,4,0] 0
23957 OSIM_X_c0[1,160,160,2,5,0] 0
23958 OSIM_X_c0[1,160,160,2,6,0] 0
23959 OSIM_X_c0[1,160,160,3,1,0] 8.659560562354932e-17
23960 OSIM_X_c0[1,160,160,3,2,0] 0.9999999999999998
23961 OSIM_X_c0[1,160,160,3,3,0] 2.220446049250313e-16
23962 OSIM_X_c0[1,160,160,3,4,0] 0
23963 OSIM_X_c0[1,160,160,3,5,0] 0
23964 OSIM_X_c0[1,160,160,3,6,0] 0
23965 OSIM_X_c0[1,160,160,4,1,0] 8.659560562354935e-17
23966 OSIM_X_c0[1,160,160,4,2,0] 1.0000000000000002
23967 OSIM_X_c0[1,160,160,4,3,0] 2.220446049250314e-16
23968 OSIM_X_c0[1,160,160,4,4,0] -0.9999999999999996
23969 OSIM_X_c0[1,160,160,4,5,0] 8.659560562354932e-17
23970 OSIM_X_c0[1,160,160,4,6,0] -8.659560562354932e-17
23971 OSIM_X_c0[1,160,160,5,1,0] -1.731912112470986e-16
23972 OSIM_X_c0[1,160,160,5,2,0] -1.9999999999999993
23973 OSIM_X_c0[1,160,160,5,3,0] -4.4408920985006257e-16
23974 OSIM_X_c0[1,160,160,5,4,0] -8.659560562354932e-17
23975 OSIM_X_c0[1,160,160,5,5,0] 2.220446049250313e-16
23976 OSIM_X_c0[1,160,160,5,6,0] 0.9999999999999998
23977 OSIM_X_c0[1,160,160,6,1,0] 0.9999999999999998
23978 OSIM_X_c0[1,160,160,6,2,0] 3.574936042265132e-16
23979 OSIM_X_c0[1,160,160,6,3,0] 1.9999999999999993
23980 OSIM_X_c0[1,160,160,6,4,0] 8.659560562354932e-17
23981 OSIM_X_c0[1,160,160,6,5,0] 0.9999999999999998
23982 OSIM_X_c0[1,160,160,6,6,0] 2.220446049250313e-16
23983 OSIM_X_c0[1,161,161,1,1,0] -0.9999999999999996
23984 OSIM_X_c0[1,161,161,1,2,0] 8.659560562354932e-17
23985 OSIM_X_c0[1,161,161,1,3,0] -8.659560562354932e-17
23986 OSIM_X_c0[1,161,161,1,4,0] 0
23987 OSIM_X_c0[1,161,161,1,5,0] 0
23988 OSIM_X_c0[1,161,161,1,6,0] 0
23989 OSIM_X_c0[1,161,161,2,1,0] -8.659560562354932e-17
23990 OSIM_X_c0[1,161,161,2,2,0] 2.220446049250313e-16
23991 OSIM_X_c0[1,161,161,2,3,0] 0.9999999999999998
23992 OSIM_X_c0[1,161,161,2,4,0] 0
23993 OSIM_X_c0[1,161,161,2,5,0] 0
23994 OSIM_X_c0[1,161,161,2,6,0] 0
23995 OSIM_X_c0[1,161,161,3,1,0] 8.659560562354932e-17
23996 OSIM_X_c0[1,161,161,3,2,0] 0.9999999999999998
23997 OSIM_X_c0[1,161,161,3,3,0] 2.220446049250313e-16
23998 OSIM_X_c0[1,161,161,3,4,0] 0
23999 OSIM_X_c0[1,161,161,3,5,0] 0
24000 OSIM_X_c0[1,161,161,3,6,0] 0
24001 OSIM_X_c0[1,161,161,4,1,0] 8.659560562354935e-17
24002 OSIM_X_c0[1,161,161,4,2,0] 1.0000000000000002
24003 OSIM_X_c0[1,161,161,4,3,0] 2.220446049250314e-16
24004 OSIM_X_c0[1,161,161,4,4,0] -0.9999999999999996
24005 OSIM_X_c0[1,161,161,4,5,0] 8.659560562354932e-17
24006 OSIM_X_c0[1,161,161,4,6,0] -8.659560562354932e-17
24007 OSIM_X_c0[1,161,161,5,1,0] -1.731912112470986e-16
24008 OSIM_X_c0[1,161,161,5,2,0] -1.9999999999999993
24009 OSIM_X_c0[1,161,161,5,3,0] -4.4408920985006257e-16
24010 OSIM_X_c0[1,161,161,5,4,0] -8.659560562354932e-17
24011 OSIM_X_c0[1,161,161,5,5,0] 2.220446049250313e-16
24012 OSIM_X_c0[1,161,161,5,6,0] 0.9999999999999998
24013 OSIM_X_c0[1,161,161,6,1,0] 0.9999999999999998
24014 OSIM_X_c0[1,161,161,6,2,0] 3.574936042265132e-16
24015 OSIM_X_c0[1,161,161,6,3,0] 1.9999999999999993
24016 OSIM_X_c0[1,161,161,6,4,0] 8.659560562354932e-17
24017 OSIM_X_c0[1,161,161,6,5,0] 0.9999999999999998
24018 OSIM_X_c0[1,161,161,6,6,0] 2.220446049250313e-16
24019 OSIM_X_c0[1,162,162,1,1,0] -0.9999999999999996
24020 OSIM_X_c0[1,162,162,1,2,0] 8.659560562354932e-17
24021 OSIM_X_c0[1,162,162,1,3,0] -8.659560562354932e-17
24022 OSIM_X_c0[1,162,162,1,4,0] 0
24023 OSIM_X_c0[1,162,162,1,5,0] 0
24024 OSIM_X_c0[1,162,162,1,6,0] 0
24025 OSIM_X_c0[1,162,162,2,1,0] -8.659560562354932e-17
24026 OSIM_X_c0[1,162,162,2,2,0] 2.220446049250313e-16
24027 OSIM_X_c0[1,162,162,2,3,0] 0.9999999999999998
24028 OSIM_X_c0[1,162,162,2,4,0] 0
24029 OSIM_X_c0[1,162,162,2,5,0] 0
24030 OSIM_X_c0[1,162,162,2,6,0] 0
24031 OSIM_X_c0[1,162,162,3,1,0] 8.659560562354932e-17
24032 OSIM_X_c0[1,162,162,3,2,0] 0.9999999999999998
24033 OSIM_X_c0[1,162,162,3,3,0] 2.220446049250313e-16
24034 OSIM_X_c0[1,162,162,3,4,0] 0
24035 OSIM_X_c0[1,162,162,3,5,0] 0
24036 OSIM_X_c0[1,162,162,3,6,0] 0
24037 OSIM_X_c0[1,162,162,4,1,0] 8.659560562354935e-17
24038 OSIM_X_c0[1,162,162,4,2,0] 1.0000000000000002
24039 OSIM_X_c0[1,162,162,4,3,0] 2.220446049250314e-16
24040 OSIM_X_c0[1,162,162,4,4,0] -0.9999999999999996
24041 OSIM_X_c0[1,162,162,4,5,0] 8.659560562354932e-17
24042 OSIM_X_c0[1,162,162,4,6,0] -8.659560562354932e-17
24043 OSIM_X_c0[1,162,162,5,1,0] -1.731912112470986e-16
24044 OSIM_X_c0[1,162,162,5,2,0] -1.9999999999999993
24045 OSIM_X_c0[1,162,162,5,3,0] -4.4408920985006257e-16
24046 OSIM_X_c0[1,162,162,5,4,0] -8.659560562354932e-17
24047 OSIM_X_c0[1,162,162,5,5,0] 2.220446049250313e-16
24048 OSIM_X_c0[1,162,162,5,6,0] 0.9999999999999998
24049 OSIM_X_c0[1,162,162,6,1,0] 0.9999999999999998
24050 OSIM_X_c0[1,162,162,6,2,0] 3.574936042265132e-16
24051 OSIM_X_c0[1,162,162,6,3,0] 1.9999999999999993
24052 OSIM_X_c0[1,162,162,6,4,0] 8.659560562354932e-17
24053 OSIM_X_c0[1,162,162,6,5,0] 0.9999999999999998
24054 OSIM_X_c0[1,162,162,6,6,0] 2.220446049250313e-16
24055 OSIM_X_c0[1,163,163,1,1,0] 2.220446049250313e-16
24056 OSIM_X_c0[1,163,163,1,2,0] 4.440892098500626e-16
24057 OSIM_X_c0[1,163,163,1,3,0] -1.0000000000000002
24058 OSIM_X_c0[1,163,163,1,4,0] 0
24059 OSIM_X_c0[1,163,163,1,5,0] 0
24060 OSIM_X_c0[1,163,163,1,6,0] 0
24061 OSIM_X_c0[1,163,163,2,1,0] -1.0000000000000002
24062 OSIM_X_c0[1,163,163,2,2,0] 2.220446049250313e-16
24063 OSIM_X_c0[1,163,163,2,3,0] -4.440892098500626e-16
24064 OSIM_X_c0[1,163,163,2,4,0] 0
24065 OSIM_X_c0[1,163,163,2,5,0] 0
24066 OSIM_X_c0[1,163,163,2,6,0] 0
24067 OSIM_X_c0[1,163,163,3,1,0] 4.440892098500626e-16
24068 OSIM_X_c0[1,163,163,3,2,0] 1.0000000000000002
24069 OSIM_X_c0[1,163,163,3,3,0] 2.220446049250313e-16
24070 OSIM_X_c0[1,163,163,3,4,0] 0
24071 OSIM_X_c0[1,163,163,3,5,0] 0
24072 OSIM_X_c0[1,163,163,3,6,0] 0
24073 OSIM_X_c0[1,163,163,4,1,0] 4.440892098500623e-16
24074 OSIM_X_c0[1,163,163,4,2,0] 2
24075 OSIM_X_c0[1,163,163,4,3,0] 4.440892098500623e-16
24076 OSIM_X_c0[1,163,163,4,4,0] 2.220446049250313e-16
24077 OSIM_X_c0[1,163,163,4,5,0] 4.440892098500626e-16
24078 OSIM_X_c0[1,163,163,4,6,0] -1.0000000000000002
24079 OSIM_X_c0[1,163,163,5,1,0] 4.4408920985006247e-16
24080 OSIM_X_c0[1,163,163,5,2,0] 1
24081 OSIM_X_c0[1,163,163,5,3,0] 6.66133814775094e-16
24082 OSIM_X_c0[1,163,163,5,4,0] -1.0000000000000002
24083 OSIM_X_c0[1,163,163,5,5,0] 2.220446049250313e-16
24084 OSIM_X_c0[1,163,163,5,6,0] -4.440892098500626e-16
24085 OSIM_X_c0[1,163,163,6,1,0] 0.9999999999999996
24086 OSIM_X_c0[1,163,163,6,2,0] -1.1102230246251563e-15
24087 OSIM_X_c0[1,163,163,6,3,0] 2.0000000000000004
24088 OSIM_X_c0[1,163,163,6,4,0] 4.440892098500626e-16
24089 OSIM_X_c0[1,163,163,6,5,0] 1.0000000000000002
24090 OSIM_X_c0[1,163,163,6,6,0] 2.220446049250313e-16
24091 OSIM_X_c0[1,164,164,1,1,0] 2.220446049250313e-16
24092 OSIM_X_c0[1,164,164,1,2,0] 4.440892098500626e-16
24093 OSIM_X_c0[1,164,164,1,3,0] -1.0000000000000002
24094 OSIM_X_c0[1,164,164,1,4,0] 0
24095 OSIM_X_c0[1,164,164,1,5,0] 0
24096 OSIM_X_c0[1,164,164,1,6,0] 0
24097 OSIM_X_c0[1,164,164,2,1,0] -1.0000000000000002
24098 OSIM_X_c0[1,164,164,2,2,0] 2.220446049250313e-16
24099 OSIM_X_c0[1,164,164,2,3,0] -4.440892098500626e-16
24100 OSIM_X_c0[1,164,164,2,4,0] 0
24101 OSIM_X_c0[1,164,164,2,5,0] 0
24102 OSIM_X_c0[1,164,164,2,6,0] 0
24103 OSIM_X_c0[1,164,164,3,1,0] 4.440892098500626e-16
24104 OSIM_X_c0[1,164,164,3,2,0] 1.0000000000000002
24105 OSIM_X_c0[1,164,164,3,3,0] 2.220446049250313e-16
24106 OSIM_X_c0[1,164,164,3,4,0] 0
24107 OSIM_X_c0[1,164,164,3,5,0] 0
24108 OSIM_X_c0[1,164,164,3,6,0] 0
24109 OSIM_X_c0[1,164,164,4,1,0] 4.440892098500623e-16
24110 OSIM_X_c0[1,164,164,4,2,0] 2
24111 OSIM_X_c0[1,164,164,4,3,0] 4.440892098500623e-16
24112 OSIM_X_c0[1,164,164,4,4,0] 2.220446049250313e-16
24113 OSIM_X_c0[1,164,164,4,5,0] 4.440892098500626e-16
24114 OSIM_X_c0[1,164,164,4,6,0] -1.0000000000000002
24115 OSIM_X_c0[1,164,164,5,1,0] 4.4408920985006247e-16
24116 OSIM_X_c0[1,164,164,5,2,0] 1
24117 OSIM_X_c0[1,164,164,5,3,0] 6.66133814775094e-16
24118 OSIM_X_c0[1,164,164,5,4,0] -1.0000000000000002
24119 OSIM_X_c0[1,164,164,5,5,0] 2.220446049250313e-16
24120 OSIM_X_c0[1,164,164,5,6,0] -4.440892098500626e-16
24121 OSIM_X_c0[1,164,164,6,1,0] 0.9999999999999996
24122 OSIM_X_c0[1,164,164,6,2,0] -1.1102230246251563e-15
24123 OSIM_X_c0[1,164,164,6,3,0] 2.0000000000000004
24124 OSIM_X_c0[1,164,164,6,4,0] 4.440892098500626e-16
24125 OSIM_X_c0[1,164,164,6,5,0] 1.0000000000000002
24126 OSIM_X_c0[1,164,164,6,6,0] 2.220446049250313e-16
24127 OSIM_X_c0[1,165,165,1,1,0] 2.220446049250313e-16
24128 OSIM_X_c0[1,165,165,1,2,0] 4.440892098500626e-16
24129 OSIM_X_c0[1,165,165,1,3,0] -1.0000000000000002
24130 OSIM_X_c0[1,165,165,1,4,0] 0
24131 OSIM_X_c0[1,165,165,1,5,0] 0
24132 OSIM_X_c0[1,165,165,1,6,0] 0
24133 OSIM_X_c0[1,165,165,2,1,0] -1.0000000000000002
24134 OSIM_X_c0[1,165,165,2,2,0] 2.220446049250313e-16
24135 OSIM_X_c0[1,165,165,2,3,0] -4.440892098500626e-16
24136 OSIM_X_c0[1,165,165,2,4,0] 0
24137 OSIM_X_c0[1,165,165,2,5,0] 0
24138 OSIM_X_c0[1,165,165,2,6,0] 0
24139 OSIM_X_c0[1,165,165,3,1,0] 4.440892098500626e-16
24140 OSIM_X_c0[1,165,165,3,2,0] 1.0000000000000002
24141 OSIM_X_c0[1,165,165,3,3,0] 2.220446049250313e-16
24142 OSIM_X_c0[1,165,165,3,4,0] 0
24143 OSIM_X_c0[1,165,165,3,5,0] 0
24144 OSIM_X_c0[1,165,165,3,6,0] 0
24145 OSIM_X_c0[1,165,165,4,1,0] 4.440892098500623e-16
24146 OSIM_X_c0[1,165,165,4,2,0] 2
24147 OSIM_X_c0[1,165,165,4,3,0] 4.440892098500623e-16
24148 OSIM_X_c0[1,165,165,4,4,0] 2.220446049250313e-16
24149 OSIM_X_c0[1,165,165,4,5,0] 4.440892098500626e-16
24150 OSIM_X_c0[1,165,165,4,6,0] -1.0000000000000002
24151 OSIM_X_c0[1,165,165,5,1,0] 4.4408920985006247e-16
24152 OSIM_X_c0[1,165,165,5,2,0] 1
24153 OSIM_X_c0[1,165,165,5,3,0] 6.66133814775094e-16
24154 OSIM_X_c0[1,165,165,5,4,0] -1.0000000000000002
24155 OSIM_X_c0[1,165,165,5,5,0] 2.220446049250313e-16
24156 OSIM_X_c0[1,165,165,5,6,0] -4.440892098500626e-16
24157 OSIM_X_c0[1,165,165,6,1,0] 0.9999999999999996
24158 OSIM_X_c0[1,165,165,6,2,0] -1.1102230246251563e-15
24159 OSIM_X_c0[1,165,165,6,3,0] 2.0000000000000004
24160 OSIM_X_c0[1,165,165,6,4,0] 4.440892098500626e-16
24161 OSIM_X_c0[1,165,165,6,5,0] 1.0000000000000002
24162 OSIM_X_c0[1,165,165,6,6,0] 2.220446049250313e-16
24163 OSIM_X_c0[1,166,166,1,1,0] 2.220446049250313e-16
24164 OSIM_X_c0[1,166,166,1,2,0] 4.440892098500626e-16
24165 OSIM_X_c0[1,166,166,1,3,0] -1.0000000000000002
24166 OSIM_X_c0[1,166,166,1,4,0] 0
24167 OSIM_X_c0[1,166,166,1,5,0] 0
24168 OSIM_X_c0[1,166,166,1,6,0] 0
24169 OSIM_X_c0[1,166,166,2,1,0] -1.0000000000000002
24170 OSIM_X_c0[1,166,166,2,2,0] 2.220446049250313e-16
24171 OSIM_X_c0[1,166,166,2,3,0] -4.440892098500626e-16
24172 OSIM_X_c0[1,166,166,2,4,0] 0
24173 OSIM_X_c0[1,166,166,2,5,0] 0
24174 OSIM_X_c0[1,166,166,2,6,0] 0
24175 OSIM_X_c0[1,166,166,3,1,0] 4.440892098500626e-16
24176 OSIM_X_c0[1,166,166,3,2,0] 1.0000000000000002
24177 OSIM_X_c0[1,166,166,3,3,0] 2.220446049250313e-16
24178 OSIM_X_c0[1,166,166,3,4,0] 0
24179 OSIM_X_c0[1,166,166,3,5,0] 0
24180 OSIM_X_c0[1,166,166,3,6,0] 0
24181 OSIM_X_c0[1,166,166,4,1,0] 4.440892098500623e-16
24182 OSIM_X_c0[1,166,166,4,2,0] 2
24183 OSIM_X_c0[1,166,166,4,3,0] 4.440892098500623e-16
24184 OSIM_X_c0[1,166,166,4,4,0] 2.220446049250313e-16
24185 OSIM_X_c0[1,166,166,4,5,0] 4.440892098500626e-16
24186 OSIM_X_c0[1,166,166,4,6,0] -1.0000000000000002
24187 OSIM_X_c0[1,166,166,5,1,0] 4.4408920985006247e-16
24188 OSIM_X_c0[1,166,166,5,2,0] 1
24189 OSIM_X_c0[1,166,166,5,3,0] 6.66133814775094e-16
24190 OSIM_X_c0[1,166,166,5,4,0] -1.0000000000000002
24191 OSIM_X_c0[1,166,166,5,5,0] 2.220446049250313e-16
24192 OSIM_X_c0[1,166,166,5,6,0] -4.440892098500626e-16
24193 OSIM_X_c0[1,166,166,6,1,0] 0.9999999999999996
24194 OSIM_X_c0[1,166,166,6,2,0] -1.1102230246251563e-15
24195 OSIM_X_c0[1,166,166,6,3,0] 2.0000000000000004
24196 OSIM_X_c0[1,166,166,6,4,0] 4.440892098500626e-16
24197 OSIM_X_c0[1,166,166,6,5,0] 1.0000000000000002
24198 OSIM_X_c0[1,166,166,6,6,0] 2.220446049250313e-16
24199 OSIM_X_c0[1,167,167,1,1,0] 2.220446049250313e-16
24200 OSIM_X_c0[1,167,167,1,2,0] 4.440892098500626e-16
24201 OSIM_X_c0[1,167,167,1,3,0] -1.0000000000000002
24202 OSIM_X_c0[1,167,167,1,4,0] 0
24203 OSIM_X_c0[1,167,167,1,5,0] 0
24204 OSIM_X_c0[1,167,167,1,6,0] 0
24205 OSIM_X_c0[1,167,167,2,1,0] -1.0000000000000002
24206 OSIM_X_c0[1,167,167,2,2,0] 2.220446049250313e-16
24207 OSIM_X_c0[1,167,167,2,3,0] -4.440892098500626e-16
24208 OSIM_X_c0[1,167,167,2,4,0] 0
24209 OSIM_X_c0[1,167,167,2,5,0] 0
24210 OSIM_X_c0[1,167,167,2,6,0] 0
24211 OSIM_X_c0[1,167,167,3,1,0] 4.440892098500626e-16
24212 OSIM_X_c0[1,167,167,3,2,0] 1.0000000000000002
24213 OSIM_X_c0[1,167,167,3,3,0] 2.220446049250313e-16
24214 OSIM_X_c0[1,167,167,3,4,0] 0
24215 OSIM_X_c0[1,167,167,3,5,0] 0
24216 OSIM_X_c0[1,167,167,3,6,0] 0
24217 OSIM_X_c0[1,167,167,4,1,0] 4.440892098500623e-16
24218 OSIM_X_c0[1,167,167,4,2,0] 2
24219 OSIM_X_c0[1,167,167,4,3,0] 4.440892098500623e-16
24220 OSIM_X_c0[1,167,167,4,4,0] 2.220446049250313e-16
24221 OSIM_X_c0[1,167,167,4,5,0] 4.440892098500626e-16
24222 OSIM_X_c0[1,167,167,4,6,0] -1.0000000000000002
24223 OSIM_X_c0[1,167,167,5,1,0] 4.4408920985006247e-16
24224 OSIM_X_c0[1,167,167,5,2,0] 1
24225 OSIM_X_c0[1,167,167,5,3,0] 6.66133814775094e-16
24226 OSIM_X_c0[1,167,167,5,4,0] -1.0000000000000002
24227 OSIM_X_c0[1,167,167,5,5,0] 2.220446049250313e-16
24228 OSIM_X_c0[1,167,167,5,6,0] -4.440892098500626e-16
24229 OSIM_X_c0[1,167,167,6,1,0] 0.9999999999999996
24230 OSIM_X_c0[1,167,167,6,2,0] -1.1102230246251563e-15
24231 OSIM_X_c0[1,167,167,6,3,0] 2.0000000000000004
24232 OSIM_X_c0[1,167,167,6,4,0] 4.440892098500626e-16
24233 OSIM_X_c0[1,167,167,6,5,0] 1.0000000000000002
24234 OSIM_X_c0[1,167,167,6,6,0] 2.220446049250313e-16
24235 OSIM_X_c0[1,168,168,1,1,0] 2.220446049250313e-16
24236 OSIM_X_c0[1,168,168,1,2,0] 4.440892098500626e-16
24237 OSIM_X_c0[1,168,168,1,3,0] -1.0000000000000002
24238 OSIM_X_c0[1,168,168,1,4,0] 0
24239 OSIM_X_c0[1,168,168,1,5,0] 0
24240 OSIM_X_c0[1,168,168,1,6,0] 0
24241 OSIM_X_c0[1,168,168,2,1,0] -1.0000000000000002
24242 OSIM_X_c0[1,168,168,2,2,0] 2.220446049250313e-16
24243 OSIM_X_c0[1,168,168,2,3,0] -4.440892098500626e-16
24244 OSIM_X_c0[1,168,168,2,4,0] 0
24245 OSIM_X_c0[1,168,168,2,5,0] 0
24246 OSIM_X_c0[1,168,168,2,6,0] 0
24247 OSIM_X_c0[1,168,168,3,1,0] 4.440892098500626e-16
24248 OSIM_X_c0[1,168,168,3,2,0] 1.0000000000000002
24249 OSIM_X_c0[1,168,168,3,3,0] 2.220446049250313e-16
24250 OSIM_X_c0[1,168,168,3,4,0] 0
24251 OSIM_X_c0[1,168,168,3,5,0] 0
24252 OSIM_X_c0[1,168,168,3,6,0] 0
24253 OSIM_X_c0[1,168,168,4,1,0] 4.440892098500623e-16
24254 OSIM_X_c0[1,168,168,4,2,0] 2
24255 OSIM_X_c0[1,168,168,4,3,0] 4.440892098500623e-16
24256 OSIM_X_c0[1,168,168,4,4,0] 2.220446049250313e-16
24257 OSIM_X_c0[1,168,168,4,5,0] 4.440892098500626e-16
24258 OSIM_X_c0[1,168,168,4,6,0] -1.0000000000000002
24259 OSIM_X_c0[1,168,168,5,1,0] 4.4408920985006247e-16
24260 OSIM_X_c0[1,168,168,5,2,0] 1
24261 OSIM_X_c0[1,168,168,5,3,0] 6.66133814775094e-16
24262 OSIM_X_c0[1,168,168,5,4,0] -1.0000000000000002
24263 OSIM_X_c0[1,168,168,5,5,0] 2.220446049250313e-16
24264 OSIM_X_c0[1,168,168,5,6,0] -4.440892098500626e-16
24265 OSIM_X_c0[1,168,168,6,1,0] 0.9999999999999996
24266 OSIM_X_c0[1,168,168,6,2,0] -1.1102230246251563e-15
24267 OSIM_X_c0[1,168,168,6,3,0] 2.0000000000000004
24268 OSIM_X_c0[1,168,168,6,4,0] 4.440892098500626e-16
24269 OSIM_X_c0[1,168,168,6,5,0] 1.0000000000000002
24270 OSIM_X_c0[1,168,168,6,6,0] 2.220446049250313e-16
24271 OSIM_X_c0[1,169,169,1,1,0] 2.220446049250313e-16
24272 OSIM_X_c0[1,169,169,1,2,0] 4.440892098500626e-16
24273 OSIM_X_c0[1,169,169,1,3,0] -1.0000000000000002
24274 OSIM_X_c0[1,169,169,1,4,0] 0
24275 OSIM_X_c0[1,169,169,1,5,0] 0
24276 OSIM_X_c0[1,169,169,1,6,0] 0
24277 OSIM_X_c0[1,169,169,2,1,0] -1.0000000000000002
24278 OSIM_X_c0[1,169,169,2,2,0] 2.220446049250313e-16
24279 OSIM_X_c0[1,169,169,2,3,0] -4.440892098500626e-16
24280 OSIM_X_c0[1,169,169,2,4,0] 0
24281 OSIM_X_c0[1,169,169,2,5,0] 0
24282 OSIM_X_c0[1,169,169,2,6,0] 0
24283 OSIM_X_c0[1,169,169,3,1,0] 4.440892098500626e-16
24284 OSIM_X_c0[1,169,169,3,2,0] 1.0000000000000002
24285 OSIM_X_c0[1,169,169,3,3,0] 2.220446049250313e-16
24286 OSIM_X_c0[1,169,169,3,4,0] 0
24287 OSIM_X_c0[1,169,169,3,5,0] 0
24288 OSIM_X_c0[1,169,169,3,6,0] 0
24289 OSIM_X_c0[1,169,169,4,1,0] 5.551115123125778e-16
24290 OSIM_X_c0[1,169,169,4,2,0] 1.9999999999999996
24291 OSIM_X_c0[1,169,169,4,3,0] 4.4408920985006227e-16
24292 OSIM_X_c0[1,169,169,4,4,0] 2.220446049250313e-16
24293 OSIM_X_c0[1,169,169,4,5,0] 4.440892098500626e-16
24294 OSIM_X_c0[1,169,169,4,6,0] -1.0000000000000002
24295 OSIM_X_c0[1,169,169,5,1,0] 3.3306690738754667e-16
24296 OSIM_X_c0[1,169,169,5,2,0] 0.7499999999999996
24297 OSIM_X_c0[1,169,169,5,3,0] 4.996003610813204e-16
24298 OSIM_X_c0[1,169,169,5,4,0] -1.0000000000000002
24299 OSIM_X_c0[1,169,169,5,5,0] 2.220446049250313e-16
24300 OSIM_X_c0[1,169,169,5,6,0] -4.440892098500626e-16
24301 OSIM_X_c0[1,169,169,6,1,0] 0.7499999999999991
24302 OSIM_X_c0[1,169,169,6,2,0] -1.0547118733938981e-15
24303 OSIM_X_c0[1,169,169,6,3,0] 1.9999999999999998
24304 OSIM_X_c0[1,169,169,6,4,0] 4.440892098500626e-16
24305 OSIM_X_c0[1,169,169,6,5,0] 1.0000000000000002
24306 OSIM_X_c0[1,169,169,6,6,0] 2.220446049250313e-16
24307 OSIM_X_c0[1,170,170,1,1,0] 2.220446049250313e-16
24308 OSIM_X_c0[1,170,170,1,2,0] 4.440892098500626e-16
24309 OSIM_X_c0[1,170,170,1,3,0] -1.0000000000000002
24310 OSIM_X_c0[1,170,170,1,4,0] 0
24311 OSIM_X_c0[1,170,170,1,5,0] 0
24312 OSIM_X_c0[1,170,170,1,6,0] 0
24313 OSIM_X_c0[1,170,170,2,1,0] -1.0000000000000002
24314 OSIM_X_c0[1,170,170,2,2,0] 2.220446049250313e-16
24315 OSIM_X_c0[1,170,170,2,3,0] -4.440892098500626e-16
24316 OSIM_X_c0[1,170,170,2,4,0] 0
24317 OSIM_X_c0[1,170,170,2,5,0] 0
24318 OSIM_X_c0[1,170,170,2,6,0] 0
24319 OSIM_X_c0[1,170,170,3,1,0] 4.440892098500626e-16
24320 OSIM_X_c0[1,170,170,3,2,0] 1.0000000000000002
24321 OSIM_X_c0[1,170,170,3,3,0] 2.220446049250313e-16
24322 OSIM_X_c0[1,170,170,3,4,0] 0
24323 OSIM_X_c0[1,170,170,3,5,0] 0
24324 OSIM_X_c0[1,170,170,3,6,0] 0
24325 OSIM_X_c0[1,170,170,4,1,0] 5.551115123125778e-16
24326 OSIM_X_c0[1,170,170,4,2,0] 1.9999999999999996
24327 OSIM_X_c0[1,170,170,4,3,0] 4.4408920985006227e-16
24328 OSIM_X_c0[1,170,170,4,4,0] 2.220446049250313e-16
24329 OSIM_X_c0[1,170,170,4,5,0] 4.440892098500626e-16
24330 OSIM_X_c0[1,170,170,4,6,0] -1.0000000000000002
24331 OSIM_X_c0[1,170,170,5,1,0] 3.3306690738754667e-16
24332 OSIM_X_c0[1,170,170,5,2,0] 0.7499999999999996
24333 OSIM_X_c0[1,170,170,5,3,0] 4.996003610813204e-16
24334 OSIM_X_c0[1,170,170,5,4,0] -1.0000000000000002
24335 OSIM_X_c0[1,170,170,5,5,0] 2.220446049250313e-16
24336 OSIM_X_c0[1,170,170,5,6,0] -4.440892098500626e-16
24337 OSIM_X_c0[1,170,170,6,1,0] 0.7499999999999991
24338 OSIM_X_c0[1,170,170,6,2,0] -1.0547118733938981e-15
24339 OSIM_X_c0[1,170,170,6,3,0] 1.9999999999999998
24340 OSIM_X_c0[1,170,170,6,4,0] 4.440892098500626e-16
24341 OSIM_X_c0[1,170,170,6,5,0] 1.0000000000000002
24342 OSIM_X_c0[1,170,170,6,6,0] 2.220446049250313e-16
24343 OSIM_X_c0[1,171,171,1,1,0] 2.220446049250313e-16
24344 OSIM_X_c0[1,171,171,1,2,0] 4.440892098500626e-16
24345 OSIM_X_c0[1,171,171,1,3,0] -1.0000000000000002
24346 OSIM_X_c0[1,171,171,1,4,0] 0
24347 OSIM_X_c0[1,171,171,1,5,0] 0
24348 OSIM_X_c0[1,171,171,1,6,0] 0
24349 OSIM_X_c0[1,171,171,2,1,0] -1.0000000000000002
24350 OSIM_X_c0[1,171,171,2,2,0] 2.220446049250313e-16
24351 OSIM_X_c0[1,171,171,2,3,0] -4.440892098500626e-16
24352 OSIM_X_c0[1,171,171,2,4,0] 0
24353 OSIM_X_c0[1,171,171,2,5,0] 0
24354 OSIM_X_c0[1,171,171,2,6,0] 0
24355 OSIM_X_c0[1,171,171,3,1,0] 4.440892098500626e-16
24356 OSIM_X_c0[1,171,171,3,2,0] 1.0000000000000002
24357 OSIM_X_c0[1,171,171,3,3,0] 2.220446049250313e-16
24358 OSIM_X_c0[1,171,171,3,4,0] 0
24359 OSIM_X_c0[1,171,171,3,5,0] 0
24360 OSIM_X_c0[1,171,171,3,6,0] 0
24361 OSIM_X_c0[1,171,171,4,1,0] 5.551115123125778e-16
24362 OSIM_X_c0[1,171,171,4,2,0] 1.9999999999999996
24363 OSIM_X_c0[1,171,171,4,3,0] 4.4408920985006227e-16
24364 OSIM_X_c0[1,171,171,4,4,0] 2.220446049250313e-16
24365 OSIM_X_c0[1,171,171,4,5,0] 4.440892098500626e-16
24366 OSIM_X_c0[1,171,171,4,6,0] -1.0000000000000002
24367 OSIM_X_c0[1,171,171,5,1,0] 3.3306690738754667e-16
24368 OSIM_X_c0[1,171,171,5,2,0] 0.7499999999999996
24369 OSIM_X_c0[1,171,171,5,3,0] 4.996003610813204e-16
24370 OSIM_X_c0[1,171,171,5,4,0] -1.0000000000000002
24371 OSIM_X_c0[1,171,171,5,5,0] 2.220446049250313e-16
24372 OSIM_X_c0[1,171,171,5,6,0] -4.440892098500626e-16
24373 OSIM_X_c0[1,171,171,6,1,0] 0.7499999999999991
24374 OSIM_X_c0[1,171,171,6,2,0] -1.0547118733938981e-15
24375 OSIM_X_c0[1,171,171,6,3,0] 1.9999999999999998
24376 OSIM_X_c0[1,171,171,6,4,0] 4.440892098500626e-16
24377 OSIM_X_c0[1,171,171,6,5,0] 1.0000000000000002
24378 OSIM_X_c0[1,171,171,6,6,0] 2.220446049250313e-16
24379 OSIM_X_c0[1,172,172,1,1,0] 2.220446049250313e-16
24380 OSIM_X_c0[1,172,172,1,2,0] 4.440892098500626e-16
24381 OSIM_X_c0[1,172,172,1,3,0] -1.0000000000000002
24382 OSIM_X_c0[1,172,172,1,4,0] 0
24383 OSIM_X_c0[1,172,172,1,5,0] 0
24384 OSIM_X_c0[1,172,172,1,6,0] 0
24385 OSIM_X_c0[1,172,172,2,1,0] -1.0000000000000002
24386 OSIM_X_c0[1,172,172,2,2,0] 2.220446049250313e-16
24387 OSIM_X_c0[1,172,172,2,3,0] -4.440892098500626e-16
24388 OSIM_X_c0[1,172,172,2,4,0] 0
24389 OSIM_X_c0[1,172,172,2,5,0] 0
24390 OSIM_X_c0[1,172,172,2,6,0] 0
24391 OSIM_X_c0[1,172,172,3,1,0] 4.440892098500626e-16
24392 OSIM_X_c0[1,172,172,3,2,0] 1.0000000000000002
24393 OSIM_X_c0[1,172,172,3,3,0] 2.220446049250313e-16
24394 OSIM_X_c0[1,172,172,3,4,0] 0
24395 OSIM_X_c0[1,172,172,3,5,0] 0
24396 OSIM_X_c0[1,172,172,3,6,0] 0
24397 OSIM_X_c0[1,172,172,4,1,0] 5.551115123125778e-16
24398 OSIM_X_c0[1,172,172,4,2,0] 1.9999999999999996
24399 OSIM_X_c0[1,172,172,4,3,0] 4.4408920985006227e-16
24400 OSIM_X_c0[1,172,172,4,4,0] 2.220446049250313e-16
24401 OSIM_X_c0[1,172,172,4,5,0] 4.440892098500626e-16
24402 OSIM_X_c0[1,172,172,4,6,0] -1.0000000000000002
24403 OSIM_X_c0[1,172,172,5,1,0] 3.3306690738754667e-16
24404 OSIM_X_c0[1,172,172,5,2,0] 0.7499999999999996
24405 OSIM_X_c0[1,172,172,5,3,0] 4.996003610813204e-16
24406 OSIM_X_c0[1,172,172,5,4,0] -1.0000000000000002
24407 OSIM_X_c0[1,172,172,5,5,0] 2.220446049250313e-16
24408 OSIM_X_c0[1,172,172,5,6,0] -4.440892098500626e-16
24409 OSIM_X_c0[1,172,172,6,1,0] 0.7499999999999991
24410 OSIM_X_c0[1,172,172,6,2,0] -1.0547118733938981e-15
24411 OSIM_X_c0[1,172,172,6,3,0] 1.9999999999999998
24412 OSIM_X_c0[1,172,172,6,4,0] 4.440892098500626e-16
24413 OSIM_X_c0[1,172,172,6,5,0] 1.0000000000000002
24414 OSIM_X_c0[1,172,172,6,6,0] 2.220446049250313e-16
24415 OSIM_X_c0[1,173,173,1,1,0] 2.220446049250313e-16
24416 OSIM_X_c0[1,173,173,1,2,0] 4.440892098500626e-16
24417 OSIM_X_c0[1,173,173,1,3,0] -1.0000000000000002
24418 OSIM_X_c0[1,173,173,1,4,0] 0
24419 OSIM_X_c0[1,173,173,1,5,0] 0
24420 OSIM_X_c0[1,173,173,1,6,0] 0
24421 OSIM_X_c0[1,173,173,2,1,0] -1.0000000000000002
24422 OSIM_X_c0[1,173,173,2,2,0] 2.220446049250313e-16
24423 OSIM_X_c0[1,173,173,2,3,0] -4.440892098500626e-16
24424 OSIM_X_c0[1,173,173,2,4,0] 0
24425 OSIM_X_c0[1,173,173,2,5,0] 0
24426 OSIM_X_c0[1,173,173,2,6,0] 0
24427 OSIM_X_c0[1,173,173,3,1,0] 4.440892098500626e-16
24428 OSIM_X_c0[1,173,173,3,2,0] 1.0000000000000002
24429 OSIM_X_c0[1,173,173,3,3,0] 2.220446049250313e-16
24430 OSIM_X_c0[1,173,173,3,4,0] 0
24431 OSIM_X_c0[1,173,173,3,5,0] 0
24432 OSIM_X_c0[1,173,173,3,6,0] 0
24433 OSIM_X_c0[1,173,173,4,1,0] 5.551115123125778e-16
24434 OSIM_X_c0[1,173,173,4,2,0] 1.9999999999999996
24435 OSIM_X_c0[1,173,173,4,3,0] 4.4408920985006227e-16
24436 OSIM_X_c0[1,173,173,4,4,0] 2.220446049250313e-16
24437 OSIM_X_c0[1,173,173,4,5,0] 4.440892098500626e-16
24438 OSIM_X_c0[1,173,173,4,6,0] -1.0000000000000002
24439 OSIM_X_c0[1,173,173,5,1,0] 3.3306690738754667e-16
24440 OSIM_X_c0[1,173,173,5,2,0] 0.7499999999999996
24441 OSIM_X_c0[1,173,173,5,3,0] 4.996003610813204e-16
24442 OSIM_X_c0[1,173,173,5,4,0] -1.0000000000000002
24443 OSIM_X_c0[1,173,173,5,5,0] 2.220446049250313e-16
24444 OSIM_X_c0[1,173,173,5,6,0] -4.440892098500626e-16
24445 OSIM_X_c0[1,173,173,6,1,0] 0.7499999999999991
24446 OSIM_X_c0[1,173,173,6,2,0] -1.0547118733938981e-15
24447 OSIM_X_c0[1,173,173,6,3,0] 1.9999999999999998
24448 OSIM_X_c0[1,173,173,6,4,0] 4.440892098500626e-16
24449 OSIM_X_c0[1,173,173,6,5,0] 1.0000000000000002
24450 OSIM_X_c0[1,173,173,6,6,0] 2.220446049250313e-16
24451 OSIM_X_c0[1,174,174,1,1,0] 2.220446049250313e-16
24452 OSIM_X_c0[1,174,174,1,2,0] 4.440892098500626e-16
24453 OSIM_X_c0[1,174,174,1,3,0] -1.0000000000000002
24454 OSIM_X_c0[1,174,174,1,4,0] 0
24455 OSIM_X_c0[1,174,174,1,5,0] 0
24456 OSIM_X_c0[1,174,174,1,6,0] 0
24457 OSIM_X_c0[1,174,174,2,1,0] -1.0000000000000002
24458 OSIM_X_c0[1,174,174,2,2,0] 2.220446049250313e-16
24459 OSIM_X_c0[1,174,174,2,3,0] -4.440892098500626e-16
24460 OSIM_X_c0[1,174,174,2,4,0] 0
24461 OSIM_X_c0[1,174,174,2,5,0] 0
24462 OSIM_X_c0[1,174,174,2,6,0] 0
24463 OSIM_X_c0[1,174,174,3,1,0] 4.440892098500626e-16
24464 OSIM_X_c0[1,174,174,3,2,0] 1.0000000000000002
24465 OSIM_X_c0[1,174,174,3,3,0] 2.220446049250313e-16
24466 OSIM_X_c0[1,174,174,3,4,0] 0
24467 OSIM_X_c0[1,174,174,3,5,0] 0
24468 OSIM_X_c0[1,174,174,3,6,0] 0
24469 OSIM_X_c0[1,174,174,4,1,0] 5.551115123125778e-16
24470 OSIM_X_c0[1,174,174,4,2,0] 1.9999999999999996
24471 OSIM_X_c0[1,174,174,4,3,0] 4.4408920985006227e-16
24472 OSIM_X_c0[1,174,174,4,4,0] 2.220446049250313e-16
24473 OSIM_X_c0[1,174,174,4,5,0] 4.440892098500626e-16
24474 OSIM_X_c0[1,174,174,4,6,0] -1.0000000000000002
24475 OSIM_X_c0[1,174,174,5,1,0] 3.3306690738754667e-16
24476 OSIM_X_c0[1,174,174,5,2,0] 0.7499999999999996
24477 OSIM_X_c0[1,174,174,5,3,0] 4.996003610813204e-16
24478 OSIM_X_c0[1,174,174,5,4,0] -1.0000000000000002
24479 OSIM_X_c0[1,174,174,5,5,0] 2.220446049250313e-16
24480 OSIM_X_c0[1,174,174,5,6,0] -4.440892098500626e-16
24481 OSIM_X_c0[1,174,174,6,1,0] 0.7499999999999991
24482 OSIM_X_c0[1,174,174,6,2,0] -1.0547118733938981e-15
24483 OSIM_X_c0[1,174,174,6,3,0] 1.9999999999999998
24484 OSIM_X_c0[1,174,174,6,4,0] 4.440892098500626e-16
24485 OSIM_X_c0[1,174,174,6,5,0] 1.0000000000000002
24486 OSIM_X_c0[1,174,174,6,6,0] 2.220446049250313e-16
24487 OSIM_X_c0[1,175,175,1,1,0] 2.220446049250313e-16
24488 OSIM_X_c0[1,175,175,1,2,0] 4.440892098500626e-16
24489 OSIM_X_c0[1,175,175,1,3,0] -1.0000000000000002
24490 OSIM_X_c0[1,175,175,1,4,0] 0
24491 OSIM_X_c0[1,175,175,1,5,0] 0
24492 OSIM_X_c0[1,175,175,1,6,0] 0
24493 OSIM_X_c0[1,175,175,2,1,0] -1.0000000000000002
24494 OSIM_X_c0[1,175,175,2,2,0] 2.220446049250313e-16
24495 OSIM_X_c0[1,175,175,2,3,0] -4.440892098500626e-16
24496 OSIM_X_c0[1,175,175,2,4,0] 0
24497 OSIM_X_c0[1,175,175,2,5,0] 0
24498 OSIM_X_c0[1,175,175,2,6,0] 0
24499 OSIM_X_c0[1,175,175,3,1,0] 4.440892098500626e-16
24500 OSIM_X_c0[1,175,175,3,2,0] 1.0000000000000002
24501 OSIM_X_c0[1,175,175,3,3,0] 2.220446049250313e-16
24502 OSIM_X_c0[1,175,175,3,4,0] 0
24503 OSIM_X_c0[1,175,175,3,5,0] 0
24504 OSIM_X_c0[1,175,175,3,6,0] 0
24505 OSIM_X_c0[1,175,175,4,1,0] 5.551115123125784e-16
24506 OSIM_X_c0[1,175,175,4,2,0] 2.000000000000001
24507 OSIM_X_c0[1,175,175,4,3,0] 4.4408920985006257e-16
24508 OSIM_X_c0[1,175,175,4,4,0] 2.220446049250313e-16
24509 OSIM_X_c0[1,175,175,4,5,0] 4.440892098500626e-16
24510 OSIM_X_c0[1,175,175,4,6,0] -1.0000000000000002
24511 OSIM_X_c0[1,175,175,5,1,0] 2.220446049250314e-16
24512 OSIM_X_c0[1,175,175,5,2,0] 0.5000000000000004
24513 OSIM_X_c0[1,175,175,5,3,0] 4.440892098500628e-16
24514 OSIM_X_c0[1,175,175,5,4,0] -1.0000000000000002
24515 OSIM_X_c0[1,175,175,5,5,0] 2.220446049250313e-16
24516 OSIM_X_c0[1,175,175,5,6,0] -4.440892098500626e-16
24517 OSIM_X_c0[1,175,175,6,1,0] 0.5
24518 OSIM_X_c0[1,175,175,6,2,0] -9.99200722162641e-16
24519 OSIM_X_c0[1,175,175,6,3,0] 2.0000000000000013
24520 OSIM_X_c0[1,175,175,6,4,0] 4.440892098500626e-16
24521 OSIM_X_c0[1,175,175,6,5,0] 1.0000000000000002
24522 OSIM_X_c0[1,175,175,6,6,0] 2.220446049250313e-16
24523 OSIM_X_c0[1,176,176,1,1,0] 2.220446049250313e-16
24524 OSIM_X_c0[1,176,176,1,2,0] 4.440892098500626e-16
24525 OSIM_X_c0[1,176,176,1,3,0] -1.0000000000000002
24526 OSIM_X_c0[1,176,176,1,4,0] 0
24527 OSIM_X_c0[1,176,176,1,5,0] 0
24528 OSIM_X_c0[1,176,176,1,6,0] 0
24529 OSIM_X_c0[1,176,176,2,1,0] -1.0000000000000002
24530 OSIM_X_c0[1,176,176,2,2,0] 2.220446049250313e-16
24531 OSIM_X_c0[1,176,176,2,3,0] -4.440892098500626e-16
24532 OSIM_X_c0[1,176,176,2,4,0] 0
24533 OSIM_X_c0[1,176,176,2,5,0] 0
24534 OSIM_X_c0[1,176,176,2,6,0] 0
24535 OSIM_X_c0[1,176,176,3,1,0] 4.440892098500626e-16
24536 OSIM_X_c0[1,176,176,3,2,0] 1.0000000000000002
24537 OSIM_X_c0[1,176,176,3,3,0] 2.220446049250313e-16
24538 OSIM_X_c0[1,176,176,3,4,0] 0
24539 OSIM_X_c0[1,176,176,3,5,0] 0
24540 OSIM_X_c0[1,176,176,3,6,0] 0
24541 OSIM_X_c0[1,176,176,4,1,0] 5.551115123125784e-16
24542 OSIM_X_c0[1,176,176,4,2,0] 2.000000000000001
24543 OSIM_X_c0[1,176,176,4,3,0] 4.4408920985006257e-16
24544 OSIM_X_c0[1,176,176,4,4,0] 2.220446049250313e-16
24545 OSIM_X_c0[1,176,176,4,5,0] 4.440892098500626e-16
24546 OSIM_X_c0[1,176,176,4,6,0] -1.0000000000000002
24547 OSIM_X_c0[1,176,176,5,1,0] 2.220446049250314e-16
24548 OSIM_X_c0[1,176,176,5,2,0] 0.5000000000000004
24549 OSIM_X_c0[1,176,176,5,3,0] 4.440892098500628e-16
24550 OSIM_X_c0[1,176,176,5,4,0] -1.0000000000000002
24551 OSIM_X_c0[1,176,176,5,5,0] 2.220446049250313e-16
24552 OSIM_X_c0[1,176,176,5,6,0] -4.440892098500626e-16
24553 OSIM_X_c0[1,176,176,6,1,0] 0.5
24554 OSIM_X_c0[1,176,176,6,2,0] -9.99200722162641e-16
24555 OSIM_X_c0[1,176,176,6,3,0] 2.0000000000000013
24556 OSIM_X_c0[1,176,176,6,4,0] 4.440892098500626e-16
24557 OSIM_X_c0[1,176,176,6,5,0] 1.0000000000000002
24558 OSIM_X_c0[1,176,176,6,6,0] 2.220446049250313e-16
24559 OSIM_X_c0[1,177,177,1,1,0] 2.220446049250313e-16
24560 OSIM_X_c0[1,177,177,1,2,0] 4.440892098500626e-16
24561 OSIM_X_c0[1,177,177,1,3,0] -1.0000000000000002
24562 OSIM_X_c0[1,177,177,1,4,0] 0
24563 OSIM_X_c0[1,177,177,1,5,0] 0
24564 OSIM_X_c0[1,177,177,1,6,0] 0
24565 OSIM_X_c0[1,177,177,2,1,0] -1.0000000000000002
24566 OSIM_X_c0[1,177,177,2,2,0] 2.220446049250313e-16
24567 OSIM_X_c0[1,177,177,2,3,0] -4.440892098500626e-16
24568 OSIM_X_c0[1,177,177,2,4,0] 0
24569 OSIM_X_c0[1,177,177,2,5,0] 0
24570 OSIM_X_c0[1,177,177,2,6,0] 0
24571 OSIM_X_c0[1,177,177,3,1,0] 4.440892098500626e-16
24572 OSIM_X_c0[1,177,177,3,2,0] 1.0000000000000002
24573 OSIM_X_c0[1,177,177,3,3,0] 2.220446049250313e-16
24574 OSIM_X_c0[1,177,177,3,4,0] 0
24575 OSIM_X_c0[1,177,177,3,5,0] 0
24576 OSIM_X_c0[1,177,177,3,6,0] 0
24577 OSIM_X_c0[1,177,177,4,1,0] 5.551115123125784e-16
24578 OSIM_X_c0[1,177,177,4,2,0] 2.000000000000001
24579 OSIM_X_c0[1,177,177,4,3,0] 4.4408920985006257e-16
24580 OSIM_X_c0[1,177,177,4,4,0] 2.220446049250313e-16
24581 OSIM_X_c0[1,177,177,4,5,0] 4.440892098500626e-16
24582 OSIM_X_c0[1,177,177,4,6,0] -1.0000000000000002
24583 OSIM_X_c0[1,177,177,5,1,0] 2.220446049250314e-16
24584 OSIM_X_c0[1,177,177,5,2,0] 0.5000000000000004
24585 OSIM_X_c0[1,177,177,5,3,0] 4.440892098500628e-16
24586 OSIM_X_c0[1,177,177,5,4,0] -1.0000000000000002
24587 OSIM_X_c0[1,177,177,5,5,0] 2.220446049250313e-16
24588 OSIM_X_c0[1,177,177,5,6,0] -4.440892098500626e-16
24589 OSIM_X_c0[1,177,177,6,1,0] 0.5
24590 OSIM_X_c0[1,177,177,6,2,0] -9.99200722162641e-16
24591 OSIM_X_c0[1,177,177,6,3,0] 2.0000000000000013
24592 OSIM_X_c0[1,177,177,6,4,0] 4.440892098500626e-16
24593 OSIM_X_c0[1,177,177,6,5,0] 1.0000000000000002
24594 OSIM_X_c0[1,177,177,6,6,0] 2.220446049250313e-16
24595 OSIM_X_c0[1,178,178,1,1,0] 2.220446049250313e-16
24596 OSIM_X_c0[1,178,178,1,2,0] 4.440892098500626e-16
24597 OSIM_X_c0[1,178,178,1,3,0] -1.0000000000000002
24598 OSIM_X_c0[1,178,178,1,4,0] 0
24599 OSIM_X_c0[1,178,178,1,5,0] 0
24600 OSIM_X_c0[1,178,178,1,6,0] 0
24601 OSIM_X_c0[1,178,178,2,1,0] -1.0000000000000002
24602 OSIM_X_c0[1,178,178,2,2,0] 2.220446049250313e-16
24603 OSIM_X_c0[1,178,178,2,3,0] -4.440892098500626e-16
24604 OSIM_X_c0[1,178,178,2,4,0] 0
24605 OSIM_X_c0[1,178,178,2,5,0] 0
24606 OSIM_X_c0[1,178,178,2,6,0] 0
24607 OSIM_X_c0[1,178,178,3,1,0] 4.440892098500626e-16
24608 OSIM_X_c0[1,178,178,3,2,0] 1.0000000000000002
24609 OSIM_X_c0[1,178,178,3,3,0] 2.220446049250313e-16
24610 OSIM_X_c0[1,178,178,3,4,0] 0
24611 OSIM_X_c0[1,178,178,3,5,0] 0
24612 OSIM_X_c0[1,178,178,3,6,0] 0
24613 OSIM_X_c0[1,178,178,4,1,0] 5.551115123125784e-16
24614 OSIM_X_c0[1,178,178,4,2,0] 2.000000000000001
24615 OSIM_X_c0[1,178,178,4,3,0] 4.4408920985006257e-16
24616 OSIM_X_c0[1,178,178,4,4,0] 2.220446049250313e-16
24617 OSIM_X_c0[1,178,178,4,5,0] 4.440892098500626e-16
24618 OSIM_X_c0[1,178,178,4,6,0] -1.0000000000000002
24619 OSIM_X_c0[1,178,178,5,1,0] 2.220446049250314e-16
24620 OSIM_X_c0[1,178,178,5,2,0] 0.5000000000000004
24621 OSIM_X_c0[1,178,178,5,3,0] 4.440892098500628e-16
24622 OSIM_X_c0[1,178,178,5,4,0] -1.0000000000000002
24623 OSIM_X_c0[1,178,178,5,5,0] 2.220446049250313e-16
24624 OSIM_X_c0[1,178,178,5,6,0] -4.440892098500626e-16
24625 OSIM_X_c0[1,178,178,6,1,0] 0.5
24626 OSIM_X_c0[1,178,178,6,2,0] -9.99200722162641e-16
24627 OSIM_X_c0[1,178,178,6,3,0] 2.0000000000000013
24628 OSIM_X_c0[1,178,178,6,4,0] 4.440892098500626e-16
24629 OSIM_X_c0[1,178,178,6,5,0] 1.0000000000000002
24630 OSIM_X_c0[1,178,178,6,6,0] 2.220446049250313e-16
24631 OSIM_X_c0[1,179,179,1,1,0] 2.220446049250313e-16
24632 OSIM_X_c0[1,179,179,1,2,0] 4.440892098500626e-16
24633 OSIM_X_c0[1,179,179,1,3,0] -1.0000000000000002
24634 OSIM_X_c0[1,179,179,1,4,0] 0
24635 OSIM_X_c0[1,179,179,1,5,0] 0
24636 OSIM_X_c0[1,179,179,1,6,0] 0
24637 OSIM_X_c0[1,179,179,2,1,0] -1.0000000000000002
24638 OSIM_X_c0[1,179,179,2,2,0] 2.220446049250313e-16
24639 OSIM_X_c0[1,179,179,2,3,0] -4.440892098500626e-16
24640 OSIM_X_c0[1,179,179,2,4,0] 0
24641 OSIM_X_c0[1,179,179,2,5,0] 0
24642 OSIM_X_c0[1,179,179,2,6,0] 0
24643 OSIM_X_c0[1,179,179,3,1,0] 4.440892098500626e-16
24644 OSIM_X_c0[1,179,179,3,2,0] 1.0000000000000002
24645 OSIM_X_c0[1,179,179,3,3,0] 2.220446049250313e-16
24646 OSIM_X_c0[1,179,179,3,4,0] 0
24647 OSIM_X_c0[1,179,179,3,5,0] 0
24648 OSIM_X_c0[1,179,179,3,6,0] 0
24649 OSIM_X_c0[1,179,179,4,1,0] 5.551115123125784e-16
24650 OSIM_X_c0[1,179,179,4,2,0] 2.000000000000001
24651 OSIM_X_c0[1,179,179,4,3,0] 4.4408920985006257e-16
24652 OSIM_X_c0[1,179,179,4,4,0] 2.220446049250313e-16
24653 OSIM_X_c0[1,179,179,4,5,0] 4.440892098500626e-16
24654 OSIM_X_c0[1,179,179,4,6,0] -1.0000000000000002
24655 OSIM_X_c0[1,179,179,5,1,0] 2.220446049250314e-16
24656 OSIM_X_c0[1,179,179,5,2,0] 0.5000000000000004
24657 OSIM_X_c0[1,179,179,5,3,0] 4.440892098500628e-16
24658 OSIM_X_c0[1,179,179,5,4,0] -1.0000000000000002
24659 OSIM_X_c0[1,179,179,5,5,0] 2.220446049250313e-16
24660 OSIM_X_c0[1,179,179,5,6,0] -4.440892098500626e-16
24661 OSIM_X_c0[1,179,179,6,1,0] 0.5
24662 OSIM_X_c0[1,179,179,6,2,0] -9.99200722162641e-16
24663 OSIM_X_c0[1,179,179,6,3,0] 2.0000000000000013
24664 OSIM_X_c0[1,179,179,6,4,0] 4.440892098500626e-16
24665 OSIM_X_c0[1,179,179,6,5,0] 1.0000000000000002
24666 OSIM_X_c0[1,179,179,6,6,0] 2.220446049250313e-16
24667 OSIM_X_c0[1,180,180,1,1,0] 2.220446049250313e-16
24668 OSIM_X_c0[1,180,180,1,2,0] 4.440892098500626e-16
24669 OSIM_X_c0[1,180,180,1,3,0] -1.0000000000000002
24670 OSIM_X_c0[1,180,180,1,4,0] 0
24671 OSIM_X_c0[1,180,180,1,5,0] 0
24672 OSIM_X_c0[1,180,180,1,6,0] 0
24673 OSIM_X_c0[1,180,180,2,1,0] -1.0000000000000002
24674 OSIM_X_c0[1,180,180,2,2,0] 2.220446049250313e-16
24675 OSIM_X_c0[1,180,180,2,3,0] -4.440892098500626e-16
24676 OSIM_X_c0[1,180,180,2,4,0] 0
24677 OSIM_X_c0[1,180,180,2,5,0] 0
24678 OSIM_X_c0[1,180,180,2,6,0] 0
24679 OSIM_X_c0[1,180,180,3,1,0] 4.440892098500626e-16
24680 OSIM_X_c0[1,180,180,3,2,0] 1.0000000000000002
24681 OSIM_X_c0[1,180,180,3,3,0] 2.220446049250313e-16
24682 OSIM_X_c0[1,180,180,3,4,0] 0
24683 OSIM_X_c0[1,180,180,3,5,0] 0
24684 OSIM_X_c0[1,180,180,3,6,0] 0
24685 OSIM_X_c0[1,180,180,4,1,0] 5.551115123125784e-16
24686 OSIM_X_c0[1,180,180,4,2,0] 2.000000000000001
24687 OSIM_X_c0[1,180,180,4,3,0] 4.4408920985006257e-16
24688 OSIM_X_c0[1,180,180,4,4,0] 2.220446049250313e-16
24689 OSIM_X_c0[1,180,180,4,5,0] 4.440892098500626e-16
24690 OSIM_X_c0[1,180,180,4,6,0] -1.0000000000000002
24691 OSIM_X_c0[1,180,180,5,1,0] 2.220446049250314e-16
24692 OSIM_X_c0[1,180,180,5,2,0] 0.5000000000000004
24693 OSIM_X_c0[1,180,180,5,3,0] 4.440892098500628e-16
24694 OSIM_X_c0[1,180,180,5,4,0] -1.0000000000000002
24695 OSIM_X_c0[1,180,180,5,5,0] 2.220446049250313e-16
24696 OSIM_X_c0[1,180,180,5,6,0] -4.440892098500626e-16
24697 OSIM_X_c0[1,180,180,6,1,0] 0.5
24698 OSIM_X_c0[1,180,180,6,2,0] -9.99200722162641e-16
24699 OSIM_X_c0[1,180,180,6,3,0] 2.0000000000000013
24700 OSIM_X_c0[1,180,180,6,4,0] 4.440892098500626e-16
24701 OSIM_X_c0[1,180,180,6,5,0] 1.0000000000000002
24702 OSIM_X_c0[1,180,180,6,6,0] 2.220446049250313e-16
24703 OSIM_X_c0[1,181,181,1,1,0] 2.220446049250313e-16
24704 OSIM_X_c0[1,181,181,1,2,0] 4.440892098500626e-16
24705 OSIM_X_c0[1,181,181,1,3,0] -1.0000000000000002
24706 OSIM_X_c0[1,181,181,1,4,0] 0
24707 OSIM_X_c0[1,181,181,1,5,0] 0
24708 OSIM_X_c0[1,181,181,1,6,0] 0
24709 OSIM_X_c0[1,181,181,2,1,0] -1.0000000000000002
24710 OSIM_X_c0[1,181,181,2,2,0] 2.220446049250313e-16
24711 OSIM_X_c0[1,181,181,2,3,0] -4.440892098500626e-16
24712 OSIM_X_c0[1,181,181,2,4,0] 0
24713 OSIM_X_c0[1,181,181,2,5,0] 0
24714 OSIM_X_c0[1,181,181,2,6,0] 0
24715 OSIM_X_c0[1,181,181,3,1,0] 4.440892098500626e-16
24716 OSIM_X_c0[1,181,181,3,2,0] 1.0000000000000002
24717 OSIM_X_c0[1,181,181,3,3,0] 2.220446049250313e-16
24718 OSIM_X_c0[1,181,181,3,4,0] 0
24719 OSIM_X_c0[1,181,181,3,5,0] 0
24720 OSIM_X_c0[1,181,181,3,6,0] 0
24721 OSIM_X_c0[1,181,181,4,1,0] 5.55111512312578e-16
24722 OSIM_X_c0[1,181,181,4,2,0] 2
24723 OSIM_X_c0[1,181,181,4,3,0] 4.4408920985006237e-16
24724 OSIM_X_c0[1,181,181,4,4,0] 2.220446049250313e-16
24725 OSIM_X_c0[1,181,181,4,5,0] 4.440892098500626e-16
24726 OSIM_X_c0[1,181,181,4,6,0] -1.0000000000000002
24727 OSIM_X_c0[1,181,181,5,1,0] 1.1102230246251558e-16
24728 OSIM_X_c0[1,181,181,5,2,0] 0.25000000000000006
24729 OSIM_X_c0[1,181,181,5,3,0] 3.885780586188049e-16
24730 OSIM_X_c0[1,181,181,5,4,0] -1.0000000000000002
24731 OSIM_X_c0[1,181,181,5,5,0] 2.220446049250313e-16
24732 OSIM_X_c0[1,181,181,5,6,0] -4.440892098500626e-16
24733 OSIM_X_c0[1,181,181,6,1,0] 0.2499999999999996
24734 OSIM_X_c0[1,181,181,6,2,0] -9.436895709313829e-16
24735 OSIM_X_c0[1,181,181,6,3,0] 2
24736 OSIM_X_c0[1,181,181,6,4,0] 4.440892098500626e-16
24737 OSIM_X_c0[1,181,181,6,5,0] 1.0000000000000002
24738 OSIM_X_c0[1,181,181,6,6,0] 2.220446049250313e-16
24739 OSIM_X_c0[1,182,182,1,1,0] 2.220446049250313e-16
24740 OSIM_X_c0[1,182,182,1,2,0] 4.440892098500626e-16
24741 OSIM_X_c0[1,182,182,1,3,0] -1.0000000000000002
24742 OSIM_X_c0[1,182,182,1,4,0] 0
24743 OSIM_X_c0[1,182,182,1,5,0] 0
24744 OSIM_X_c0[1,182,182,1,6,0] 0
24745 OSIM_X_c0[1,182,182,2,1,0] -1.0000000000000002
24746 OSIM_X_c0[1,182,182,2,2,0] 2.220446049250313e-16
24747 OSIM_X_c0[1,182,182,2,3,0] -4.440892098500626e-16
24748 OSIM_X_c0[1,182,182,2,4,0] 0
24749 OSIM_X_c0[1,182,182,2,5,0] 0
24750 OSIM_X_c0[1,182,182,2,6,0] 0
24751 OSIM_X_c0[1,182,182,3,1,0] 4.440892098500626e-16
24752 OSIM_X_c0[1,182,182,3,2,0] 1.0000000000000002
24753 OSIM_X_c0[1,182,182,3,3,0] 2.220446049250313e-16
24754 OSIM_X_c0[1,182,182,3,4,0] 0
24755 OSIM_X_c0[1,182,182,3,5,0] 0
24756 OSIM_X_c0[1,182,182,3,6,0] 0
24757 OSIM_X_c0[1,182,182,4,1,0] 5.55111512312578e-16
24758 OSIM_X_c0[1,182,182,4,2,0] 2
24759 OSIM_X_c0[1,182,182,4,3,0] 4.4408920985006237e-16
24760 OSIM_X_c0[1,182,182,4,4,0] 2.220446049250313e-16
24761 OSIM_X_c0[1,182,182,4,5,0] 4.440892098500626e-16
24762 OSIM_X_c0[1,182,182,4,6,0] -1.0000000000000002
24763 OSIM_X_c0[1,182,182,5,1,0] 1.1102230246251558e-16
24764 OSIM_X_c0[1,182,182,5,2,0] 0.25000000000000006
24765 OSIM_X_c0[1,182,182,5,3,0] 3.885780586188049e-16
24766 OSIM_X_c0[1,182,182,5,4,0] -1.0000000000000002
24767 OSIM_X_c0[1,182,182,5,5,0] 2.220446049250313e-16
24768 OSIM_X_c0[1,182,182,5,6,0] -4.440892098500626e-16
24769 OSIM_X_c0[1,182,182,6,1,0] 0.2499999999999996
24770 OSIM_X_c0[1,182,182,6,2,0] -9.436895709313829e-16
24771 OSIM_X_c0[1,182,182,6,3,0] 2
24772 OSIM_X_c0[1,182,182,6,4,0] 4.440892098500626e-16
24773 OSIM_X_c0[1,182,182,6,5,0] 1.0000000000000002
24774 OSIM_X_c0[1,182,182,6,6,0] 2.220446049250313e-16
24775 OSIM_X_c0[1,183,183,1,1,0] 2.220446049250313e-16
24776 OSIM_X_c0[1,183,183,1,2,0] 4.440892098500626e-16
24777 OSIM_X_c0[1,183,183,1,3,0] -1.0000000000000002
24778 OSIM_X_c0[1,183,183,1,4,0] 0
24779 OSIM_X_c0[1,183,183,1,5,0] 0
24780 OSIM_X_c0[1,183,183,1,6,0] 0
24781 OSIM_X_c0[1,183,183,2,1,0] -1.0000000000000002
24782 OSIM_X_c0[1,183,183,2,2,0] 2.220446049250313e-16
24783 OSIM_X_c0[1,183,183,2,3,0] -4.440892098500626e-16
24784 OSIM_X_c0[1,183,183,2,4,0] 0
24785 OSIM_X_c0[1,183,183,2,5,0] 0
24786 OSIM_X_c0[1,183,183,2,6,0] 0
24787 OSIM_X_c0[1,183,183,3,1,0] 4.440892098500626e-16
24788 OSIM_X_c0[1,183,183,3,2,0] 1.0000000000000002
24789 OSIM_X_c0[1,183,183,3,3,0] 2.220446049250313e-16
24790 OSIM_X_c0[1,183,183,3,4,0] 0
24791 OSIM_X_c0[1,183,183,3,5,0] 0
24792 OSIM_X_c0[1,183,183,3,6,0] 0
24793 OSIM_X_c0[1,183,183,4,1,0] 5.55111512312578e-16
24794 OSIM_X_c0[1,183,183,4,2,0] 2
24795 OSIM_X_c0[1,183,183,4,3,0] 4.4408920985006237e-16
24796 OSIM_X_c0[1,183,183,4,4,0] 2.220446049250313e-16
24797 OSIM_X_c0[1,183,183,4,5,0] 4.440892098500626e-16
24798 OSIM_X_c0[1,183,183,4,6,0] -1.0000000000000002
24799 OSIM_X_c0[1,183,183,5,1,0] 1.1102230246251558e-16
24800 OSIM_X_c0[1,183,183,5,2,0] 0.25000000000000006
24801 OSIM_X_c0[1,183,183,5,3,0] 3.885780586188049e-16
24802 OSIM_X_c0[1,183,183,5,4,0] -1.0000000000000002
24803 OSIM_X_c0[1,183,183,5,5,0] 2.220446049250313e-16
24804 OSIM_X_c0[1,183,183,5,6,0] -4.440892098500626e-16
24805 OSIM_X_c0[1,183,183,6,1,0] 0.2499999999999996
24806 OSIM_X_c0[1,183,183,6,2,0] -9.436895709313829e-16
24807 OSIM_X_c0[1,183,183,6,3,0] 2
24808 OSIM_X_c0[1,183,183,6,4,0] 4.440892098500626e-16
24809 OSIM_X_c0[1,183,183,6,5,0] 1.0000000000000002
24810 OSIM_X_c0[1,183,183,6,6,0] 2.220446049250313e-16
24811 OSIM_X_c0[1,184,184,1,1,0] 2.220446049250313e-16
24812 OSIM_X_c0[1,184,184,1,2,0] 4.440892098500626e-16
24813 OSIM_X_c0[1,184,184,1,3,0] -1.0000000000000002
24814 OSIM_X_c0[1,184,184,1,4,0] 0
24815 OSIM_X_c0[1,184,184,1,5,0] 0
24816 OSIM_X_c0[1,184,184,1,6,0] 0
24817 OSIM_X_c0[1,184,184,2,1,0] -1.0000000000000002
24818 OSIM_X_c0[1,184,184,2,2,0] 2.220446049250313e-16
24819 OSIM_X_c0[1,184,184,2,3,0] -4.440892098500626e-16
24820 OSIM_X_c0[1,184,184,2,4,0] 0
24821 OSIM_X_c0[1,184,184,2,5,0] 0
24822 OSIM_X_c0[1,184,184,2,6,0] 0
24823 OSIM_X_c0[1,184,184,3,1,0] 4.440892098500626e-16
24824 OSIM_X_c0[1,184,184,3,2,0] 1.0000000000000002
24825 OSIM_X_c0[1,184,184,3,3,0] 2.220446049250313e-16
24826 OSIM_X_c0[1,184,184,3,4,0] 0
24827 OSIM_X_c0[1,184,184,3,5,0] 0
24828 OSIM_X_c0[1,184,184,3,6,0] 0
24829 OSIM_X_c0[1,184,184,4,1,0] 5.55111512312578e-16
24830 OSIM_X_c0[1,184,184,4,2,0] 2
24831 OSIM_X_c0[1,184,184,4,3,0] 4.4408920985006237e-16
24832 OSIM_X_c0[1,184,184,4,4,0] 2.220446049250313e-16
24833 OSIM_X_c0[1,184,184,4,5,0] 4.440892098500626e-16
24834 OSIM_X_c0[1,184,184,4,6,0] -1.0000000000000002
24835 OSIM_X_c0[1,184,184,5,1,0] 1.1102230246251558e-16
24836 OSIM_X_c0[1,184,184,5,2,0] 0.25000000000000006
24837 OSIM_X_c0[1,184,184,5,3,0] 3.885780586188049e-16
24838 OSIM_X_c0[1,184,184,5,4,0] -1.0000000000000002
24839 OSIM_X_c0[1,184,184,5,5,0] 2.220446049250313e-16
24840 OSIM_X_c0[1,184,184,5,6,0] -4.440892098500626e-16
24841 OSIM_X_c0[1,184,184,6,1,0] 0.2499999999999996
24842 OSIM_X_c0[1,184,184,6,2,0] -9.436895709313829e-16
24843 OSIM_X_c0[1,184,184,6,3,0] 2
24844 OSIM_X_c0[1,184,184,6,4,0] 4.440892098500626e-16
24845 OSIM_X_c0[1,184,184,6,5,0] 1.0000000000000002
24846 OSIM_X_c0[1,184,184,6,6,0] 2.220446049250313e-16
24847 OSIM_X_c0[1,185,185,1,1,0] 2.220446049250313e-16
24848 OSIM_X_c0[1,185,185,1,2,0] 4.440892098500626e-16
24849 OSIM_X_c0[1,185,185,1,3,0] -1.0000000000000002
24850 OSIM_X_c0[1,185,185,1,4,0] 0
24851 OSIM_X_c0[1,185,185,1,5,0] 0
24852 OSIM_X_c0[1,185,185,1,6,0] 0
24853 OSIM_X_c0[1,185,185,2,1,0] -1.0000000000000002
24854 OSIM_X_c0[1,185,185,2,2,0] 2.220446049250313e-16
24855 OSIM_X_c0[1,185,185,2,3,0] -4.440892098500626e-16
24856 OSIM_X_c0[1,185,185,2,4,0] 0
24857 OSIM_X_c0[1,185,185,2,5,0] 0
24858 OSIM_X_c0[1,185,185,2,6,0] 0
24859 OSIM_X_c0[1,185,185,3,1,0] 4.440892098500626e-16
24860 OSIM_X_c0[1,185,185,3,2,0] 1.0000000000000002
24861 OSIM_X_c0[1,185,185,3,3,0] 2.220446049250313e-16
24862 OSIM_X_c0[1,185,185,3,4,0] 0
24863 OSIM_X_c0[1,185,185,3,5,0] 0
24864 OSIM_X_c0[1,185,185,3,6,0] 0
24865 OSIM_X_c0[1,185,185,4,1,0] 5.55111512312578e-16
24866 OSIM_X_c0[1,185,185,4,2,0] 2
24867 OSIM_X_c0[1,185,185,4,3,0] 4.4408920985006237e-16
24868 OSIM_X_c0[1,185,185,4,4,0] 2.220446049250313e-16
24869 OSIM_X_c0[1,185,185,4,5,0] 4.440892098500626e-16
24870 OSIM_X_c0[1,185,185,4,6,0] -1.0000000000000002
24871 OSIM_X_c0[1,185,185,5,1,0] 1.1102230246251558e-16
24872 OSIM_X_c0[1,185,185,5,2,0] 0.25000000000000006
24873 OSIM_X_c0[1,185,185,5,3,0] 3.885780586188049e-16
24874 OSIM_X_c0[1,185,185,5,4,0] -1.0000000000000002
24875 OSIM_X_c0[1,185,185,5,5,0] 2.220446049250313e-16
24876 OSIM_X_c0[1,185,185,5,6,0] -4.440892098500626e-16
24877 OSIM_X_c0[1,185,185,6,1,0] 0.2499999999999996
24878 OSIM_X_c0[1,185,185,6,2,0] -9.436895709313829e-16
24879 OSIM_X_c0[1,185,185,6,3,0] 2
24880 OSIM_X_c0[1,185,185,6,4,0] 4.440892098500626e-16
24881 OSIM_X_c0[1,185,185,6,5,0] 1.0000000000000002
24882 OSIM_X_c0[1,185,185,6,6,0] 2.220446049250313e-16
24883 OSIM_X_c0[1,186,186,1,1,0] 2.220446049250313e-16
24884 OSIM_X_c0[1,186,186,1,2,0] 4.440892098500626e-16
24885 OSIM_X_c0[1,186,186,1,3,0] -1.0000000000000002
24886 OSIM_X_c0[1,186,186,1,4,0] 0
24887 OSIM_X_c0[1,186,186,1,5,0] 0
24888 OSIM_X_c0[1,186,186,1,6,0] 0
24889 OSIM_X_c0[1,186,186,2,1,0] -1.0000000000000002
24890 OSIM_X_c0[1,186,186,2,2,0] 2.220446049250313e-16
24891 OSIM_X_c0[1,186,186,2,3,0] -4.440892098500626e-16
24892 OSIM_X_c0[1,186,186,2,4,0] 0
24893 OSIM_X_c0[1,186,186,2,5,0] 0
24894 OSIM_X_c0[1,186,186,2,6,0] 0
24895 OSIM_X_c0[1,186,186,3,1,0] 4.440892098500626e-16
24896 OSIM_X_c0[1,186,186,3,2,0] 1.0000000000000002
24897 OSIM_X_c0[1,186,186,3,3,0] 2.220446049250313e-16
24898 OSIM_X_c0[1,186,186,3,4,0] 0
24899 OSIM_X_c0[1,186,186,3,5,0] 0
24900 OSIM_X_c0[1,186,186,3,6,0] 0
24901 OSIM_X_c0[1,186,186,4,1,0] 5.55111512312578e-16
24902 OSIM_X_c0[1,186,186,4,2,0] 2
24903 OSIM_X_c0[1,186,186,4,3,0] 4.4408920985006237e-16
24904 OSIM_X_c0[1,186,186,4,4,0] 2.220446049250313e-16
24905 OSIM_X_c0[1,186,186,4,5,0] 4.440892098500626e-16
24906 OSIM_X_c0[1,186,186,4,6,0] -1.0000000000000002
24907 OSIM_X_c0[1,186,186,5,1,0] 1.1102230246251558e-16
24908 OSIM_X_c0[1,186,186,5,2,0] 0.25000000000000006
24909 OSIM_X_c0[1,186,186,5,3,0] 3.885780586188049e-16
24910 OSIM_X_c0[1,186,186,5,4,0] -1.0000000000000002
24911 OSIM_X_c0[1,186,186,5,5,0] 2.220446049250313e-16
24912 OSIM_X_c0[1,186,186,5,6,0] -4.440892098500626e-16
24913 OSIM_X_c0[1,186,186,6,1,0] 0.2499999999999996
24914 OSIM_X_c0[1,186,186,6,2,0] -9.436895709313829e-16
24915 OSIM_X_c0[1,186,186,6,3,0] 2
24916 OSIM_X_c0[1,186,186,6,4,0] 4.440892098500626e-16
24917 OSIM_X_c0[1,186,186,6,5,0] 1.0000000000000002
24918 OSIM_X_c0[1,186,186,6,6,0] 2.220446049250313e-16
24919 OSIM_X_c0[1,187,187,1,1,0] 2.220446049250313e-16
24920 OSIM_X_c0[1,187,187,1,2,0] 4.440892098500626e-16
24921 OSIM_X_c0[1,187,187,1,3,0] -1.0000000000000002
24922 OSIM_X_c0[1,187,187,1,4,0] 0
24923 OSIM_X_c0[1,187,187,1,5,0] 0
24924 OSIM_X_c0[1,187,187,1,6,0] 0
24925 OSIM_X_c0[1,187,187,2,1,0] -1.0000000000000002
24926 OSIM_X_c0[1,187,187,2,2,0] 2.220446049250313e-16
24927 OSIM_X_c0[1,187,187,2,3,0] -4.440892098500626e-16
24928 OSIM_X_c0[1,187,187,2,4,0] 0
24929 OSIM_X_c0[1,187,187,2,5,0] 0
24930 OSIM_X_c0[1,187,187,2,6,0] 0
24931 OSIM_X_c0[1,187,187,3,1,0] 4.440892098500626e-16
24932 OSIM_X_c0[1,187,187,3,2,0] 1.0000000000000002
24933 OSIM_X_c0[1,187,187,3,3,0] 2.220446049250313e-16
24934 OSIM_X_c0[1,187,187,3,4,0] 0
24935 OSIM_X_c0[1,187,187,3,5,0] 0
24936 OSIM_X_c0[1,187,187,3,6,0] 0
24937 OSIM_X_c0[1,187,187,4,1,0] 2.22044604925031e-16
24938 OSIM_X_c0[1,187,187,4,2,0] 2
24939 OSIM_X_c0[1,187,187,4,3,0] 4.4408920985006227e-16
24940 OSIM_X_c0[1,187,187,4,4,0] 2.220446049250313e-16
24941 OSIM_X_c0[1,187,187,4,5,0] 4.440892098500626e-16
24942 OSIM_X_c0[1,187,187,4,6,0] -1.0000000000000002
24943 OSIM_X_c0[1,187,187,5,1,0] -1.4791141972893971e-31
24944 OSIM_X_c0[1,187,187,5,2,0] -2.9582283945787943e-31
24945 OSIM_X_c0[1,187,187,5,3,0] 6.661338147750941e-16
24946 OSIM_X_c0[1,187,187,5,4,0] -1.0000000000000002
24947 OSIM_X_c0[1,187,187,5,5,0] 2.220446049250313e-16
24948 OSIM_X_c0[1,187,187,5,6,0] -4.440892098500626e-16
24949 OSIM_X_c0[1,187,187,6,1,0] -4.4408920985006257e-16
24950 OSIM_X_c0[1,187,187,6,2,0] -8.881784197001251e-16
24951 OSIM_X_c0[1,187,187,6,3,0] 2
24952 OSIM_X_c0[1,187,187,6,4,0] 4.440892098500626e-16
24953 OSIM_X_c0[1,187,187,6,5,0] 1.0000000000000002
24954 OSIM_X_c0[1,187,187,6,6,0] 2.220446049250313e-16
24955 OSIM_X_c0[1,188,188,1,1,0] 2.220446049250313e-16
24956 OSIM_X_c0[1,188,188,1,2,0] 4.440892098500626e-16
24957 OSIM_X_c0[1,188,188,1,3,0] -1.0000000000000002
24958 OSIM_X_c0[1,188,188,1,4,0] 0
24959 OSIM_X_c0[1,188,188,1,5,0] 0
24960 OSIM_X_c0[1,188,188,1,6,0] 0
24961 OSIM_X_c0[1,188,188,2,1,0] -1.0000000000000002
24962 OSIM_X_c0[1,188,188,2,2,0] 2.220446049250313e-16
24963 OSIM_X_c0[1,188,188,2,3,0] -4.440892098500626e-16
24964 OSIM_X_c0[1,188,188,2,4,0] 0
24965 OSIM_X_c0[1,188,188,2,5,0] 0
24966 OSIM_X_c0[1,188,188,2,6,0] 0
24967 OSIM_X_c0[1,188,188,3,1,0] 4.440892098500626e-16
24968 OSIM_X_c0[1,188,188,3,2,0] 1.0000000000000002
24969 OSIM_X_c0[1,188,188,3,3,0] 2.220446049250313e-16
24970 OSIM_X_c0[1,188,188,3,4,0] 0
24971 OSIM_X_c0[1,188,188,3,5,0] 0
24972 OSIM_X_c0[1,188,188,3,6,0] 0
24973 OSIM_X_c0[1,188,188,4,1,0] 2.22044604925031e-16
24974 OSIM_X_c0[1,188,188,4,2,0] 2
24975 OSIM_X_c0[1,188,188,4,3,0] 4.4408920985006227e-16
24976 OSIM_X_c0[1,188,188,4,4,0] 2.220446049250313e-16
24977 OSIM_X_c0[1,188,188,4,5,0] 4.440892098500626e-16
24978 OSIM_X_c0[1,188,188,4,6,0] -1.0000000000000002
24979 OSIM_X_c0[1,188,188,5,1,0] -1.4791141972893971e-31
24980 OSIM_X_c0[1,188,188,5,2,0] -2.9582283945787943e-31
24981 OSIM_X_c0[1,188,188,5,3,0] 6.661338147750941e-16
24982 OSIM_X_c0[1,188,188,5,4,0] -1.0000000000000002
24983 OSIM_X_c0[1,188,188,5,5,0] 2.220446049250313e-16
24984 OSIM_X_c0[1,188,188,5,6,0] -4.440892098500626e-16
24985 OSIM_X_c0[1,188,188,6,1,0] -4.4408920985006257e-16
24986 OSIM_X_c0[1,188,188,6,2,0] -8.881784197001251e-16
24987 OSIM_X_c0[1,188,188,6,3,0] 2
24988 OSIM_X_c0[1,188,188,6,4,0] 4.440892098500626e-16
24989 OSIM_X_c0[1,188,188,6,5,0] 1.0000000000000002
24990 OSIM_X_c0[1,188,188,6,6,0] 2.220446049250313e-16
24991 OSIM_X_c0[1,189,189,1,1,0] 2.220446049250313e-16
24992 OSIM_X_c0[1,189,189,1,2,0] 4.440892098500626e-16
24993 OSIM_X_c0[1,189,189,1,3,0] -1.0000000000000002
24994 OSIM_X_c0[1,189,189,1,4,0] 0
24995 OSIM_X_c0[1,189,189,1,5,0] 0
24996 OSIM_X_c0[1,189,189,1,6,0] 0
24997 OSIM_X_c0[1,189,189,2,1,0] -1.0000000000000002
24998 OSIM_X_c0[1,189,189,2,2,0] 2.220446049250313e-16
24999 OSIM_X_c0[1,189,189,2,3,0] -4.440892098500626e-16
25000 OSIM_X_c0[1,189,189,2,4,0] 0
25001 OSIM_X_c0[1,189,189,2,5,0] 0
25002 OSIM_X_c0[1,189,189,2,6,0] 0
25003 OSIM_X_c0[1,189,189,3,1,0] 4.440892098500626e-16
25004 OSIM_X_c0[1,189,189,3,2,0] 1.0000000000000002
25005 OSIM_X_c0[1,189,189,3,3,0] 2.220446049250313e-16
25006 OSIM_X_c0[1,189,189,3,4,0] 0
25007 OSIM_X_c0[1,189,189,3,5,0] 0
25008 OSIM_X_c0[1,189,189,3,6,0] 0
25009 OSIM_X_c0[1,189,189,4,1,0] 2.22044604925031e-16
25010 OSIM_X_c0[1,189,189,4,2,0] 2
25011 OSIM_X_c0[1,189,189,4,3,0] 4.4408920985006227e-16
25012 OSIM_X_c0[1,189,189,4,4,0] 2.220446049250313e-16
25013 OSIM_X_c0[1,189,189,4,5,0] 4.440892098500626e-16
25014 OSIM_X_c0[1,189,189,4,6,0] -1.0000000000000002
25015 OSIM_X_c0[1,189,189,5,1,0] -1.4791141972893971e-31
25016 OSIM_X_c0[1,189,189,5,2,0] -2.9582283945787943e-31
25017 OSIM_X_c0[1,189,189,5,3,0] 6.661338147750941e-16
25018 OSIM_X_c0[1,189,189,5,4,0] -1.0000000000000002
25019 OSIM_X_c0[1,189,189,5,5,0] 2.220446049250313e-16
25020 OSIM_X_c0[1,189,189,5,6,0] -4.440892098500626e-16
25021 OSIM_X_c0[1,189,189,6,1,0] -4.4408920985006257e-16
25022 OSIM_X_c0[1,189,189,6,2,0] -8.881784197001251e-16
25023 OSIM_X_c0[1,189,189,6,3,0] 2
25024 OSIM_X_c0[1,189,189,6,4,0] 4.440892098500626e-16
25025 OSIM_X_c0[1,189,189,6,5,0] 1.0000000000000002
25026 OSIM_X_c0[1,189,189,6,6,0] 2.220446049250313e-16
25027 OSIM_X_c0[1,190,190,1,1,0] 2.220446049250313e-16
25028 OSIM_X_c0[1,190,190,1,2,0] 4.440892098500626e-16
25029 OSIM_X_c0[1,190,190,1,3,0] -1.0000000000000002
25030 OSIM_X_c0[1,190,190,1,4,0] 0
25031 OSIM_X_c0[1,190,190,1,5,0] 0
25032 OSIM_X_c0[1,190,190,1,6,0] 0
25033 OSIM_X_c0[1,190,190,2,1,0] -1.0000000000000002
25034 OSIM_X_c0[1,190,190,2,2,0] 2.220446049250313e-16
25035 OSIM_X_c0[1,190,190,2,3,0] -4.440892098500626e-16
25036 OSIM_X_c0[1,190,190,2,4,0] 0
25037 OSIM_X_c0[1,190,190,2,5,0] 0
25038 OSIM_X_c0[1,190,190,2,6,0] 0
25039 OSIM_X_c0[1,190,190,3,1,0] 4.440892098500626e-16
25040 OSIM_X_c0[1,190,190,3,2,0] 1.0000000000000002
25041 OSIM_X_c0[1,190,190,3,3,0] 2.220446049250313e-16
25042 OSIM_X_c0[1,190,190,3,4,0] 0
25043 OSIM_X_c0[1,190,190,3,5,0] 0
25044 OSIM_X_c0[1,190,190,3,6,0] 0
25045 OSIM_X_c0[1,190,190,4,1,0] 2.22044604925031e-16
25046 OSIM_X_c0[1,190,190,4,2,0] 2
25047 OSIM_X_c0[1,190,190,4,3,0] 4.4408920985006227e-16
25048 OSIM_X_c0[1,190,190,4,4,0] 2.220446049250313e-16
25049 OSIM_X_c0[1,190,190,4,5,0] 4.440892098500626e-16
25050 OSIM_X_c0[1,190,190,4,6,0] -1.0000000000000002
25051 OSIM_X_c0[1,190,190,5,1,0] -1.4791141972893971e-31
25052 OSIM_X_c0[1,190,190,5,2,0] -2.9582283945787943e-31
25053 OSIM_X_c0[1,190,190,5,3,0] 6.661338147750941e-16
25054 OSIM_X_c0[1,190,190,5,4,0] -1.0000000000000002
25055 OSIM_X_c0[1,190,190,5,5,0] 2.220446049250313e-16
25056 OSIM_X_c0[1,190,190,5,6,0] -4.440892098500626e-16
25057 OSIM_X_c0[1,190,190,6,1,0] -4.4408920985006257e-16
25058 OSIM_X_c0[1,190,190,6,2,0] -8.881784197001251e-16
25059 OSIM_X_c0[1,190,190,6,3,0] 2
25060 OSIM_X_c0[1,190,190,6,4,0] 4.440892098500626e-16
25061 OSIM_X_c0[1,190,190,6,5,0] 1.0000000000000002
25062 OSIM_X_c0[1,190,190,6,6,0] 2.220446049250313e-16
25063 OSIM_X_c0[1,191,191,1,1,0] 2.220446049250313e-16
25064 OSIM_X_c0[1,191,191,1,2,0] 4.440892098500626e-16
25065 OSIM_X_c0[1,191,191,1,3,0] -1.0000000000000002
25066 OSIM_X_c0[1,191,191,1,4,0] 0
25067 OSIM_X_c0[1,191,191,1,5,0] 0
25068 OSIM_X_c0[1,191,191,1,6,0] 0
25069 OSIM_X_c0[1,191,191,2,1,0] -1.0000000000000002
25070 OSIM_X_c0[1,191,191,2,2,0] 2.220446049250313e-16
25071 OSIM_X_c0[1,191,191,2,3,0] -4.440892098500626e-16
25072 OSIM_X_c0[1,191,191,2,4,0] 0
25073 OSIM_X_c0[1,191,191,2,5,0] 0
25074 OSIM_X_c0[1,191,191,2,6,0] 0
25075 OSIM_X_c0[1,191,191,3,1,0] 4.440892098500626e-16
25076 OSIM_X_c0[1,191,191,3,2,0] 1.0000000000000002
25077 OSIM_X_c0[1,191,191,3,3,0] 2.220446049250313e-16
25078 OSIM_X_c0[1,191,191,3,4,0] 0
25079 OSIM_X_c0[1,191,191,3,5,0] 0
25080 OSIM_X_c0[1,191,191,3,6,0] 0
25081 OSIM_X_c0[1,191,191,4,1,0] 2.22044604925031e-16
25082 OSIM_X_c0[1,191,191,4,2,0] 2
25083 OSIM_X_c0[1,191,191,4,3,0] 4.4408920985006227e-16
25084 OSIM_X_c0[1,191,191,4,4,0] 2.220446049250313e-16
25085 OSIM_X_c0[1,191,191,4,5,0] 4.440892098500626e-16
25086 OSIM_X_c0[1,191,191,4,6,0] -1.0000000000000002
25087 OSIM_X_c0[1,191,191,5,1,0] -1.4791141972893971e-31
25088 OSIM_X_c0[1,191,191,5,2,0] -2.9582283945787943e-31
25089 OSIM_X_c0[1,191,191,5,3,0] 6.661338147750941e-16
25090 OSIM_X_c0[1,191,191,5,4,0] -1.0000000000000002
25091 OSIM_X_c0[1,191,191,5,5,0] 2.220446049250313e-16
25092 OSIM_X_c0[1,191,191,5,6,0] -4.440892098500626e-16
25093 OSIM_X_c0[1,191,191,6,1,0] -4.4408920985006257e-16
25094 OSIM_X_c0[1,191,191,6,2,0] -8.881784197001251e-16
25095 OSIM_X_c0[1,191,191,6,3,0] 2
25096 OSIM_X_c0[1,191,191,6,4,0] 4.440892098500626e-16
25097 OSIM_X_c0[1,191,191,6,5,0] 1.0000000000000002
25098 OSIM_X_c0[1,191,191,6,6,0] 2.220446049250313e-16
25099 OSIM_X_c0[1,192,192,1,1,0] 2.220446049250313e-16
25100 OSIM_X_c0[1,192,192,1,2,0] 4.440892098500626e-16
25101 OSIM_X_c0[1,192,192,1,3,0] -1.0000000000000002
25102 OSIM_X_c0[1,192,192,1,4,0] 0
25103 OSIM_X_c0[1,192,192,1,5,0] 0
25104 OSIM_X_c0[1,192,192,1,6,0] 0
25105 OSIM_X_c0[1,192,192,2,1,0] -1.0000000000000002
25106 OSIM_X_c0[1,192,192,2,2,0] 2.220446049250313e-16
25107 OSIM_X_c0[1,192,192,2,3,0] -4.440892098500626e-16
25108 OSIM_X_c0[1,192,192,2,4,0] 0
25109 OSIM_X_c0[1,192,192,2,5,0] 0
25110 OSIM_X_c0[1,192,192,2,6,0] 0
25111 OSIM_X_c0[1,192,192,3,1,0] 4.440892098500626e-16
25112 OSIM_X_c0[1,192,192,3,2,0] 1.0000000000000002
25113 OSIM_X_c0[1,192,192,3,3,0] 2.220446049250313e-16
25114 OSIM_X_c0[1,192,192,3,4,0] 0
25115 OSIM_X_c0[1,192,192,3,5,0] 0
25116 OSIM_X_c0[1,192,192,3,6,0] 0
25117 OSIM_X_c0[1,192,192,4,1,0] 2.22044604925031e-16
25118 OSIM_X_c0[1,192,192,4,2,0] 2
25119 OSIM_X_c0[1,192,192,4,3,0] 4.4408920985006227e-16
25120 OSIM_X_c0[1,192,192,4,4,0] 2.220446049250313e-16
25121 OSIM_X_c0[1,192,192,4,5,0] 4.440892098500626e-16
25122 OSIM_X_c0[1,192,192,4,6,0] -1.0000000000000002
25123 OSIM_X_c0[1,192,192,5,1,0] -1.4791141972893971e-31
25124 OSIM_X_c0[1,192,192,5,2,0] -2.9582283945787943e-31
25125 OSIM_X_c0[1,192,192,5,3,0] 6.661338147750941e-16
25126 OSIM_X_c0[1,192,192,5,4,0] -1.0000000000000002
25127 OSIM_X_c0[1,192,192,5,5,0] 2.220446049250313e-16
25128 OSIM_X_c0[1,192,192,5,6,0] -4.440892098500626e-16
25129 OSIM_X_c0[1,192,192,6,1,0] -4.4408920985006257e-16
25130 OSIM_X_c0[1,192,192,6,2,0] -8.881784197001251e-16
25131 OSIM_X_c0[1,192,192,6,3,0] 2
25132 OSIM_X_c0[1,192,192,6,4,0] 4.440892098500626e-16
25133 OSIM_X_c0[1,192,192,6,5,0] 1.0000000000000002
25134 OSIM_X_c0[1,192,192,6,6,0] 2.220446049250313e-16
25135 OSIM_X_c0[1,193,193,1,1,0] 2.220446049250313e-16
25136 OSIM_X_c0[1,193,193,1,2,0] 4.440892098500626e-16
25137 OSIM_X_c0[1,193,193,1,3,0] -1.0000000000000002
25138 OSIM_X_c0[1,193,193,1,4,0] 0
25139 OSIM_X_c0[1,193,193,1,5,0] 0
25140 OSIM_X_c0[1,193,193,1,6,0] 0
25141 OSIM_X_c0[1,193,193,2,1,0] -1.0000000000000002
25142 OSIM_X_c0[1,193,193,2,2,0] 2.220446049250313e-16
25143 OSIM_X_c0[1,193,193,2,3,0] -4.440892098500626e-16
25144 OSIM_X_c0[1,193,193,2,4,0] 0
25145 OSIM_X_c0[1,193,193,2,5,0] 0
25146 OSIM_X_c0[1,193,193,2,6,0] 0
25147 OSIM_X_c0[1,193,193,3,1,0] 4.440892098500626e-16
25148 OSIM_X_c0[1,193,193,3,2,0] 1.0000000000000002
25149 OSIM_X_c0[1,193,193,3,3,0] 2.220446049250313e-16
25150 OSIM_X_c0[1,193,193,3,4,0] 0
25151 OSIM_X_c0[1,193,193,3,5,0] 0
25152 OSIM_X_c0[1,193,193,3,6,0] 0
25153 OSIM_X_c0[1,193,193,4,1,0] 6.661338147750937e-16
25154 OSIM_X_c0[1,193,193,4,2,0] 2
25155 OSIM_X_c0[1,193,193,4,3,0] 4.4408920985006247e-16
25156 OSIM_X_c0[1,193,193,4,4,0] 2.220446049250313e-16
25157 OSIM_X_c0[1,193,193,4,5,0] 4.440892098500626e-16
25158 OSIM_X_c0[1,193,193,4,6,0] -1.0000000000000002
25159 OSIM_X_c0[1,193,193,5,1,0] -1.1102230246251568e-16
25160 OSIM_X_c0[1,193,193,5,2,0] -0.25
25161 OSIM_X_c0[1,193,193,5,3,0] 1.6653345369377353e-16
25162 OSIM_X_c0[1,193,193,5,4,0] -1.0000000000000002
25163 OSIM_X_c0[1,193,193,5,5,0] 2.220446049250313e-16
25164 OSIM_X_c0[1,193,193,5,6,0] -4.440892098500626e-16
25165 OSIM_X_c0[1,193,193,6,1,0] -0.25000000000000044
25166 OSIM_X_c0[1,193,193,6,2,0] -8.326672684688673e-16
25167 OSIM_X_c0[1,193,193,6,3,0] 2
25168 OSIM_X_c0[1,193,193,6,4,0] 4.440892098500626e-16
25169 OSIM_X_c0[1,193,193,6,5,0] 1.0000000000000002
25170 OSIM_X_c0[1,193,193,6,6,0] 2.220446049250313e-16
25171 OSIM_X_c0[1,194,194,1,1,0] 2.220446049250313e-16
25172 OSIM_X_c0[1,194,194,1,2,0] 4.440892098500626e-16
25173 OSIM_X_c0[1,194,194,1,3,0] -1.0000000000000002
25174 OSIM_X_c0[1,194,194,1,4,0] 0
25175 OSIM_X_c0[1,194,194,1,5,0] 0
25176 OSIM_X_c0[1,194,194,1,6,0] 0
25177 OSIM_X_c0[1,194,194,2,1,0] -1.0000000000000002
25178 OSIM_X_c0[1,194,194,2,2,0] 2.220446049250313e-16
25179 OSIM_X_c0[1,194,194,2,3,0] -4.440892098500626e-16
25180 OSIM_X_c0[1,194,194,2,4,0] 0
25181 OSIM_X_c0[1,194,194,2,5,0] 0
25182 OSIM_X_c0[1,194,194,2,6,0] 0
25183 OSIM_X_c0[1,194,194,3,1,0] 4.440892098500626e-16
25184 OSIM_X_c0[1,194,194,3,2,0] 1.0000000000000002
25185 OSIM_X_c0[1,194,194,3,3,0] 2.220446049250313e-16
25186 OSIM_X_c0[1,194,194,3,4,0] 0
25187 OSIM_X_c0[1,194,194,3,5,0] 0
25188 OSIM_X_c0[1,194,194,3,6,0] 0
25189 OSIM_X_c0[1,194,194,4,1,0] 6.661338147750937e-16
25190 OSIM_X_c0[1,194,194,4,2,0] 2
25191 OSIM_X_c0[1,194,194,4,3,0] 4.4408920985006247e-16
25192 OSIM_X_c0[1,194,194,4,4,0] 2.220446049250313e-16
25193 OSIM_X_c0[1,194,194,4,5,0] 4.440892098500626e-16
25194 OSIM_X_c0[1,194,194,4,6,0] -1.0000000000000002
25195 OSIM_X_c0[1,194,194,5,1,0] -1.1102230246251568e-16
25196 OSIM_X_c0[1,194,194,5,2,0] -0.25
25197 OSIM_X_c0[1,194,194,5,3,0] 1.6653345369377353e-16
25198 OSIM_X_c0[1,194,194,5,4,0] -1.0000000000000002
25199 OSIM_X_c0[1,194,194,5,5,0] 2.220446049250313e-16
25200 OSIM_X_c0[1,194,194,5,6,0] -4.440892098500626e-16
25201 OSIM_X_c0[1,194,194,6,1,0] -0.25000000000000044
25202 OSIM_X_c0[1,194,194,6,2,0] -8.326672684688673e-16
25203 OSIM_X_c0[1,194,194,6,3,0] 2
25204 OSIM_X_c0[1,194,194,6,4,0] 4.440892098500626e-16
25205 OSIM_X_c0[1,194,194,6,5,0] 1.0000000000000002
25206 OSIM_X_c0[1,194,194,6,6,0] 2.220446049250313e-16
25207 OSIM_X_c0[1,195,195,1,1,0] 2.220446049250313e-16
25208 OSIM_X_c0[1,195,195,1,2,0] 4.440892098500626e-16
25209 OSIM_X_c0[1,195,195,1,3,0] -1.0000000000000002
25210 OSIM_X_c0[1,195,195,1,4,0] 0
25211 OSIM_X_c0[1,195,195,1,5,0] 0
25212 OSIM_X_c0[1,195,195,1,6,0] 0
25213 OSIM_X_c0[1,195,195,2,1,0] -1.0000000000000002
25214 OSIM_X_c0[1,195,195,2,2,0] 2.220446049250313e-16
25215 OSIM_X_c0[1,195,195,2,3,0] -4.440892098500626e-16
25216 OSIM_X_c0[1,195,195,2,4,0] 0
25217 OSIM_X_c0[1,195,195,2,5,0] 0
25218 OSIM_X_c0[1,195,195,2,6,0] 0
25219 OSIM_X_c0[1,195,195,3,1,0] 4.440892098500626e-16
25220 OSIM_X_c0[1,195,195,3,2,0] 1.0000000000000002
25221 OSIM_X_c0[1,195,195,3,3,0] 2.220446049250313e-16
25222 OSIM_X_c0[1,195,195,3,4,0] 0
25223 OSIM_X_c0[1,195,195,3,5,0] 0
25224 OSIM_X_c0[1,195,195,3,6,0] 0
25225 OSIM_X_c0[1,195,195,4,1,0] 6.661338147750937e-16
25226 OSIM_X_c0[1,195,195,4,2,0] 2
25227 OSIM_X_c0[1,195,195,4,3,0] 4.4408920985006247e-16
25228 OSIM_X_c0[1,195,195,4,4,0] 2.220446049250313e-16
25229 OSIM_X_c0[1,195,195,4,5,0] 4.440892098500626e-16
25230 OSIM_X_c0[1,195,195,4,6,0] -1.0000000000000002
25231 OSIM_X_c0[1,195,195,5,1,0] -1.1102230246251568e-16
25232 OSIM_X_c0[1,195,195,5,2,0] -0.25
25233 OSIM_X_c0[1,195,195,5,3,0] 1.6653345369377353e-16
25234 OSIM_X_c0[1,195,195,5,4,0] -1.0000000000000002
25235 OSIM_X_c0[1,195,195,5,5,0] 2.220446049250313e-16
25236 OSIM_X_c0[1,195,195,5,6,0] -4.440892098500626e-16
25237 OSIM_X_c0[1,195,195,6,1,0] -0.25000000000000044
25238 OSIM_X_c0[1,195,195,6,2,0] -8.326672684688673e-16
25239 OSIM_X_c0[1,195,195,6,3,0] 2
25240 OSIM_X_c0[1,195,195,6,4,0] 4.440892098500626e-16
25241 OSIM_X_c0[1,195,195,6,5,0] 1.0000000000000002
25242 OSIM_X_c0[1,195,195,6,6,0] 2.220446049250313e-16
25243 OSIM_X_c0[1,196,196,1,1,0] 2.220446049250313e-16
25244 OSIM_X_c0[1,196,196,1,2,0] 4.440892098500626e-16
25245 OSIM_X_c0[1,196,196,1,3,0] -1.0000000000000002
25246 OSIM_X_c0[1,196,196,1,4,0] 0
25247 OSIM_X_c0[1,196,196,1,5,0] 0
25248 OSIM_X_c0[1,196,196,1,6,0] 0
25249 OSIM_X_c0[1,196,196,2,1,0] -1.0000000000000002
25250 OSIM_X_c0[1,196,196,2,2,0] 2.220446049250313e-16
25251 OSIM_X_c0[1,196,196,2,3,0] -4.440892098500626e-16
25252 OSIM_X_c0[1,196,196,2,4,0] 0
25253 OSIM_X_c0[1,196,196,2,5,0] 0
25254 OSIM_X_c0[1,196,196,2,6,0] 0
25255 OSIM_X_c0[1,196,196,3,1,0] 4.440892098500626e-16
25256 OSIM_X_c0[1,196,196,3,2,0] 1.0000000000000002
25257 OSIM_X_c0[1,196,196,3,3,0] 2.220446049250313e-16
25258 OSIM_X_c0[1,196,196,3,4,0] 0
25259 OSIM_X_c0[1,196,196,3,5,0] 0
25260 OSIM_X_c0[1,196,196,3,6,0] 0
25261 OSIM_X_c0[1,196,196,4,1,0] 6.661338147750937e-16
25262 OSIM_X_c0[1,196,196,4,2,0] 2
25263 OSIM_X_c0[1,196,196,4,3,0] 4.4408920985006247e-16
25264 OSIM_X_c0[1,196,196,4,4,0] 2.220446049250313e-16
25265 OSIM_X_c0[1,196,196,4,5,0] 4.440892098500626e-16
25266 OSIM_X_c0[1,196,196,4,6,0] -1.0000000000000002
25267 OSIM_X_c0[1,196,196,5,1,0] -1.1102230246251568e-16
25268 OSIM_X_c0[1,196,196,5,2,0] -0.25
25269 OSIM_X_c0[1,196,196,5,3,0] 1.6653345369377353e-16
25270 OSIM_X_c0[1,196,196,5,4,0] -1.0000000000000002
25271 OSIM_X_c0[1,196,196,5,5,0] 2.220446049250313e-16
25272 OSIM_X_c0[1,196,196,5,6,0] -4.440892098500626e-16
25273 OSIM_X_c0[1,196,196,6,1,0] -0.25000000000000044
25274 OSIM_X_c0[1,196,196,6,2,0] -8.326672684688673e-16
25275 OSIM_X_c0[1,196,196,6,3,0] 2
25276 OSIM_X_c0[1,196,196,6,4,0] 4.440892098500626e-16
25277 OSIM_X_c0[1,196,196,6,5,0] 1.0000000000000002
25278 OSIM_X_c0[1,196,196,6,6,0] 2.220446049250313e-16
25279 OSIM_X_c0[1,197,197,1,1,0] 2.220446049250313e-16
25280 OSIM_X_c0[1,197,197,1,2,0] 4.440892098500626e-16
25281 OSIM_X_c0[1,197,197,1,3,0] -1.0000000000000002
25282 OSIM_X_c0[1,197,197,1,4,0] 0
25283 OSIM_X_c0[1,197,197,1,5,0] 0
25284 OSIM_X_c0[1,197,197,1,6,0] 0
25285 OSIM_X_c0[1,197,197,2,1,0] -1.0000000000000002
25286 OSIM_X_c0[1,197,197,2,2,0] 2.220446049250313e-16
25287 OSIM_X_c0[1,197,197,2,3,0] -4.440892098500626e-16
25288 OSIM_X_c0[1,197,197,2,4,0] 0
25289 OSIM_X_c0[1,197,197,2,5,0] 0
25290 OSIM_X_c0[1,197,197,2,6,0] 0
25291 OSIM_X_c0[1,197,197,3,1,0] 4.440892098500626e-16
25292 OSIM_X_c0[1,197,197,3,2,0] 1.0000000000000002
25293 OSIM_X_c0[1,197,197,3,3,0] 2.220446049250313e-16
25294 OSIM_X_c0[1,197,197,3,4,0] 0
25295 OSIM_X_c0[1,197,197,3,5,0] 0
25296 OSIM_X_c0[1,197,197,3,6,0] 0
25297 OSIM_X_c0[1,197,197,4,1,0] 6.661338147750937e-16
25298 OSIM_X_c0[1,197,197,4,2,0] 2
25299 OSIM_X_c0[1,197,197,4,3,0] 4.4408920985006247e-16
25300 OSIM_X_c0[1,197,197,4,4,0] 2.220446049250313e-16
25301 OSIM_X_c0[1,197,197,4,5,0] 4.440892098500626e-16
25302 OSIM_X_c0[1,197,197,4,6,0] -1.0000000000000002
25303 OSIM_X_c0[1,197,197,5,1,0] -1.1102230246251568e-16
25304 OSIM_X_c0[1,197,197,5,2,0] -0.25
25305 OSIM_X_c0[1,197,197,5,3,0] 1.6653345369377353e-16
25306 OSIM_X_c0[1,197,197,5,4,0] -1.0000000000000002
25307 OSIM_X_c0[1,197,197,5,5,0] 2.220446049250313e-16
25308 OSIM_X_c0[1,197,197,5,6,0] -4.440892098500626e-16
25309 OSIM_X_c0[1,197,197,6,1,0] -0.25000000000000044
25310 OSIM_X_c0[1,197,197,6,2,0] -8.326672684688673e-16
25311 OSIM_X_c0[1,197,197,6,3,0] 2
25312 OSIM_X_c0[1,197,197,6,4,0] 4.440892098500626e-16
25313 OSIM_X_c0[1,197,197,6,5,0] 1.0000000000000002
25314 OSIM_X_c0[1,197,197,6,6,0] 2.220446049250313e-16
25315 OSIM_X_c0[1,198,198,1,1,0] 2.220446049250313e-16
25316 OSIM_X_c0[1,198,198,1,2,0] 4.440892098500626e-16
25317 OSIM_X_c0[1,198,198,1,3,0] -1.0000000000000002
25318 OSIM_X_c0[1,198,198,1,4,0] 0
25319 OSIM_X_c0[1,198,198,1,5,0] 0
25320 OSIM_X_c0[1,198,198,1,6,0] 0
25321 OSIM_X_c0[1,198,198,2,1,0] -1.0000000000000002
25322 OSIM_X_c0[1,198,198,2,2,0] 2.220446049250313e-16
25323 OSIM_X_c0[1,198,198,2,3,0] -4.440892098500626e-16
25324 OSIM_X_c0[1,198,198,2,4,0] 0
25325 OSIM_X_c0[1,198,198,2,5,0] 0
25326 OSIM_X_c0[1,198,198,2,6,0] 0
25327 OSIM_X_c0[1,198,198,3,1,0] 4.440892098500626e-16
25328 OSIM_X_c0[1,198,198,3,2,0] 1.0000000000000002
25329 OSIM_X_c0[1,198,198,3,3,0] 2.220446049250313e-16
25330 OSIM_X_c0[1,198,198,3,4,0] 0
25331 OSIM_X_c0[1,198,198,3,5,0] 0
25332 OSIM_X_c0[1,198,198,3,6,0] 0
25333 OSIM_X_c0[1,198,198,4,1,0] 6.661338147750937e-16
25334 OSIM_X_c0[1,198,198,4,2,0] 2
25335 OSIM_X_c0[1,198,198,4,3,0] 4.4408920985006247e-16
25336 OSIM_X_c0[1,198,198,4,4,0] 2.220446049250313e-16
25337 OSIM_X_c0[1,198,198,4,5,0] 4.440892098500626e-16
25338 OSIM_X_c0[1,198,198,4,6,0] -1.0000000000000002
25339 OSIM_X_c0[1,198,198,5,1,0] -1.1102230246251568e-16
25340 OSIM_X_c0[1,198,198,5,2,0] -0.25
25341 OSIM_X_c0[1,198,198,5,3,0] 1.6653345369377353e-16
25342 OSIM_X_c0[1,198,198,5,4,0] -1.0000000000000002
25343 OSIM_X_c0[1,198,198,5,5,0] 2.220446049250313e-16
25344 OSIM_X_c0[1,198,198,5,6,0] -4.440892098500626e-16
25345 OSIM_X_c0[1,198,198,6,1,0] -0.25000000000000044
25346 OSIM_X_c0[1,198,198,6,2,0] -8.326672684688673e-16
25347 OSIM_X_c0[1,198,198,6,3,0] 2
25348 OSIM_X_c0[1,198,198,6,4,0] 4.440892098500626e-16
25349 OSIM_X_c0[1,198,198,6,5,0] 1.0000000000000002
25350 OSIM_X_c0[1,198,198,6,6,0] 2.220446049250313e-16
25351 OSIM_X_c0[1,199,199,1,1,0] 2.220446049250313e-16
25352 OSIM_X_c0[1,199,199,1,2,0] 4.440892098500626e-16
25353 OSIM_X_c0[1,199,199,1,3,0] -1.0000000000000002
25354 OSIM_X_c0[1,199,199,1,4,0] 0
25355 OSIM_X_c0[1,199,199,1,5,0] 0
25356 OSIM_X_c0[1,199,199,1,6,0] 0
25357 OSIM_X_c0[1,199,199,2,1,0] -1.0000000000000002
25358 OSIM_X_c0[1,199,199,2,2,0] 2.220446049250313e-16
25359 OSIM_X_c0[1,199,199,2,3,0] -4.440892098500626e-16
25360 OSIM_X_c0[1,199,199,2,4,0] 0
25361 OSIM_X_c0[1,199,199,2,5,0] 0
25362 OSIM_X_c0[1,199,199,2,6,0] 0
25363 OSIM_X_c0[1,199,199,3,1,0] 4.440892098500626e-16
25364 OSIM_X_c0[1,199,199,3,2,0] 1.0000000000000002
25365 OSIM_X_c0[1,199,199,3,3,0] 2.220446049250313e-16
25366 OSIM_X_c0[1,199,199,3,4,0] 0
25367 OSIM_X_c0[1,199,199,3,5,0] 0
25368 OSIM_X_c0[1,199,199,3,6,0] 0
25369 OSIM_X_c0[1,199,199,4,1,0] 6.661338147750939e-16
25370 OSIM_X_c0[1,199,199,4,2,0] 2.0000000000000004
25371 OSIM_X_c0[1,199,199,4,3,0] 4.440892098500625e-16
25372 OSIM_X_c0[1,199,199,4,4,0] 2.220446049250313e-16
25373 OSIM_X_c0[1,199,199,4,5,0] 4.440892098500626e-16
25374 OSIM_X_c0[1,199,199,4,6,0] -1.0000000000000002
25375 OSIM_X_c0[1,199,199,5,1,0] -2.220446049250313e-16
25376 OSIM_X_c0[1,199,199,5,2,0] -0.5
25377 OSIM_X_c0[1,199,199,5,3,0] 1.1102230246251573e-16
25378 OSIM_X_c0[1,199,199,5,4,0] -1.0000000000000002
25379 OSIM_X_c0[1,199,199,5,5,0] 2.220446049250313e-16
25380 OSIM_X_c0[1,199,199,5,6,0] -4.440892098500626e-16
25381 OSIM_X_c0[1,199,199,6,1,0] -0.5000000000000004
25382 OSIM_X_c0[1,199,199,6,2,0] -7.771561172376096e-16
25383 OSIM_X_c0[1,199,199,6,3,0] 2.0000000000000004
25384 OSIM_X_c0[1,199,199,6,4,0] 4.440892098500626e-16
25385 OSIM_X_c0[1,199,199,6,5,0] 1.0000000000000002
25386 OSIM_X_c0[1,199,199,6,6,0] 2.220446049250313e-16
25387 OSIM_X_c0[1,200,200,1,1,0] 2.220446049250313e-16
25388 OSIM_X_c0[1,200,200,1,2,0] 4.440892098500626e-16
25389 OSIM_X_c0[1,200,200,1,3,0] -1.0000000000000002
25390 OSIM_X_c0[1,200,200,1,4,0] 0
25391 OSIM_X_c0[1,200,200,1,5,0] 0
25392 OSIM_X_c0[1,200,200,1,6,0] 0
25393 OSIM_X_c0[1,200,200,2,1,0] -1.0000000000000002
25394 OSIM_X_c0[1,200,200,2,2,0] 2.220446049250313e-16
25395 OSIM_X_c0[1,200,200,2,3,0] -4.440892098500626e-16
25396 OSIM_X_c0[1,200,200,2,4,0] 0
25397 OSIM_X_c0[1,200,200,2,5,0] 0
25398 OSIM_X_c0[1,200,200,2,6,0] 0
25399 OSIM_X_c0[1,200,200,3,1,0] 4.440892098500626e-16
25400 OSIM_X_c0[1,200,200,3,2,0] 1.0000000000000002
25401 OSIM_X_c0[1,200,200,3,3,0] 2.220446049250313e-16
25402 OSIM_X_c0[1,200,200,3,4,0] 0
25403 OSIM_X_c0[1,200,200,3,5,0] 0
25404 OSIM_X_c0[1,200,200,3,6,0] 0
25405 OSIM_X_c0[1,200,200,4,1,0] 6.661338147750939e-16
25406 OSIM_X_c0[1,200,200,4,2,0] 2.0000000000000004
25407 OSIM_X_c0[1,200,200,4,3,0] 4.440892098500625e-16
25408 OSIM_X_c0[1,200,200,4,4,0] 2.220446049250313e-16
25409 OSIM_X_c0[1,200,200,4,5,0] 4.440892098500626e-16
25410 OSIM_X_c0[1,200,200,4,6,0] -1.0000000000000002
25411 OSIM_X_c0[1,200,200,5,1,0] -2.220446049250313e-16
25412 OSIM_X_c0[1,200,200,5,2,0] -0.5
25413 OSIM_X_c0[1,200,200,5,3,0] 1.1102230246251573e-16
25414 OSIM_X_c0[1,200,200,5,4,0] -1.0000000000000002
25415 OSIM_X_c0[1,200,200,5,5,0] 2.220446049250313e-16
25416 OSIM_X_c0[1,200,200,5,6,0] -4.440892098500626e-16
25417 OSIM_X_c0[1,200,200,6,1,0] -0.5000000000000004
25418 OSIM_X_c0[1,200,200,6,2,0] -7.771561172376096e-16
25419 OSIM_X_c0[1,200,200,6,3,0] 2.0000000000000004
25420 OSIM_X_c0[1,200,200,6,4,0] 4.440892098500626e-16
25421 OSIM_X_c0[1,200,200,6,5,0] 1.0000000000000002
25422 OSIM_X_c0[1,200,200,6,6,0] 2.220446049250313e-16
25423 OSIM_X_c0[1,201,201,1,1,0] 2.220446049250313e-16
25424 OSIM_X_c0[1,201,201,1,2,0] 4.440892098500626e-16
25425 OSIM_X_c0[1,201,201,1,3,0] -1.0000000000000002
25426 OSIM_X_c0[1,201,201,1,4,0] 0
25427 OSIM_X_c0[1,201,201,1,5,0] 0
25428 OSIM_X_c0[1,201,201,1,6,0] 0
25429 OSIM_X_c0[1,201,201,2,1,0] -1.0000000000000002
25430 OSIM_X_c0[1,201,201,2,2,0] 2.220446049250313e-16
25431 OSIM_X_c0[1,201,201,2,3,0] -4.440892098500626e-16
25432 OSIM_X_c0[1,201,201,2,4,0] 0
25433 OSIM_X_c0[1,201,201,2,5,0] 0
25434 OSIM_X_c0[1,201,201,2,6,0] 0
25435 OSIM_X_c0[1,201,201,3,1,0] 4.440892098500626e-16
25436 OSIM_X_c0[1,201,201,3,2,0] 1.0000000000000002
25437 OSIM_X_c0[1,201,201,3,3,0] 2.220446049250313e-16
25438 OSIM_X_c0[1,201,201,3,4,0] 0
25439 OSIM_X_c0[1,201,201,3,5,0] 0
25440 OSIM_X_c0[1,201,201,3,6,0] 0
25441 OSIM_X_c0[1,201,201,4,1,0] 6.661338147750939e-16
25442 OSIM_X_c0[1,201,201,4,2,0] 2.0000000000000004
25443 OSIM_X_c0[1,201,201,4,3,0] 4.440892098500625e-16
25444 OSIM_X_c0[1,201,201,4,4,0] 2.220446049250313e-16
25445 OSIM_X_c0[1,201,201,4,5,0] 4.440892098500626e-16
25446 OSIM_X_c0[1,201,201,4,6,0] -1.0000000000000002
25447 OSIM_X_c0[1,201,201,5,1,0] -2.220446049250313e-16
25448 OSIM_X_c0[1,201,201,5,2,0] -0.5
25449 OSIM_X_c0[1,201,201,5,3,0] 1.1102230246251573e-16
25450 OSIM_X_c0[1,201,201,5,4,0] -1.0000000000000002
25451 OSIM_X_c0[1,201,201,5,5,0] 2.220446049250313e-16
25452 OSIM_X_c0[1,201,201,5,6,0] -4.440892098500626e-16
25453 OSIM_X_c0[1,201,201,6,1,0] -0.5000000000000004
25454 OSIM_X_c0[1,201,201,6,2,0] -7.771561172376096e-16
25455 OSIM_X_c0[1,201,201,6,3,0] 2.0000000000000004
25456 OSIM_X_c0[1,201,201,6,4,0] 4.440892098500626e-16
25457 OSIM_X_c0[1,201,201,6,5,0] 1.0000000000000002
25458 OSIM_X_c0[1,201,201,6,6,0] 2.220446049250313e-16
25459 OSIM_X_c0[1,202,202,1,1,0] 2.220446049250313e-16
25460 OSIM_X_c0[1,202,202,1,2,0] 4.440892098500626e-16
25461 OSIM_X_c0[1,202,202,1,3,0] -1.0000000000000002
25462 OSIM_X_c0[1,202,202,1,4,0] 0
25463 OSIM_X_c0[1,202,202,1,5,0] 0
25464 OSIM_X_c0[1,202,202,1,6,0] 0
25465 OSIM_X_c0[1,202,202,2,1,0] -1.0000000000000002
25466 OSIM_X_c0[1,202,202,2,2,0] 2.220446049250313e-16
25467 OSIM_X_c0[1,202,202,2,3,0] -4.440892098500626e-16
25468 OSIM_X_c0[1,202,202,2,4,0] 0
25469 OSIM_X_c0[1,202,202,2,5,0] 0
25470 OSIM_X_c0[1,202,202,2,6,0] 0
25471 OSIM_X_c0[1,202,202,3,1,0] 4.440892098500626e-16
25472 OSIM_X_c0[1,202,202,3,2,0] 1.0000000000000002
25473 OSIM_X_c0[1,202,202,3,3,0] 2.220446049250313e-16
25474 OSIM_X_c0[1,202,202,3,4,0] 0
25475 OSIM_X_c0[1,202,202,3,5,0] 0
25476 OSIM_X_c0[1,202,202,3,6,0] 0
25477 OSIM_X_c0[1,202,202,4,1,0] 6.661338147750939e-16
25478 OSIM_X_c0[1,202,202,4,2,0] 2.0000000000000004
25479 OSIM_X_c0[1,202,202,4,3,0] 4.440892098500625e-16
25480 OSIM_X_c0[1,202,202,4,4,0] 2.220446049250313e-16
25481 OSIM_X_c0[1,202,202,4,5,0] 4.440892098500626e-16
25482 OSIM_X_c0[1,202,202,4,6,0] -1.0000000000000002
25483 OSIM_X_c0[1,202,202,5,1,0] -2.220446049250313e-16
25484 OSIM_X_c0[1,202,202,5,2,0] -0.5
25485 OSIM_X_c0[1,202,202,5,3,0] 1.1102230246251573e-16
25486 OSIM_X_c0[1,202,202,5,4,0] -1.0000000000000002
25487 OSIM_X_c0[1,202,202,5,5,0] 2.220446049250313e-16
25488 OSIM_X_c0[1,202,202,5,6,0] -4.440892098500626e-16
25489 OSIM_X_c0[1,202,202,6,1,0] -0.5000000000000004
25490 OSIM_X_c0[1,202,202,6,2,0] -7.771561172376096e-16
25491 OSIM_X_c0[1,202,202,6,3,0] 2.0000000000000004
25492 OSIM_X_c0[1,202,202,6,4,0] 4.440892098500626e-16
25493 OSIM_X_c0[1,202,202,6,5,0] 1.0000000000000002
25494 OSIM_X_c0[1,202,202,6,6,0] 2.220446049250313e-16
25495 OSIM_X_c0[1,203,203,1,1,0] 2.220446049250313e-16
25496 OSIM_X_c0[1,203,203,1,2,0] 4.440892098500626e-16
25497 OSIM_X_c0[1,203,203,1,3,0] -1.0000000000000002
25498 OSIM_X_c0[1,203,203,1,4,0] 0
25499 OSIM_X_c0[1,203,203,1,5,0] 0
25500 OSIM_X_c0[1,203,203,1,6,0] 0
25501 OSIM_X_c0[1,203,203,2,1,0] -1.0000000000000002
25502 OSIM_X_c0[1,203,203,2,2,0] 2.220446049250313e-16
25503 OSIM_X_c0[1,203,203,2,3,0] -4.440892098500626e-16
25504 OSIM_X_c0[1,203,203,2,4,0] 0
25505 OSIM_X_c0[1,203,203,2,5,0] 0
25506 OSIM_X_c0[1,203,203,2,6,0] 0
25507 OSIM_X_c0[1,203,203,3,1,0] 4.440892098500626e-16
25508 OSIM_X_c0[1,203,203,3,2,0] 1.0000000000000002
25509 OSIM_X_c0[1,203,203,3,3,0] 2.220446049250313e-16
25510 OSIM_X_c0[1,203,203,3,4,0] 0
25511 OSIM_X_c0[1,203,203,3,5,0] 0
25512 OSIM_X_c0[1,203,203,3,6,0] 0
25513 OSIM_X_c0[1,203,203,4,1,0] 6.661338147750939e-16
25514 OSIM_X_c0[1,203,203,4,2,0] 2.0000000000000004
25515 OSIM_X_c0[1,203,203,4,3,0] 4.440892098500625e-16
25516 OSIM_X_c0[1,203,203,4,4,0] 2.220446049250313e-16
25517 OSIM_X_c0[1,203,203,4,5,0] 4.440892098500626e-16
25518 OSIM_X_c0[1,203,203,4,6,0] -1.0000000000000002
25519 OSIM_X_c0[1,203,203,5,1,0] -2.220446049250313e-16
25520 OSIM_X_c0[1,203,203,5,2,0] -0.5
25521 OSIM_X_c0[1,203,203,5,3,0] 1.1102230246251573e-16
25522 OSIM_X_c0[1,203,203,5,4,0] -1.0000000000000002
25523 OSIM_X_c0[1,203,203,5,5,0] 2.220446049250313e-16
25524 OSIM_X_c0[1,203,203,5,6,0] -4.440892098500626e-16
25525 OSIM_X_c0[1,203,203,6,1,0] -0.5000000000000004
25526 OSIM_X_c0[1,203,203,6,2,0] -7.771561172376096e-16
25527 OSIM_X_c0[1,203,203,6,3,0] 2.0000000000000004
25528 OSIM_X_c0[1,203,203,6,4,0] 4.440892098500626e-16
25529 OSIM_X_c0[1,203,203,6,5,0] 1.0000000000000002
25530 OSIM_X_c0[1,203,203,6,6,0] 2.220446049250313e-16
25531 OSIM_X_c0[1,204,204,1,1,0] 2.220446049250313e-16
25532 OSIM_X_c0[1,204,204,1,2,0] 4.440892098500626e-16
25533 OSIM_X_c0[1,204,204,1,3,0] -1.0000000000000002
25534 OSIM_X_c0[1,204,204,1,4,0] 0
25535 OSIM_X_c0[1,204,204,1,5,0] 0
25536 OSIM_X_c0[1,204,204,1,6,0] 0
25537 OSIM_X_c0[1,204,204,2,1,0] -1.0000000000000002
25538 OSIM_X_c0[1,204,204,2,2,0] 2.220446049250313e-16
25539 OSIM_X_c0[1,204,204,2,3,0] -4.440892098500626e-16
25540 OSIM_X_c0[1,204,204,2,4,0] 0
25541 OSIM_X_c0[1,204,204,2,5,0] 0
25542 OSIM_X_c0[1,204,204,2,6,0] 0
25543 OSIM_X_c0[1,204,204,3,1,0] 4.440892098500626e-16
25544 OSIM_X_c0[1,204,204,3,2,0] 1.0000000000000002
25545 OSIM_X_c0[1,204,204,3,3,0] 2.220446049250313e-16
25546 OSIM_X_c0[1,204,204,3,4,0] 0
25547 OSIM_X_c0[1,204,204,3,5,0] 0
25548 OSIM_X_c0[1,204,204,3,6,0] 0
25549 OSIM_X_c0[1,204,204,4,1,0] 6.661338147750939e-16
25550 OSIM_X_c0[1,204,204,4,2,0] 2.0000000000000004
25551 OSIM_X_c0[1,204,204,4,3,0] 4.440892098500625e-16
25552 OSIM_X_c0[1,204,204,4,4,0] 2.220446049250313e-16
25553 OSIM_X_c0[1,204,204,4,5,0] 4.440892098500626e-16
25554 OSIM_X_c0[1,204,204,4,6,0] -1.0000000000000002
25555 OSIM_X_c0[1,204,204,5,1,0] -2.220446049250313e-16
25556 OSIM_X_c0[1,204,204,5,2,0] -0.5
25557 OSIM_X_c0[1,204,204,5,3,0] 1.1102230246251573e-16
25558 OSIM_X_c0[1,204,204,5,4,0] -1.0000000000000002
25559 OSIM_X_c0[1,204,204,5,5,0] 2.220446049250313e-16
25560 OSIM_X_c0[1,204,204,5,6,0] -4.440892098500626e-16
25561 OSIM_X_c0[1,204,204,6,1,0] -0.5000000000000004
25562 OSIM_X_c0[1,204,204,6,2,0] -7.771561172376096e-16
25563 OSIM_X_c0[1,204,204,6,3,0] 2.0000000000000004
25564 OSIM_X_c0[1,204,204,6,4,0] 4.440892098500626e-16
25565 OSIM_X_c0[1,204,204,6,5,0] 1.0000000000000002
25566 OSIM_X_c0[1,204,204,6,6,0] 2.220446049250313e-16
25567 OSIM_X_c0[1,205,205,1,1,0] 2.220446049250313e-16
25568 OSIM_X_c0[1,205,205,1,2,0] 4.440892098500626e-16
25569 OSIM_X_c0[1,205,205,1,3,0] -1.0000000000000002
25570 OSIM_X_c0[1,205,205,1,4,0] 0
25571 OSIM_X_c0[1,205,205,1,5,0] 0
25572 OSIM_X_c0[1,205,205,1,6,0] 0
25573 OSIM_X_c0[1,205,205,2,1,0] -1.0000000000000002
25574 OSIM_X_c0[1,205,205,2,2,0] 2.220446049250313e-16
25575 OSIM_X_c0[1,205,205,2,3,0] -4.440892098500626e-16
25576 OSIM_X_c0[1,205,205,2,4,0] 0
25577 OSIM_X_c0[1,205,205,2,5,0] 0
25578 OSIM_X_c0[1,205,205,2,6,0] 0
25579 OSIM_X_c0[1,205,205,3,1,0] 4.440892098500626e-16
25580 OSIM_X_c0[1,205,205,3,2,0] 1.0000000000000002
25581 OSIM_X_c0[1,205,205,3,3,0] 2.220446049250313e-16
25582 OSIM_X_c0[1,205,205,3,4,0] 0
25583 OSIM_X_c0[1,205,205,3,5,0] 0
25584 OSIM_X_c0[1,205,205,3,6,0] 0
25585 OSIM_X_c0[1,205,205,4,1,0] 8.881784197001254e-16
25586 OSIM_X_c0[1,205,205,4,2,0] 2.000000000000001
25587 OSIM_X_c0[1,205,205,4,3,0] 4.440892098500627e-16
25588 OSIM_X_c0[1,205,205,4,4,0] 2.220446049250313e-16
25589 OSIM_X_c0[1,205,205,4,5,0] 4.440892098500626e-16
25590 OSIM_X_c0[1,205,205,4,6,0] -1.0000000000000002
25591 OSIM_X_c0[1,205,205,5,1,0] -3.3306690738754706e-16
25592 OSIM_X_c0[1,205,205,5,2,0] -0.7500000000000004
25593 OSIM_X_c0[1,205,205,5,3,0] -1.6653345369377353e-16
25594 OSIM_X_c0[1,205,205,5,4,0] -1.0000000000000002
25595 OSIM_X_c0[1,205,205,5,5,0] 2.220446049250313e-16
25596 OSIM_X_c0[1,205,205,5,6,0] -4.440892098500626e-16
25597 OSIM_X_c0[1,205,205,6,1,0] -0.7500000000000009
25598 OSIM_X_c0[1,205,205,6,2,0] -7.216449660063519e-16
25599 OSIM_X_c0[1,205,205,6,3,0] 2.0000000000000004
25600 OSIM_X_c0[1,205,205,6,4,0] 4.440892098500626e-16
25601 OSIM_X_c0[1,205,205,6,5,0] 1.0000000000000002
25602 OSIM_X_c0[1,205,205,6,6,0] 2.220446049250313e-16
25603 OSIM_X_c0[1,206,206,1,1,0] 2.220446049250313e-16
25604 OSIM_X_c0[1,206,206,1,2,0] 4.440892098500626e-16
25605 OSIM_X_c0[1,206,206,1,3,0] -1.0000000000000002
25606 OSIM_X_c0[1,206,206,1,4,0] 0
25607 OSIM_X_c0[1,206,206,1,5,0] 0
25608 OSIM_X_c0[1,206,206,1,6,0] 0
25609 OSIM_X_c0[1,206,206,2,1,0] -1.0000000000000002
25610 OSIM_X_c0[1,206,206,2,2,0] 2.220446049250313e-16
25611 OSIM_X_c0[1,206,206,2,3,0] -4.440892098500626e-16
25612 OSIM_X_c0[1,206,206,2,4,0] 0
25613 OSIM_X_c0[1,206,206,2,5,0] 0
25614 OSIM_X_c0[1,206,206,2,6,0] 0
25615 OSIM_X_c0[1,206,206,3,1,0] 4.440892098500626e-16
25616 OSIM_X_c0[1,206,206,3,2,0] 1.0000000000000002
25617 OSIM_X_c0[1,206,206,3,3,0] 2.220446049250313e-16
25618 OSIM_X_c0[1,206,206,3,4,0] 0
25619 OSIM_X_c0[1,206,206,3,5,0] 0
25620 OSIM_X_c0[1,206,206,3,6,0] 0
25621 OSIM_X_c0[1,206,206,4,1,0] 8.881784197001254e-16
25622 OSIM_X_c0[1,206,206,4,2,0] 2.000000000000001
25623 OSIM_X_c0[1,206,206,4,3,0] 4.440892098500627e-16
25624 OSIM_X_c0[1,206,206,4,4,0] 2.220446049250313e-16
25625 OSIM_X_c0[1,206,206,4,5,0] 4.440892098500626e-16
25626 OSIM_X_c0[1,206,206,4,6,0] -1.0000000000000002
25627 OSIM_X_c0[1,206,206,5,1,0] -3.3306690738754706e-16
25628 OSIM_X_c0[1,206,206,5,2,0] -0.7500000000000004
25629 OSIM_X_c0[1,206,206,5,3,0] -1.6653345369377353e-16
25630 OSIM_X_c0[1,206,206,5,4,0] -1.0000000000000002
25631 OSIM_X_c0[1,206,206,5,5,0] 2.220446049250313e-16
25632 OSIM_X_c0[1,206,206,5,6,0] -4.440892098500626e-16
25633 OSIM_X_c0[1,206,206,6,1,0] -0.7500000000000009
25634 OSIM_X_c0[1,206,206,6,2,0] -7.216449660063519e-16
25635 OSIM_X_c0[1,206,206,6,3,0] 2.0000000000000004
25636 OSIM_X_c0[1,206,206,6,4,0] 4.440892098500626e-16
25637 OSIM_X_c0[1,206,206,6,5,0] 1.0000000000000002
25638 OSIM_X_c0[1,206,206,6,6,0] 2.220446049250313e-16
25639 OSIM_X_c0[1,207,207,1,1,0] 2.220446049250313e-16
25640 OSIM_X_c0[1,207,207,1,2,0] 4.440892098500626e-16
25641 OSIM_X_c0[1,207,207,1,3,0] -1.0000000000000002
25642 OSIM_X_c0[1,207,207,1,4,0] 0
25643 OSIM_X_c0[1,207,207,1,5,0] 0
25644 OSIM_X_c0[1,207,207,1,6,0] 0
25645 OSIM_X_c0[1,207,207,2,1,0] -1.0000000000000002
25646 OSIM_X_c0[1,207,207,2,2,0] 2.220446049250313e-16
25647 OSIM_X_c0[1,207,207,2,3,0] -4.440892098500626e-16
25648 OSIM_X_c0[1,207,207,2,4,0] 0
25649 OSIM_X_c0[1,207,207,2,5,0] 0
25650 OSIM_X_c0[1,207,207,2,6,0] 0
25651 OSIM_X_c0[1,207,207,3,1,0] 4.440892098500626e-16
25652 OSIM_X_c0[1,207,207,3,2,0] 1.0000000000000002
25653 OSIM_X_c0[1,207,207,3,3,0] 2.220446049250313e-16
25654 OSIM_X_c0[1,207,207,3,4,0] 0
25655 OSIM_X_c0[1,207,207,3,5,0] 0
25656 OSIM_X_c0[1,207,207,3,6,0] 0
25657 OSIM_X_c0[1,207,207,4,1,0] 8.881784197001254e-16
25658 OSIM_X_c0[1,207,207,4,2,0] 2.000000000000001
25659 OSIM_X_c0[1,207,207,4,3,0] 4.440892098500627e-16
25660 OSIM_X_c0[1,207,207,4,4,0] 2.220446049250313e-16
25661 OSIM_X_c0[1,207,207,4,5,0] 4.440892098500626e-16
25662 OSIM_X_c0[1,207,207,4,6,0] -1.0000000000000002
25663 OSIM_X_c0[1,207,207,5,1,0] -3.3306690738754706e-16
25664 OSIM_X_c0[1,207,207,5,2,0] -0.7500000000000004
25665 OSIM_X_c0[1,207,207,5,3,0] -1.6653345369377353e-16
25666 OSIM_X_c0[1,207,207,5,4,0] -1.0000000000000002
25667 OSIM_X_c0[1,207,207,5,5,0] 2.220446049250313e-16
25668 OSIM_X_c0[1,207,207,5,6,0] -4.440892098500626e-16
25669 OSIM_X_c0[1,207,207,6,1,0] -0.7500000000000009
25670 OSIM_X_c0[1,207,207,6,2,0] -7.216449660063519e-16
25671 OSIM_X_c0[1,207,207,6,3,0] 2.0000000000000004
25672 OSIM_X_c0[1,207,207,6,4,0] 4.440892098500626e-16
25673 OSIM_X_c0[1,207,207,6,5,0] 1.0000000000000002
25674 OSIM_X_c0[1,207,207,6,6,0] 2.220446049250313e-16
25675 OSIM_X_c0[1,208,208,1,1,0] 2.220446049250313e-16
25676 OSIM_X_c0[1,208,208,1,2,0] 4.440892098500626e-16
25677 OSIM_X_c0[1,208,208,1,3,0] -1.0000000000000002
25678 OSIM_X_c0[1,208,208,1,4,0] 0
25679 OSIM_X_c0[1,208,208,1,5,0] 0
25680 OSIM_X_c0[1,208,208,1,6,0] 0
25681 OSIM_X_c0[1,208,208,2,1,0] -1.0000000000000002
25682 OSIM_X_c0[1,208,208,2,2,0] 2.220446049250313e-16
25683 OSIM_X_c0[1,208,208,2,3,0] -4.440892098500626e-16
25684 OSIM_X_c0[1,208,208,2,4,0] 0
25685 OSIM_X_c0[1,208,208,2,5,0] 0
25686 OSIM_X_c0[1,208,208,2,6,0] 0
25687 OSIM_X_c0[1,208,208,3,1,0] 4.440892098500626e-16
25688 OSIM_X_c0[1,208,208,3,2,0] 1.0000000000000002
25689 OSIM_X_c0[1,208,208,3,3,0] 2.220446049250313e-16
25690 OSIM_X_c0[1,208,208,3,4,0] 0
25691 OSIM_X_c0[1,208,208,3,5,0] 0
25692 OSIM_X_c0[1,208,208,3,6,0] 0
25693 OSIM_X_c0[1,208,208,4,1,0] 8.881784197001254e-16
25694 OSIM_X_c0[1,208,208,4,2,0] 2.000000000000001
25695 OSIM_X_c0[1,208,208,4,3,0] 4.440892098500627e-16
25696 OSIM_X_c0[1,208,208,4,4,0] 2.220446049250313e-16
25697 OSIM_X_c0[1,208,208,4,5,0] 4.440892098500626e-16
25698 OSIM_X_c0[1,208,208,4,6,0] -1.0000000000000002
25699 OSIM_X_c0[1,208,208,5,1,0] -3.3306690738754706e-16
25700 OSIM_X_c0[1,208,208,5,2,0] -0.7500000000000004
25701 OSIM_X_c0[1,208,208,5,3,0] -1.6653345369377353e-16
25702 OSIM_X_c0[1,208,208,5,4,0] -1.0000000000000002
25703 OSIM_X_c0[1,208,208,5,5,0] 2.220446049250313e-16
25704 OSIM_X_c0[1,208,208,5,6,0] -4.440892098500626e-16
25705 OSIM_X_c0[1,208,208,6,1,0] -0.7500000000000009
25706 OSIM_X_c0[1,208,208,6,2,0] -7.216449660063519e-16
25707 OSIM_X_c0[1,208,208,6,3,0] 2.0000000000000004
25708 OSIM_X_c0[1,208,208,6,4,0] 4.440892098500626e-16
25709 OSIM_X_c0[1,208,208,6,5,0] 1.0000000000000002
25710 OSIM_X_c0[1,208,208,6,6,0] 2.220446049250313e-16
25711 OSIM_X_c0[1,209,209,1,1,0] 2.220446049250313e-16
25712 OSIM_X_c0[1,209,209,1,2,0] 4.440892098500626e-16
25713 OSIM_X_c0[1,209,209,1,3,0] -1.0000000000000002
25714 OSIM_X_c0[1,209,209,1,4,0] 0
25715 OSIM_X_c0[1,209,209,1,5,0] 0
25716 OSIM_X_c0[1,209,209,1,6,0] 0
25717 OSIM_X_c0[1,209,209,2,1,0] -1.0000000000000002
25718 OSIM_X_c0[1,209,209,2,2,0] 2.220446049250313e-16
25719 OSIM_X_c0[1,209,209,2,3,0] -4.440892098500626e-16
25720 OSIM_X_c0[1,209,209,2,4,0] 0
25721 OSIM_X_c0[1,209,209,2,5,0] 0
25722 OSIM_X_c0[1,209,209,2,6,0] 0
25723 OSIM_X_c0[1,209,209,3,1,0] 4.440892098500626e-16
25724 OSIM_X_c0[1,209,209,3,2,0] 1.0000000000000002
25725 OSIM_X_c0[1,209,209,3,3,0] 2.220446049250313e-16
25726 OSIM_X_c0[1,209,209,3,4,0] 0
25727 OSIM_X_c0[1,209,209,3,5,0] 0
25728 OSIM_X_c0[1,209,209,3,6,0] 0
25729 OSIM_X_c0[1,209,209,4,1,0] 8.881784197001254e-16
25730 OSIM_X_c0[1,209,209,4,2,0] 2.000000000000001
25731 OSIM_X_c0[1,209,209,4,3,0] 4.440892098500627e-16
25732 OSIM_X_c0[1,209,209,4,4,0] 2.220446049250313e-16
25733 OSIM_X_c0[1,209,209,4,5,0] 4.440892098500626e-16
25734 OSIM_X_c0[1,209,209,4,6,0] -1.0000000000000002
25735 OSIM_X_c0[1,209,209,5,1,0] -3.3306690738754706e-16
25736 OSIM_X_c0[1,209,209,5,2,0] -0.7500000000000004
25737 OSIM_X_c0[1,209,209,5,3,0] -1.6653345369377353e-16
25738 OSIM_X_c0[1,209,209,5,4,0] -1.0000000000000002
25739 OSIM_X_c0[1,209,209,5,5,0] 2.220446049250313e-16
25740 OSIM_X_c0[1,209,209,5,6,0] -4.440892098500626e-16
25741 OSIM_X_c0[1,209,209,6,1,0] -0.7500000000000009
25742 OSIM_X_c0[1,209,209,6,2,0] -7.216449660063519e-16
25743 OSIM_X_c0[1,209,209,6,3,0] 2.0000000000000004
25744 OSIM_X_c0[1,209,209,6,4,0] 4.440892098500626e-16
25745 OSIM_X_c0[1,209,209,6,5,0] 1.0000000000000002
25746 OSIM_X_c0[1,209,209,6,6,0] 2.220446049250313e-16
25747 OSIM_X_c0[1,210,210,1,1,0] 2.220446049250313e-16
25748 OSIM_X_c0[1,210,210,1,2,0] 4.440892098500626e-16
25749 OSIM_X_c0[1,210,210,1,3,0] -1.0000000000000002
25750 OSIM_X_c0[1,210,210,1,4,0] 0
25751 OSIM_X_c0[1,210,210,1,5,0] 0
25752 OSIM_X_c0[1,210,210,1,6,0] 0
25753 OSIM_X_c0[1,210,210,2,1,0] -1.0000000000000002
25754 OSIM_X_c0[1,210,210,2,2,0] 2.220446049250313e-16
25755 OSIM_X_c0[1,210,210,2,3,0] -4.440892098500626e-16
25756 OSIM_X_c0[1,210,210,2,4,0] 0
25757 OSIM_X_c0[1,210,210,2,5,0] 0
25758 OSIM_X_c0[1,210,210,2,6,0] 0
25759 OSIM_X_c0[1,210,210,3,1,0] 4.440892098500626e-16
25760 OSIM_X_c0[1,210,210,3,2,0] 1.0000000000000002
25761 OSIM_X_c0[1,210,210,3,3,0] 2.220446049250313e-16
25762 OSIM_X_c0[1,210,210,3,4,0] 0
25763 OSIM_X_c0[1,210,210,3,5,0] 0
25764 OSIM_X_c0[1,210,210,3,6,0] 0
25765 OSIM_X_c0[1,210,210,4,1,0] 8.881784197001254e-16
25766 OSIM_X_c0[1,210,210,4,2,0] 2.000000000000001
25767 OSIM_X_c0[1,210,210,4,3,0] 4.440892098500627e-16
25768 OSIM_X_c0[1,210,210,4,4,0] 2.220446049250313e-16
25769 OSIM_X_c0[1,210,210,4,5,0] 4.440892098500626e-16
25770 OSIM_X_c0[1,210,210,4,6,0] -1.0000000000000002
25771 OSIM_X_c0[1,210,210,5,1,0] -3.3306690738754706e-16
25772 OSIM_X_c0[1,210,210,5,2,0] -0.7500000000000004
25773 OSIM_X_c0[1,210,210,5,3,0] -1.6653345369377353e-16
25774 OSIM_X_c0[1,210,210,5,4,0] -1.0000000000000002
25775 OSIM_X_c0[1,210,210,5,5,0] 2.220446049250313e-16
25776 OSIM_X_c0[1,210,210,5,6,0] -4.440892098500626e-16
25777 OSIM_X_c0[1,210,210,6,1,0] -0.7500000000000009
25778 OSIM_X_c0[1,210,210,6,2,0] -7.216449660063519e-16
25779 OSIM_X_c0[1,210,210,6,3,0] 2.0000000000000004
25780 OSIM_X_c0[1,210,210,6,4,0] 4.440892098500626e-16
25781 OSIM_X_c0[1,210,210,6,5,0] 1.0000000000000002
25782 OSIM_X_c0[1,210,210,6,6,0] 2.220446049250313e-16
25783 OSIM_X_c0[1,211,211,1,1,0] 2.220446049250313e-16
25784 OSIM_X_c0[1,211,211,1,2,0] 4.440892098500626e-16
25785 OSIM_X_c0[1,211,211,1,3,0] -1.0000000000000002
25786 OSIM_X_c0[1,211,211,1,4,0] 0
25787 OSIM_X_c0[1,211,211,1,5,0] 0
25788 OSIM_X_c0[1,211,211,1,6,0] 0
25789 OSIM_X_c0[1,211,211,2,1,0] -1.0000000000000002
25790 OSIM_X_c0[1,211,211,2,2,0] 2.220446049250313e-16
25791 OSIM_X_c0[1,211,211,2,3,0] -4.440892098500626e-16
25792 OSIM_X_c0[1,211,211,2,4,0] 0
25793 OSIM_X_c0[1,211,211,2,5,0] 0
25794 OSIM_X_c0[1,211,211,2,6,0] 0
25795 OSIM_X_c0[1,211,211,3,1,0] 4.440892098500626e-16
25796 OSIM_X_c0[1,211,211,3,2,0] 1.0000000000000002
25797 OSIM_X_c0[1,211,211,3,3,0] 2.220446049250313e-16
25798 OSIM_X_c0[1,211,211,3,4,0] 0
25799 OSIM_X_c0[1,211,211,3,5,0] 0
25800 OSIM_X_c0[1,211,211,3,6,0] 0
25801 OSIM_X_c0[1,211,211,4,1,0] 1.1102230246251567e-15
25802 OSIM_X_c0[1,211,211,4,2,0] 2.000000000000001
25803 OSIM_X_c0[1,211,211,4,3,0] 4.440892098500628e-16
25804 OSIM_X_c0[1,211,211,4,4,0] 2.220446049250313e-16
25805 OSIM_X_c0[1,211,211,4,5,0] 4.440892098500626e-16
25806 OSIM_X_c0[1,211,211,4,6,0] -1.0000000000000002
25807 OSIM_X_c0[1,211,211,5,1,0] -4.440892098500625e-16
25808 OSIM_X_c0[1,211,211,5,2,0] -1
25809 OSIM_X_c0[1,211,211,5,3,0] -4.440892098500626e-16
25810 OSIM_X_c0[1,211,211,5,4,0] -1.0000000000000002
25811 OSIM_X_c0[1,211,211,5,5,0] 2.220446049250313e-16
25812 OSIM_X_c0[1,211,211,5,6,0] -4.440892098500626e-16
25813 OSIM_X_c0[1,211,211,6,1,0] -1.0000000000000004
25814 OSIM_X_c0[1,211,211,6,2,0] -6.661338147750941e-16
25815 OSIM_X_c0[1,211,211,6,3,0] 2.0000000000000004
25816 OSIM_X_c0[1,211,211,6,4,0] 4.440892098500626e-16
25817 OSIM_X_c0[1,211,211,6,5,0] 1.0000000000000002
25818 OSIM_X_c0[1,211,211,6,6,0] 2.220446049250313e-16
25819 OSIM_X_c0[1,212,212,1,1,0] 2.220446049250313e-16
25820 OSIM_X_c0[1,212,212,1,2,0] 4.440892098500626e-16
25821 OSIM_X_c0[1,212,212,1,3,0] -1.0000000000000002
25822 OSIM_X_c0[1,212,212,1,4,0] 0
25823 OSIM_X_c0[1,212,212,1,5,0] 0
25824 OSIM_X_c0[1,212,212,1,6,0] 0
25825 OSIM_X_c0[1,212,212,2,1,0] -1.0000000000000002
25826 OSIM_X_c0[1,212,212,2,2,0] 2.220446049250313e-16
25827 OSIM_X_c0[1,212,212,2,3,0] -4.440892098500626e-16
25828 OSIM_X_c0[1,212,212,2,4,0] 0
25829 OSIM_X_c0[1,212,212,2,5,0] 0
25830 OSIM_X_c0[1,212,212,2,6,0] 0
25831 OSIM_X_c0[1,212,212,3,1,0] 4.440892098500626e-16
25832 OSIM_X_c0[1,212,212,3,2,0] 1.0000000000000002
25833 OSIM_X_c0[1,212,212,3,3,0] 2.220446049250313e-16
25834 OSIM_X_c0[1,212,212,3,4,0] 0
25835 OSIM_X_c0[1,212,212,3,5,0] 0
25836 OSIM_X_c0[1,212,212,3,6,0] 0
25837 OSIM_X_c0[1,212,212,4,1,0] 1.1102230246251567e-15
25838 OSIM_X_c0[1,212,212,4,2,0] 2.000000000000001
25839 OSIM_X_c0[1,212,212,4,3,0] 4.440892098500628e-16
25840 OSIM_X_c0[1,212,212,4,4,0] 2.220446049250313e-16
25841 OSIM_X_c0[1,212,212,4,5,0] 4.440892098500626e-16
25842 OSIM_X_c0[1,212,212,4,6,0] -1.0000000000000002
25843 OSIM_X_c0[1,212,212,5,1,0] -4.440892098500625e-16
25844 OSIM_X_c0[1,212,212,5,2,0] -1
25845 OSIM_X_c0[1,212,212,5,3,0] -4.440892098500626e-16
25846 OSIM_X_c0[1,212,212,5,4,0] -1.0000000000000002
25847 OSIM_X_c0[1,212,212,5,5,0] 2.220446049250313e-16
25848 OSIM_X_c0[1,212,212,5,6,0] -4.440892098500626e-16
25849 OSIM_X_c0[1,212,212,6,1,0] -1.0000000000000004
25850 OSIM_X_c0[1,212,212,6,2,0] -6.661338147750941e-16
25851 OSIM_X_c0[1,212,212,6,3,0] 2.0000000000000004
25852 OSIM_X_c0[1,212,212,6,4,0] 4.440892098500626e-16
25853 OSIM_X_c0[1,212,212,6,5,0] 1.0000000000000002
25854 OSIM_X_c0[1,212,212,6,6,0] 2.220446049250313e-16
25855 OSIM_X_c0[1,213,213,1,1,0] 2.220446049250313e-16
25856 OSIM_X_c0[1,213,213,1,2,0] 4.440892098500626e-16
25857 OSIM_X_c0[1,213,213,1,3,0] -1.0000000000000002
25858 OSIM_X_c0[1,213,213,1,4,0] 0
25859 OSIM_X_c0[1,213,213,1,5,0] 0
25860 OSIM_X_c0[1,213,213,1,6,0] 0
25861 OSIM_X_c0[1,213,213,2,1,0] -1.0000000000000002
25862 OSIM_X_c0[1,213,213,2,2,0] 2.220446049250313e-16
25863 OSIM_X_c0[1,213,213,2,3,0] -4.440892098500626e-16
25864 OSIM_X_c0[1,213,213,2,4,0] 0
25865 OSIM_X_c0[1,213,213,2,5,0] 0
25866 OSIM_X_c0[1,213,213,2,6,0] 0
25867 OSIM_X_c0[1,213,213,3,1,0] 4.440892098500626e-16
25868 OSIM_X_c0[1,213,213,3,2,0] 1.0000000000000002
25869 OSIM_X_c0[1,213,213,3,3,0] 2.220446049250313e-16
25870 OSIM_X_c0[1,213,213,3,4,0] 0
25871 OSIM_X_c0[1,213,213,3,5,0] 0
25872 OSIM_X_c0[1,213,213,3,6,0] 0
25873 OSIM_X_c0[1,213,213,4,1,0] 1.1102230246251567e-15
25874 OSIM_X_c0[1,213,213,4,2,0] 2.000000000000001
25875 OSIM_X_c0[1,213,213,4,3,0] 4.440892098500628e-16
25876 OSIM_X_c0[1,213,213,4,4,0] 2.220446049250313e-16
25877 OSIM_X_c0[1,213,213,4,5,0] 4.440892098500626e-16
25878 OSIM_X_c0[1,213,213,4,6,0] -1.0000000000000002
25879 OSIM_X_c0[1,213,213,5,1,0] -4.440892098500625e-16
25880 OSIM_X_c0[1,213,213,5,2,0] -1
25881 OSIM_X_c0[1,213,213,5,3,0] -4.440892098500626e-16
25882 OSIM_X_c0[1,213,213,5,4,0] -1.0000000000000002
25883 OSIM_X_c0[1,213,213,5,5,0] 2.220446049250313e-16
25884 OSIM_X_c0[1,213,213,5,6,0] -4.440892098500626e-16
25885 OSIM_X_c0[1,213,213,6,1,0] -1.0000000000000004
25886 OSIM_X_c0[1,213,213,6,2,0] -6.661338147750941e-16
25887 OSIM_X_c0[1,213,213,6,3,0] 2.0000000000000004
25888 OSIM_X_c0[1,213,213,6,4,0] 4.440892098500626e-16
25889 OSIM_X_c0[1,213,213,6,5,0] 1.0000000000000002
25890 OSIM_X_c0[1,213,213,6,6,0] 2.220446049250313e-16
25891 OSIM_X_c0[1,214,214,1,1,0] 2.220446049250313e-16
25892 OSIM_X_c0[1,214,214,1,2,0] 4.440892098500626e-16
25893 OSIM_X_c0[1,214,214,1,3,0] -1.0000000000000002
25894 OSIM_X_c0[1,214,214,1,4,0] 0
25895 OSIM_X_c0[1,214,214,1,5,0] 0
25896 OSIM_X_c0[1,214,214,1,6,0] 0
25897 OSIM_X_c0[1,214,214,2,1,0] -1.0000000000000002
25898 OSIM_X_c0[1,214,214,2,2,0] 2.220446049250313e-16
25899 OSIM_X_c0[1,214,214,2,3,0] -4.440892098500626e-16
25900 OSIM_X_c0[1,214,214,2,4,0] 0
25901 OSIM_X_c0[1,214,214,2,5,0] 0
25902 OSIM_X_c0[1,214,214,2,6,0] 0
25903 OSIM_X_c0[1,214,214,3,1,0] 4.440892098500626e-16
25904 OSIM_X_c0[1,214,214,3,2,0] 1.0000000000000002
25905 OSIM_X_c0[1,214,214,3,3,0] 2.220446049250313e-16
25906 OSIM_X_c0[1,214,214,3,4,0] 0
25907 OSIM_X_c0[1,214,214,3,5,0] 0
25908 OSIM_X_c0[1,214,214,3,6,0] 0
25909 OSIM_X_c0[1,214,214,4,1,0] 1.1102230246251567e-15
25910 OSIM_X_c0[1,214,214,4,2,0] 2.000000000000001
25911 OSIM_X_c0[1,214,214,4,3,0] 4.440892098500628e-16
25912 OSIM_X_c0[1,214,214,4,4,0] 2.220446049250313e-16
25913 OSIM_X_c0[1,214,214,4,5,0] 4.440892098500626e-16
25914 OSIM_X_c0[1,214,214,4,6,0] -1.0000000000000002
25915 OSIM_X_c0[1,214,214,5,1,0] -4.440892098500625e-16
25916 OSIM_X_c0[1,214,214,5,2,0] -1
25917 OSIM_X_c0[1,214,214,5,3,0] -4.440892098500626e-16
25918 OSIM_X_c0[1,214,214,5,4,0] -1.0000000000000002
25919 OSIM_X_c0[1,214,214,5,5,0] 2.220446049250313e-16
25920 OSIM_X_c0[1,214,214,5,6,0] -4.440892098500626e-16
25921 OSIM_X_c0[1,214,214,6,1,0] -1.0000000000000004
25922 OSIM_X_c0[1,214,214,6,2,0] -6.661338147750941e-16
25923 OSIM_X_c0[1,214,214,6,3,0] 2.0000000000000004
25924 OSIM_X_c0[1,214,214,6,4,0] 4.440892098500626e-16
25925 OSIM_X_c0[1,214,214,6,5,0] 1.0000000000000002
25926 OSIM_X_c0[1,214,214,6,6,0] 2.220446049250313e-16
25927 OSIM_X_c0[1,215,215,1,1,0] 2.220446049250313e-16
25928 OSIM_X_c0[1,215,215,1,2,0] 4.440892098500626e-16
25929 OSIM_X_c0[1,215,215,1,3,0] -1.0000000000000002
25930 OSIM_X_c0[1,215,215,1,4,0] 0
25931 OSIM_X_c0[1,215,215,1,5,0] 0
25932 OSIM_X_c0[1,215,215,1,6,0] 0
25933 OSIM_X_c0[1,215,215,2,1,0] -1.0000000000000002
25934 OSIM_X_c0[1,215,215,2,2,0] 2.220446049250313e-16
25935 OSIM_X_c0[1,215,215,2,3,0] -4.440892098500626e-16
25936 OSIM_X_c0[1,215,215,2,4,0] 0
25937 OSIM_X_c0[1,215,215,2,5,0] 0
25938 OSIM_X_c0[1,215,215,2,6,0] 0
25939 OSIM_X_c0[1,215,215,3,1,0] 4.440892098500626e-16
25940 OSIM_X_c0[1,215,215,3,2,0] 1.0000000000000002
25941 OSIM_X_c0[1,215,215,3,3,0] 2.220446049250313e-16
25942 OSIM_X_c0[1,215,215,3,4,0] 0
25943 OSIM_X_c0[1,215,215,3,5,0] 0
25944 OSIM_X_c0[1,215,215,3,6,0] 0
25945 OSIM_X_c0[1,215,215,4,1,0] 1.1102230246251567e-15
25946 OSIM_X_c0[1,215,215,4,2,0] 2.000000000000001
25947 OSIM_X_c0[1,215,215,4,3,0] 4.440892098500628e-16
25948 OSIM_X_c0[1,215,215,4,4,0] 2.220446049250313e-16
25949 OSIM_X_c0[1,215,215,4,5,0] 4.440892098500626e-16
25950 OSIM_X_c0[1,215,215,4,6,0] -1.0000000000000002
25951 OSIM_X_c0[1,215,215,5,1,0] -4.440892098500625e-16
25952 OSIM_X_c0[1,215,215,5,2,0] -1
25953 OSIM_X_c0[1,215,215,5,3,0] -4.440892098500626e-16
25954 OSIM_X_c0[1,215,215,5,4,0] -1.0000000000000002
25955 OSIM_X_c0[1,215,215,5,5,0] 2.220446049250313e-16
25956 OSIM_X_c0[1,215,215,5,6,0] -4.440892098500626e-16
25957 OSIM_X_c0[1,215,215,6,1,0] -1.0000000000000004
25958 OSIM_X_c0[1,215,215,6,2,0] -6.661338147750941e-16
25959 OSIM_X_c0[1,215,215,6,3,0] 2.0000000000000004
25960 OSIM_X_c0[1,215,215,6,4,0] 4.440892098500626e-16
25961 OSIM_X_c0[1,215,215,6,5,0] 1.0000000000000002
25962 OSIM_X_c0[1,215,215,6,6,0] 2.220446049250313e-16
25963 OSIM_X_c0[1,216,216,1,1,0] 2.220446049250313e-16
25964 OSIM_X_c0[1,216,216,1,2,0] 4.440892098500626e-16
25965 OSIM_X_c0[1,216,216,1,3,0] -1.0000000000000002
25966 OSIM_X_c0[1,216,216,1,4,0] 0
25967 OSIM_X_c0[1,216,216,1,5,0] 0
25968 OSIM_X_c0[1,216,216,1,6,0] 0
25969 OSIM_X_c0[1,216,216,2,1,0] -1.0000000000000002
25970 OSIM_X_c0[1,216,216,2,2,0] 2.220446049250313e-16
25971 OSIM_X_c0[1,216,216,2,3,0] -4.440892098500626e-16
25972 OSIM_X_c0[1,216,216,2,4,0] 0
25973 OSIM_X_c0[1,216,216,2,5,0] 0
25974 OSIM_X_c0[1,216,216,2,6,0] 0
25975 OSIM_X_c0[1,216,216,3,1,0] 4.440892098500626e-16
25976 OSIM_X_c0[1,216,216,3,2,0] 1.0000000000000002
25977 OSIM_X_c0[1,216,216,3,3,0] 2.220446049250313e-16
25978 OSIM_X_c0[1,216,216,3,4,0] 0
25979 OSIM_X_c0[1,216,216,3,5,0] 0
25980 OSIM_X_c0[1,216,216,3,6,0] 0
25981 OSIM_X_c0[1,216,216,4,1,0] 1.1102230246251567e-15
25982 OSIM_X_c0[1,216,216,4,2,0] 2.000000000000001
25983 OSIM_X_c0[1,216,216,4,3,0] 4.440892098500628e-16
25984 OSIM_X_c0[1,216,216,4,4,0] 2.220446049250313e-16
25985 OSIM_X_c0[1,216,216,4,5,0] 4.440892098500626e-16
25986 OSIM_X_c0[1,216,216,4,6,0] -1.0000000000000002
25987 OSIM_X_c0[1,216,216,5,1,0] -4.440892098500625e-16
25988 OSIM_X_c0[1,216,216,5,2,0] -1
25989 OSIM_X_c0[1,216,216,5,3,0] -4.440892098500626e-16
25990 OSIM_X_c0[1,216,216,5,4,0] -1.0000000000000002
25991 OSIM_X_c0[1,216,216,5,5,0] 2.220446049250313e-16
25992 OSIM_X_c0[1,216,216,5,6,0] -4.440892098500626e-16
25993 OSIM_X_c0[1,216,216,6,1,0] -1.0000000000000004
25994 OSIM_X_c0[1,216,216,6,2,0] -6.661338147750941e-16
25995 OSIM_X_c0[1,216,216,6,3,0] 2.0000000000000004
25996 OSIM_X_c0[1,216,216,6,4,0] 4.440892098500626e-16
25997 OSIM_X_c0[1,216,216,6,5,0] 1.0000000000000002
25998 OSIM_X_c0[1,216,216,6,6,0] 2.220446049250313e-16
29683 c[1] 0
29684 c[7] 0
29685 c[13] 0
29686 c[19] 0
29687 c[25] 1
29688 c[31] 0
29689 c[37] 0
29690 c[43] 0
29691 c[49] 0
29692 c[55] 0
29693 c[61] 0
29694 c[67] 0
29695 c[73] 0
29696 c[79] 1
29697 c[85] 0
29698 c[91] 0
29699 c[97] 0
29700 c[103] 0
29701 c[109] 0
29702 c[115] 0
29703 c[121] 0
29704 c[127] 1
29705 c[133] 0
29706 c[139] 0
29707 c[145] 0
29708 c[151] 0
29709 c[157] 0
29710 c[163] 0
29711 c[169] 0
29712 c[175] 0
29713 c[181] 0
29714 c[187] 0
29715 c[193] 0
29716 c[199] 0
29717 c[205] 0
29718 c[211] 1
